country,location_name,latitude,longitude,timezone,last_updated_epoch,last_updated,temperature_celsius,temperature_fahrenheit,condition_text,wind_mph,wind_kph,wind_degree,wind_direction,pressure_mb,pressure_in,precip_mm,precip_in,humidity,cloud,feels_like_celsius,feels_like_fahrenheit,visibility_km,visibility_miles,uv_index,gust_mph,gust_kph,air_quality_Carbon_Monoxide,air_quality_Ozone,air_quality_Nitrogen_dioxide,air_quality_Sulphur_dioxide,air_quality_PM2.5,air_quality_PM10,air_quality_us-epa-index,air_quality_gb-defra-index,sunrise,sunset,moonrise,moonset,moon_phase,moon_illumination
United States,New York,40.71,-74.01,America/New_York,1688149800,2023-07-01 00:00,23.1,73.6,Partly cloudy,5.7,9.2,87,E,1007.9,29.76,0.0,0.0,65,54,25.6,78.1,8.3,5.2,4.5,9.3,15.0,100.0,66.1,7.0,2.9,16.6,26.8,2,2,06:12 AM,07:45 PM,09:30 PM,08:15 AM,Waxing Gibbous,78
United Kingdom,London,51.51,-0.13,Europe/London,1688149800,2023-07-01 00:00,15.3,59.5,Partly cloudy,4.7,7.6,88,E,1024.7,30.26,0.0,0.0,74,71,18.4,65.1,7.9,4.9,3.6,7.6,12.2,100.0,48.3,2.5,1.9,7.5,10.4,1,1,06:12 AM,07:45 PM,09:30 PM,08:15 AM,Waxing Gibbous,78
Japan,Tokyo,35.68,139.69,Asia/Tokyo,1688149800,2023-07-01 00:00,23.2,73.8,Overcast,10.9,17.5,214,SW,1016.6,30.02,0.0,0.0,87,81,26.2,79.2,8.3,5.2,3.4,16.6,26.7,100.0,56.5,11.0,1.0,18.0,33.4,2,2,06:12 AM,07:45 PM,09:30 PM,08:15 AM,Waxing Gibbous,78
France,Paris,48.85,2.35,Europe/Paris,1688149800,2023-07-01 00:00,25.4,77.7,Partly cloudy,9.3,14.9,288,WNW,1018.6,30.08,0.0,0.0,49,53,26.7,80.1,9.7,6.0,4.9,14.7,23.7,100.0,69.8,6.7,4.4,6.4,9.1,1,1,06:12 AM,07:45 PM,09:30 PM,08:15 AM,Waxing Gibbous,78
India,New Delhi,28.61,77.21,Asia/Kolkata,1688149800,2023-07-01 00:00,33.0,91.4,Partly cloudy,10.1,16.2,358,N,1012.3,29.89,0.0,0.0,50,52,34.2,93.6,8.0,5.0,5.0,15.0,24.1,253.4,93.3,16.8,4.1,46.5,92.3,3,5,06:12 AM,07:45 PM,09:30 PM,08:15 AM,Waxing Gibbous,78
Australia,Sydney,-33.87,151.21,Australia/Sydney,1688149800,2023-07-01 00:00,18.4,65.1,Overcast,2.3,3.7,283,WNW,1018.6,30.08,0.0,0.0,85,88,22.4,72.3,7.8,4.8,3.0,4.0,6.4,138.9,55.5,11.5,3.4,27.9,46.4,2,3,06:12 AM,07:45 PM,09:30 PM,08:15 AM,Waxing Gibbous,78
Egypt,Cairo,30.04,31.24,Africa/Cairo,1688149800,2023-07-01 00:00,35.8,96.4,Patchy rain possible,10.0,16.1,171,S,1007.7,29.76,3.2,0.13,60,32,37.5,99.5,7.3,4.5,6.2,14.4,23.2,186.1,107.2,11.9,3.9,35.9,57.3,3,4,06:12 AM,07:45 PM,09:30 PM,08:15 AM,Waxing Gibbous,78
Singapore,Singapore,1.35,103.82,Asia/Singapore,1688149800,2023-07-01 00:00,30.0,86.0,Partly cloudy,14.3,23.0,217,SW,1019.6,30.11,0.0,0.0,63,55,31.3,88.3,9.9,6.2,5.1,19.2,30.9,100.0,92.9,2.0,1.0,4.7,21.4,1,1,06:12 AM,07:45 PM,09:30 PM,08:15 AM,Waxing Gibbous,78
Brazil,Rio de Janeiro,-22.91,-43.17,America/Sao_Paulo,1688149800,2023-07-01 00:00,23.9,75.0,Patchy rain possible,11.9,19.1,307,NW,1010.4,29.84,4.0,0.16,81,49,26.4,79.5,7.8,4.8,5.7,19.1,30.7,100.0,85.2,7.3,1.0,12.8,12.1,2,2,06:12 AM,07:45 PM,09:30 PM,08:15 AM,Waxing Gibbous,78
Canada,Toronto,43.65,-79.38,America/Toronto,1688149800,2023-07-01 00:00,17.9,64.2,Partly cloudy,6.9,11.1,8,N,1016.3,30.01,0.0,0.0,55,51,19.8,67.6,9.9,6.2,4.4,11.8,19.0,100.0,66.3,7.8,1.5,12.4,30.5,2,2,06:12 AM,07:45 PM,09:30 PM,08:15 AM,Waxing Gibbous,78
Germany,Berlin,52.52,13.4,Europe/Berlin,1688149800,2023-07-01 00:00,18.2,64.8,Sunny,6.5,10.5,134,SE,1007.5,29.75,0.0,0.0,51,25,19.9,67.8,10.0,6.2,6.8,10.3,16.6,174.4,68.8,19.3,5.6,39.3,68.3,3,4,06:12 AM,07:45 PM,09:30 PM,08:15 AM,Waxing Gibbous,78
United Arab Emirates,Dubai,25.2,55.27,Asia/Dubai,1688149800,2023-07-01 00:00,38.9,102.0,Overcast,6.6,10.6,191,S,1003.8,29.64,0.0,0.0,78,87,42.0,107.6,7.4,4.6,3.0,11.6,18.7,100.0,99.1,10.4,1.4,13.8,29.5,2,2,06:12 AM,07:45 PM,09:30 PM,08:15 AM,Waxing Gibbous,78
India,Mumbai,19.07,72.88,Asia/Kolkata,1688149800,2023-07-01 00:00,28.0,82.4,Partly cloudy,16.7,26.8,287,WNW,1006.4,29.72,0.0,0.0,69,71,29.3,84.7,10.0,6.2,3.3,23.2,37.3,180.1,70.3,5.7,5.5,27.8,49.0,2,3,06:12 AM,07:45 PM,09:30 PM,08:15 AM,Waxing Gibbous,78
United States,San Francisco,37.77,-122.42,America/Los_Angeles,1688149800,2023-07-01 00:00,13.8,56.8,Partly cloudy,6.9,11.1,341,NNW,1010.8,29.85,0.0,0.0,72,62,16.5,61.7,7.6,4.7,4.1,12.4,19.9,100.0,38.0,11.0,1.4,15.9,26.8,2,2,06:12 AM,07:45 PM,09:30 PM,08:15 AM,Waxing Gibbous,78
South Africa,Cape Town,-33.92,18.42,Africa/Johannesburg,1688149800,2023-07-01 00:00,18.7,65.7,Partly cloudy,8.5,13.7,123,ESE,1005.4,29.69,0.0,0.0,61,43,20.7,69.3,6.8,4.2,5.0,11.2,18.0,100.0,59.9,9.9,2.9,20.6,31.6,2,3,06:12 AM,07:45 PM,09:30 PM,08:15 AM,Waxing Gibbous,78
South Korea,Seoul,37.56,126.98,Asia/Seoul,1688149800,2023-07-01 00:00,24.8,76.6,Partly cloudy,3.9,6.3,75,ENE,1024.8,30.26,0.0,0.0,67,68,27.6,81.7,7.5,4.7,4.0,5.0,8.0,100.0,67.1,2.6,3.8,10.7,14.5,1,2,06:12 AM,07:45 PM,09:30 PM,08:15 AM,Waxing Gibbous,78
Thailand,Bangkok,13.75,100.5,Asia/Bangkok,1688149800,2023-07-01 00:00,35.6,96.1,Partly cloudy,9.0,14.5,146,SE,1020.2,30.13,0.0,0.0,53,42,37.1,98.8,9.0,5.6,5.0,11.2,18.0,276.8,100.5,24.4,4.2,53.0,82.8,3,6,06:12 AM,07:45 PM,09:30 PM,08:15 AM,Waxing Gibbous,78
Kenya,Nairobi,-1.29,36.82,Africa/Nairobi,1688149800,2023-07-01 00:00,23.8,74.8,Partly cloudy,8.6,13.8,43,NE,1012.6,29.9,0.0,0.0,84,46,26.9,80.4,7.4,4.6,4.9,12.2,19.7,101.0,65.6,12.8,1.0,14.7,19.2,2,2,06:12 AM,07:45 PM,09:30 PM,08:15 AM,Waxing Gibbous,78
Sweden,Stockholm,59.33,18.06,Europe/Stockholm,1688149800,2023-07-01 00:00,11.3,52.3,Partly cloudy,5.9,9.5,216,SW,1009.5,29.81,0.0,0.0,68,69,13.9,57.0,9.5,5.9,4.1,9.9,16.0,100.0,48.6,2.0,2.5,9.5,15.0,1,1,06:12 AM,07:45 PM,09:30 PM,08:15 AM,Waxing Gibbous,78
Argentina,Buenos Aires,-34.6,-58.38,America/Argentina/Buenos_Aires,1688149800,2023-07-01 00:00,18.6,65.5,Partly cloudy,13.5,21.7,186,S,1013.4,29.93,0.0,0.0,86,70,21.2,70.2,8.7,5.4,3.7,21.7,34.9,100.0,66.4,2.0,1.1,4.0,8.0,1,1,06:12 AM,07:45 PM,09:30 PM,08:15 AM,Waxing Gibbous,78
United States,New York,40.71,-74.01,America/New_York,1688236200,2023-07-02 00:00,22.9,73.2,Overcast,8.8,14.2,229,SW,1014.7,29.96,0.0,0.0,84,88,26.0,78.8,7.8,4.8,2.5,11.1,17.8,100.0,56.0,12.5,1.0,15.6,36.5,2,2,06:12 AM,07:45 PM,09:30 PM,08:15 AM,Waxing Gibbous,78
United Kingdom,London,51.51,-0.13,Europe/London,1688236200,2023-07-02 00:00,20.6,69.1,Patchy rain possible,13.0,20.9,347,NNW,1006.9,29.73,2.8,0.11,60,38,21.9,71.4,7.9,4.9,5.9,17.8,28.7,100.0,74.7,5.9,1.5,9.0,19.0,1,1,06:12 AM,07:45 PM,09:30 PM,08:15 AM,Waxing Gibbous,78
Japan,Tokyo,35.68,139.69,Asia/Tokyo,1688236200,2023-07-02 00:00,31.1,88.0,Partly cloudy,17.1,27.5,11,N,1008.0,29.77,0.0,0.0,61,72,32.0,89.6,8.5,5.3,3.2,27.2,43.7,100.0,75.7,2.0,1.0,5.8,8.0,1,1,06:12 AM,07:45 PM,09:30 PM,08:15 AM,Waxing Gibbous,78
France,Paris,48.85,2.35,Europe/Paris,1688236200,2023-07-02 00:00,16.5,61.7,Partly cloudy,4.3,7.0,81,E,1010.8,29.85,0.0,0.0,72,40,19.5,67.1,10.0,6.2,4.7,7.6,12.3,100.0,53.6,4.1,1.0,6.0,11.5,1,1,06:12 AM,07:45 PM,09:30 PM,08:15 AM,Waxing Gibbous,78
India,New Delhi,28.61,77.21,Asia/Kolkata,1688236200,2023-07-02 00:00,35.1,95.2,Partly cloudy,7.1,11.4,310,NW,1014.8,29.97,0.0,0.0,55,39,36.9,98.4,9.2,5.7,6.4,12.5,20.1,299.0,97.2,24.2,8.5,55.1,83.7,4,6,06:12 AM,07:45 PM,09:30 PM,08:15 AM,Waxing Gibbous,78
Australia,Sydney,-33.87,151.21,Australia/Sydney,1688236200,2023-07-02 00:00,19.0,66.2,Overcast,8.1,13.0,117,ESE,1008.8,29.79,0.0,0.0,78,93,21.9,71.4,7.9,4.9,2.9,13.7,22.0,100.0,49.7,10.2,5.0,17.4,41.3,2,2,06:12 AM,07:45 PM,09:30 PM,08:15 AM,Waxing Gibbous,78
Egypt,Cairo,30.04,31.24,Africa/Cairo,1688236200,2023-07-02 00:00,33.6,92.5,Partly cloudy,7.1,11.4,248,WSW,1022.3,30.19,0.0,0.0,68,48,36.1,97.0,8.7,5.4,5.9,12.2,19.6,232.2,95.7,12.1,6.2,41.6,66.4,3,5,06:12 AM,07:45 PM,09:30 PM,08:15 AM,Waxing Gibbous,78
Singapore,Singapore,1.35,103.82,Asia/Singapore,1688236200,2023-07-02 00:00,29.9,85.8,Partly cloudy,3.1,5.0,194,SSW,1016.2,30.01,0.0,0.0,54,58,32.2,90.0,9.0,5.6,5.1,5.5,8.9,100.0,91.0,2.0,1.0,5.6,14.0,1,1,06:12 AM,07:45 PM,09:30 PM,08:15 AM,Waxing Gibbous,78
Brazil,Rio de Janeiro,-22.91,-43.17,America/Sao_Paulo,1688236200,2023-07-02 00:00,28.6,83.5,Partly cloudy,3.9,6.2,281,W,1016.3,30.01,0.0,0.0,84,69,32.3,90.1,9.5,5.9,4.3,6.3,10.2,100.0,78.0,2.0,1.0,11.2,12.6,1,2,06:12 AM,07:45 PM,09:30 PM,08:15 AM,Waxing Gibbous,78
Canada,Toronto,43.65,-79.38,America/Toronto,1688236200,2023-07-02 00:00,22.2,72.0,Partly cloudy,28.6,46.1,293,WNW,1020.0,30.12,0.0,0.0,70,48,22.0,71.6,7.0,4.3,5.2,39.0,62.8,100.0,66.7,2.0,1.0,5.7,8.6,1,1,06:12 AM,07:45 PM,09:30 PM,08:15 AM,Waxing Gibbous,78
Germany,Berlin,52.52,13.4,Europe/Berlin,1688236200,2023-07-02 00:00,19.1,66.4,Partly cloudy,6.6,10.6,33,NNE,1025.8,30.29,0.0,0.0,77,56,22.1,71.8,9.9,6.2,3.6,9.3,14.9,138.5,56.3,4.0,4.5,23.4,39.7,2,3,06:12 AM,07:45 PM,09:30 PM,08:15 AM,Waxing Gibbous,78
United Arab Emirates,Dubai,25.2,55.27,Asia/Dubai,1688236200,2023-07-02 00:00,43.2,109.8,Partly cloudy,4.5,7.2,310,NW,1008.1,29.77,0.0,0.0,49,34,45.1,113.2,9.8,6.1,6.0,5.4,8.7,100.0,120.6,8.3,5.9,15.8,29.8,2,2,06:12 AM,07:45 PM,09:30 PM,08:15 AM,Waxing Gibbous,78
India,Mumbai,19.07,72.88,Asia/Kolkata,1688236200,2023-07-02 00:00,32.8,91.0,Partly cloudy,9.6,15.4,139,SE,1014.8,29.97,0.0,0.0,62,42,34.7,94.5,7.9,4.9,5.8,12.4,19.9,149.8,94.2,14.1,4.0,35.0,83.8,3,4,06:12 AM,07:45 PM,09:30 PM,08:15 AM,Waxing Gibbous,78
United States,San Francisco,37.77,-122.42,America/Los_Angeles,1688236200,2023-07-02 00:00,18.7,65.7,Overcast,1.7,2.8,317,NW,1007.1,29.74,0.0,0.0,71,85,22.0,71.6,8.0,5.0,3.7,3.0,4.9,128.6,58.4,13.2,4.7,22.5,34.1,2,3,06:12 AM,07:45 PM,09:30 PM,08:15 AM,Waxing Gibbous,78
South Africa,Cape Town,-33.92,18.42,Africa/Johannesburg,1688236200,2023-07-02 00:00,14.9,58.8,Partly cloudy,9.4,15.2,295,WNW,1023.9,30.24,0.0,0.0,77,65,17.5,63.5,8.1,5.0,4.2,14.4,23.2,100.0,44.1,2.5,1.5,19.9,51.8,2,2,06:12 AM,07:45 PM,09:30 PM,08:15 AM,Waxing Gibbous,78
South Korea,Seoul,37.56,126.98,Asia/Seoul,1688236200,2023-07-02 00:00,23.3,73.9,Partly cloudy,11.1,17.8,110,ESE,1019.8,30.11,0.0,0.0,46,62,24.2,75.6,9.7,6.0,5.4,19.2,30.9,100.0,69.1,10.0,2.1,8.8,18.1,1,1,06:12 AM,07:45 PM,09:30 PM,08:15 AM,Waxing Gibbous,78
Thailand,Bangkok,13.75,100.5,Asia/Bangkok,1688236200,2023-07-02 00:00,30.3,86.5,Moderate rain,8.4,13.5,260,W,993.6,29.34,8.4,0.33,80,67,33.2,91.8,5.5,3.4,4.6,13.7,22.0,352.4,83.8,31.2,9.1,66.4,118.1,4,7,06:12 AM,07:45 PM,09:30 PM,08:15 AM,Waxing Gibbous,78
Kenya,Nairobi,-1.29,36.82,Africa/Nairobi,1688236200,2023-07-02 00:00,17.7,63.9,Patchy rain possible,15.8,25.4,355,N,1007.4,29.75,0.5,0.02,85,79,19.9,67.8,7.5,4.7,3.9,19.6,31.5,100.0,52.6,2.0,3.1,7.7,8.0,1,1,06:12 AM,07:45 PM,09:30 PM,08:15 AM,Waxing Gibbous,78
Sweden,Stockholm,59.33,18.06,Europe/Stockholm,1688236200,2023-07-02 00:00,11.8,53.2,Partly cloudy,9.7,15.6,153,SSE,1007.2,29.74,0.0,0.0,68,49,14.0,57.2,7.0,4.3,5.5,13.7,22.0,100.0,42.0,5.2,1.0,13.9,34.9,2,2,06:12 AM,07:45 PM,09:30 PM,08:15 AM,Waxing Gibbous,78
Argentina,Buenos Aires,-34.6,-58.38,America/Argentina/Buenos_Aires,1688236200,2023-07-02 00:00,18.6,65.5,Partly cloudy,12.1,19.4,155,SSE,1002.2,29.59,0.0,0.0,44,38,19.2,66.6,9.2,5.7,5.0,21.5,34.6,160.3,67.2,11.4,2.7,30.4,32.3,2,4,06:12 AM,07:45 PM,09:30 PM,08:15 AM,Waxing Gibbous,78
United States,New York,40.71,-74.01,America/New_York,1688322600,2023-07-03 00:00,20.4,68.7,Partly cloudy,1.2,2.0,285,WNW,1015.1,29.98,0.0,0.0,57,44,23.1,73.6,10.0,6.2,5.9,1.9,3.0,104.8,77.3,4.2,1.0,9.4,8.0,1,1,06:12 AM,07:45 PM,09:30 PM,08:15 AM,Waxing Gibbous,78
United Kingdom,London,51.51,-0.13,Europe/London,1688322600,2023-07-03 00:00,15.6,60.1,Partly cloudy,14.2,22.8,287,WNW,1014.0,29.94,0.0,0.0,65,72,17.0,62.6,9.6,6.0,4.3,17.2,27.7,100.0,51.5,4.5,1.0,5.5,8.0,1,1,06:12 AM,07:45 PM,09:30 PM,08:15 AM,Waxing Gibbous,78
Japan,Tokyo,35.68,139.69,Asia/Tokyo,1688322600,2023-07-03 00:00,25.5,77.9,Partly cloudy,7.7,12.4,164,SSE,1011.6,29.87,0.0,0.0,68,64,27.9,82.2,7.6,4.7,3.9,12.2,19.6,100.0,77.9,9.3,2.3,12.2,26.4,2,2,06:12 AM,07:45 PM,09:30 PM,08:15 AM,Waxing Gibbous,78
France,Paris,48.85,2.35,Europe/Paris,1688322600,2023-07-03 00:00,21.9,71.4,Moderate rain,17.6,28.4,52,NE,1005.2,29.68,8.0,0.31,60,70,22.6,72.7,6.6,4.1,3.8,29.3,47.1,100.0,69.8,16.4,3.9,17.3,27.4,2,2,06:12 AM,07:45 PM,09:30 PM,08:15 AM,Waxing Gibbous,78
India,New Delhi,28.61,77.21,Asia/Kolkata,1688322600,2023-07-03 00:00,30.8,87.4,Partly cloudy,7.0,11.3,74,ENE,1014.0,29.94,0.0,0.0,68,41,33.3,91.9,10.0,6.2,5.5,8.7,14.0,279.2,86.6,29.9,8.7,63.6,101.1,4,7,06:12 AM,07:45 PM,09:30 PM,08:15 AM,Waxing Gibbous,78
Australia,Sydney,-33.87,151.21,Australia/Sydney,1688322600,2023-07-03 00:00,16.4,61.5,Partly cloudy,25.4,40.8,189,S,1012.0,29.88,0.0,0.0,64,70,16.3,61.3,8.1,5.0,3.8,32.9,53.0,100.0,54.4,2.0,1.0,4.4,9.0,1,1,06:12 AM,07:45 PM,09:30 PM,08:15 AM,Waxing Gibbous,78
Egypt,Cairo,30.04,31.24,Africa/Cairo,1688322600,2023-07-03 00:00,36.2,97.2,Overcast,5.5,8.8,68,ENE,1002.7,29.61,0.0,0.0,53,78,38.1,100.6,8.8,5.5,2.7,9.3,15.0,273.3,77.6,24.1,6.4,56.6,94.3,4,6,06:12 AM,07:45 PM,09:30 PM,08:15 AM,Waxing Gibbous,78
Singapore,Singapore,1.35,103.82,Asia/Singapore,1688322600,2023-07-03 00:00,25.2,77.4,Patchy rain possible,16.5,26.5,16,NNE,1009.5,29.81,0.4,0.02,70,97,26.6,79.9,8.4,5.2,2.5,21.6,34.7,113.1,67.3,13.5,4.9,18.6,31.0,2,2,06:12 AM,07:45 PM,09:30 PM,08:15 AM,Waxing Gibbous,78
Brazil,Rio de Janeiro,-22.91,-43.17,America/Sao_Paulo,1688322600,2023-07-03 00:00,23.9,75.0,Heavy rain,12.5,20.1,85,E,996.9,29.44,19.8,0.78,79,77,26.2,79.2,3.5,2.2,3.4,21.4,34.5,108.2,58.5,9.8,1.0,17.4,23.2,2,2,06:12 AM,07:45 PM,09:30 PM,08:15 AM,Waxing Gibbous,78
Canada,Toronto,43.65,-79.38,America/Toronto,1688322600,2023-07-03 00:00,22.1,71.8,Partly cloudy,4.3,7.0,15,NNE,1019.5,30.11,0.0,0.0,60,47,24.5,76.1,9.8,6.1,5.1,6.3,10.2,105.9,68.5,8.0,1.6,17.9,28.4,2,2,06:12 AM,07:45 PM,09:30 PM,08:15 AM,Waxing Gibbous,78
Germany,Berlin,52.52,13.4,Europe/Berlin,1688322600,2023-07-03 00:00,15.2,59.4,Patchy rain possible,12.3,19.8,141,SE,1017.1,30.03,1.8,0.07,83,100,17.8,64.0,7.3,4.5,2.3,16.8,27.1,112.3,39.0,14.5,4.3,25.0,37.5,2,3,06:12 AM,07:45 PM,09:30 PM,08:15 AM,Waxing Gibbous,78
United Arab Emirates,Dubai,25.2,55.27,Asia/Dubai,1688322600,2023-07-03 00:00,37.3,99.1,Partly cloudy,6.2,10.0,348,NNW,1013.6,29.93,0.0,0.0,77,72,40.4,104.7,9.6,6.0,4.5,9.4,15.1,100.0,95.8,2.0,3.9,9.9,10.5,1,1,06:12 AM,07:45 PM,09:30 PM,08:15 AM,Waxing Gibbous,78
India,Mumbai,19.07,72.88,Asia/Kolkata,1688322600,2023-07-03 00:00,33.2,91.8,Partly cloudy,9.6,15.4,88,E,1022.5,30.19,0.0,0.0,56,42,34.8,94.6,10.0,6.2,5.2,16.6,26.7,256.7,88.9,20.8,3.3,45.2,77.8,3,5,06:12 AM,07:45 PM,09:30 PM,08:15 AM,Waxing Gibbous,78
United States,San Francisco,37.77,-122.42,America/Los_Angeles,1688322600,2023-07-03 00:00,14.4,57.9,Patchy rain possible,9.7,15.6,39,NE,1014.0,29.94,1.1,0.04,76,95,17.0,62.6,8.2,5.1,2.8,16.9,27.2,168.7,43.5,13.3,7.7,28.2,53.3,2,3,06:12 AM,07:45 PM,09:30 PM,08:15 AM,Waxing Gibbous,78
South Africa,Cape Town,-33.92,18.42,Africa/Johannesburg,1688322600,2023-07-03 00:00,15.0,59.0,Patchy rain possible,9.4,15.1,132,SE,1010.1,29.83,1.8,0.07,77,74,17.6,63.7,7.1,4.4,3.2,15.8,25.5,116.0,46.9,8.0,1.0,17.4,28.1,2,2,06:12 AM,07:45 PM,09:30 PM,08:15 AM,Waxing Gibbous,78
South Korea,Seoul,37.56,126.98,Asia/Seoul,1688322600,2023-07-03 00:00,24.9,76.8,Moderate rain,14.0,22.6,59,ENE,1010.3,29.83,6.4,0.25,80,75,27.1,80.8,7.0,4.3,3.1,23.5,37.8,100.0,71.1,4.1,2.2,15.4,18.4,2,2,06:12 AM,07:45 PM,09:30 PM,08:15 AM,Waxing Gibbous,78
Thailand,Bangkok,13.75,100.5,Asia/Bangkok,1688322600,2023-07-03 00:00,35.5,95.9,Partly cloudy,5.0,8.0,25,NNE,1012.6,29.9,0.0,0.0,51,62,37.4,99.3,7.8,4.8,4.3,8.5,13.6,331.7,90.3,32.5,10.7,65.7,113.5,4,7,06:12 AM,07:45 PM,09:30 PM,08:15 AM,Waxing Gibbous,78
Kenya,Nairobi,-1.29,36.82,Africa/Nairobi,1688322600,2023-07-03 00:00,21.4,70.5,Partly cloudy,11.2,18.1,280,W,1018.4,30.07,0.0,0.0,50,36,22.5,72.5,9.5,5.9,6.7,16.7,26.8,100.0,69.2,2.0,1.0,4.0,8.0,1,1,06:12 AM,07:45 PM,09:30 PM,08:15 AM,Waxing Gibbous,78
Sweden,Stockholm,59.33,18.06,Europe/Stockholm,1688322600,2023-07-03 00:00,12.8,55.0,Partly cloudy,2.5,4.1,272,W,1004.7,29.67,0.0,0.0,82,71,16.6,61.9,9.0,5.6,3.0,3.3,5.3,123.5,33.1,16.5,6.8,19.3,17.6,2,2,06:12 AM,07:45 PM,09:30 PM,08:15 AM,Waxing Gibbous,78
Argentina,Buenos Aires,-34.6,-58.38,America/Argentina/Buenos_Aires,1688322600,2023-07-03 00:00,17.9,64.2,Overcast,7.7,12.4,40,NE,1016.1,30.01,0.0,0.0,84,86,21.1,70.0,8.3,5.2,2.3,12.1,19.5,100.0,48.1,7.2,2.6,18.5,47.4,2,2,06:12 AM,07:45 PM,09:30 PM,08:15 AM,Waxing Gibbous,78
United States,New York,40.71,-74.01,America/New_York,1688409000,2023-07-04 00:00,22.0,71.6,Partly cloudy,9.5,15.3,304,NW,1014.5,29.96,0.0,0.0,62,70,23.9,75.0,9.6,6.0,4.5,13.1,21.1,144.3,64.8,21.2,5.1,25.6,53.6,2,3,06:12 AM,07:45 PM,09:30 PM,08:15 AM,Waxing Gibbous,78
United Kingdom,London,51.51,-0.13,Europe/London,1688409000,2023-07-04 00:00,21.7,71.1,Partly cloudy,5.8,9.3,11,N,1006.0,29.71,0.0,0.0,57,73,23.8,74.8,8.2,5.1,3.4,9.9,16.0,100.0,66.5,15.0,1.0,7.0,8.0,1,1,06:12 AM,07:45 PM,09:30 PM,08:15 AM,Waxing Gibbous,78
Japan,Tokyo,35.68,139.69,Asia/Tokyo,1688409000,2023-07-04 00:00,24.3,75.7,Partly cloudy,9.2,14.8,92,E,1005.2,29.68,0.0,0.0,81,55,27.2,81.0,8.0,5.0,4.5,16.3,26.3,100.0,78.2,10.4,2.5,16.4,37.6,2,2,06:12 AM,07:45 PM,09:30 PM,08:15 AM,Waxing Gibbous,78
France,Paris,48.85,2.35,Europe/Paris,1688409000,2023-07-04 00:00,23.8,74.8,Patchy rain possible,19.8,31.9,294,WNW,1021.9,30.18,2.3,0.09,86,83,25.5,77.9,8.2,5.1,2.2,34.6,55.7,100.0,63.8,7.3,1.0,12.7,8.0,2,2,06:12 AM,07:45 PM,09:30 PM,08:15 AM,Waxing Gibbous,78
India,New Delhi,28.61,77.21,Asia/Kolkata,1688409000,2023-07-04 00:00,33.0,91.4,Partly cloudy,11.9,19.2,83,E,1006.3,29.72,0.0,0.0,64,55,34.7,94.5,9.0,5.6,4.9,16.2,26.0,249.4,89.0,21.0,6.4,43.5,56.7,3,5,06:12 AM,07:45 PM,09:30 PM,08:15 AM,Waxing Gibbous,78
Australia,Sydney,-33.87,151.21,Australia/Sydney,1688409000,2023-07-04 00:00,18.8,65.8,Partly cloudy,2.1,3.4,0,N,1010.7,29.85,0.0,0.0,47,46,20.9,69.6,8.3,5.2,4.6,3.0,4.9,100.0,61.1,2.0,4.2,4.0,18.5,1,1,06:12 AM,07:45 PM,09:30 PM,08:15 AM,Waxing Gibbous,78
Egypt,Cairo,30.04,31.24,Africa/Cairo,1688409000,2023-07-04 00:00,33.7,92.7,Heavy rain,9.9,16.0,0,N,1002.8,29.61,19.4,0.76,79,66,36.4,97.5,1.6,1.0,3.9,15.0,24.1,273.7,93.3,11.5,11.9,51.3,91.2,3,6,06:12 AM,07:45 PM,09:30 PM,08:15 AM,Waxing Gibbous,78
Singapore,Singapore,1.35,103.82,Asia/Singapore,1688409000,2023-07-04 00:00,28.8,83.8,Partly cloudy,4.4,7.1,85,E,1024.7,30.26,0.0,0.0,61,64,31.3,88.3,9.6,6.0,3.6,7.9,12.7,100.0,74.1,8.2,3.3,15.0,23.7,2,2,06:12 AM,07:45 PM,09:30 PM,08:15 AM,Waxing Gibbous,78
Brazil,Rio de Janeiro,-22.91,-43.17,America/Sao_Paulo,1688409000,2023-07-04 00:00,25.2,77.4,Partly cloudy,17.1,27.5,191,S,1019.3,30.1,0.0,0.0,66,71,26.3,79.3,8.4,5.2,3.9,28.1,45.2,129.5,76.4,4.6,4.4,21.2,31.5,2,3,06:12 AM,07:45 PM,09:30 PM,08:15 AM,Waxing Gibbous,78
Canada,Toronto,43.65,-79.38,America/Toronto,1688409000,2023-07-04 00:00,21.0,69.8,Patchy rain possible,7.6,12.3,315,NW,1001.6,29.58,3.5,0.14,77,65,23.9,75.0,9.6,6.0,4.7,11.7,18.8,100.0,66.8,10.4,3.2,11.9,18.7,1,2,06:12 AM,07:45 PM,09:30 PM,08:15 AM,Waxing Gibbous,78
Germany,Berlin,52.52,13.4,Europe/Berlin,1688409000,2023-07-04 00:00,25.8,78.4,Sunny,7.3,11.8,42,NE,1017.3,30.04,0.0,0.0,52,22,27.5,81.5,9.5,5.9,6.6,12.9,20.7,100.0,75.4,7.5,1.0,17.6,20.6,2,2,06:12 AM,07:45 PM,09:30 PM,08:15 AM,Waxing Gibbous,78
United Arab Emirates,Dubai,25.2,55.27,Asia/Dubai,1688409000,2023-07-04 00:00,34.8,94.6,Partly cloudy,3.4,5.4,344,NNW,1018.9,30.09,0.0,0.0,56,56,37.2,99.0,7.8,4.8,4.7,5.8,9.3,100.0,90.9,2.2,1.5,12.1,24.5,2,2,06:12 AM,07:45 PM,09:30 PM,08:15 AM,Waxing Gibbous,78
India,Mumbai,19.07,72.88,Asia/Kolkata,1688409000,2023-07-04 00:00,29.1,84.4,Overcast,25.6,41.2,25,NNE,1016.2,30.01,0.0,0.0,83,78,30.0,86.0,7.0,4.3,3.9,44.6,71.7,108.9,75.1,14.2,3.0,23.6,25.3,2,3,06:12 AM,07:45 PM,09:30 PM,08:15 AM,Waxing Gibbous,78
United States,San Francisco,37.77,-122.42,America/Los_Angeles,1688409000,2023-07-04 00:00,20.0,68.0,Partly cloudy,2.9,4.6,225,SW,1015.1,29.98,0.0,0.0,64,45,22.8,73.0,10.0,6.2,4.4,3.7,6.0,100.0,55.9,6.6,1.0,8.1,8.0,1,1,06:12 AM,07:45 PM,09:30 PM,08:15 AM,Waxing Gibbous,78
South Africa,Cape Town,-33.92,18.42,Africa/Johannesburg,1688409000,2023-07-04 00:00,17.2,63.0,Partly cloudy,5.1,8.2,279,W,1016.7,30.02,0.0,0.0,51,71,19.1,66.4,10.0,6.2,3.6,6.4,10.3,100.0,49.4,5.5,1.0,13.9,11.2,2,2,06:12 AM,07:45 PM,09:30 PM,08:15 AM,Waxing Gibbous,78
South Korea,Seoul,37.56,126.98,Asia/Seoul,1688409000,2023-07-04 00:00,23.5,74.3,Partly cloudy,8.7,14.0,258,WSW,1026.0,30.3,0.0,0.0,71,40,25.9,78.6,7.1,4.4,4.9,15.7,25.2,100.0,72.2,2.2,1.4,4.0,8.0,1,1,06:12 AM,07:45 PM,09:30 PM,08:15 AM,Waxing Gibbous,78
Thailand,Bangkok,13.75,100.5,Asia/Bangkok,1688409000,2023-07-04 00:00,29.7,85.5,Partly cloudy,4.8,7.7,114,ESE,1013.7,29.93,0.0,0.0,78,35,33.0,91.4,9.2,5.7,5.9,7.5,12.1,339.6,89.6,29.3,11.4,66.5,108.3,4,7,06:12 AM,07:45 PM,09:30 PM,08:15 AM,Waxing Gibbous,78
Kenya,Nairobi,-1.29,36.82,Africa/Nairobi,1688409000,2023-07-04 00:00,22.9,73.2,Partly cloudy,1.6,2.6,153,SSE,1016.3,30.01,0.0,0.0,54,35,25.4,77.7,9.3,5.8,7.1,2.9,4.6,100.0,82.4,6.9,5.2,19.2,30.7,2,2,06:12 AM,07:45 PM,09:30 PM,08:15 AM,Waxing Gibbous,78
Sweden,Stockholm,59.33,18.06,Europe/Stockholm,1688409000,2023-07-04 00:00,15.6,60.1,Patchy rain possible,8.6,13.8,275,W,1016.4,30.01,2.3,0.09,71,71,18.0,64.4,8.0,5.0,3.4,11.9,19.2,187.5,49.5,15.2,6.3,34.9,45.6,2,4,06:12 AM,07:45 PM,09:30 PM,08:15 AM,Waxing Gibbous,78
Argentina,Buenos Aires,-34.6,-58.38,America/Argentina/Buenos_Aires,1688409000,2023-07-04 00:00,20.9,69.6,Patchy rain possible,10.1,16.2,30,NNE,1014.9,29.97,0.4,0.02,74,15,23.3,73.9,5.5,3.4,7.2,12.7,20.5,100.0,82.4,2.0,3.6,4.0,12.4,1,1,06:12 AM,07:45 PM,09:30 PM,08:15 AM,Waxing Gibbous,78
United States,New York,40.71,-74.01,America/New_York,1688495400,2023-07-05 00:00,22.9,73.2,Partly cloudy,5.5,8.8,251,WSW,1022.4,30.19,0.0,0.0,64,48,25.4,77.7,10.0,6.2,4.8,7.3,11.7,100.0,72.0,7.2,1.0,9.4,19.9,1,1,06:12 AM,07:45 PM,09:30 PM,08:15 AM,Waxing Gibbous,78
United Kingdom,London,51.51,-0.13,Europe/London,1688495400,2023-07-05 00:00,20.3,68.5,Sunny,5.1,8.2,182,S,1006.3,29.72,0.0,0.0,65,25,22.9,73.2,8.1,5.0,5.2,6.2,9.9,118.7,60.4,6.1,3.3,22.4,27.9,2,3,06:12 AM,07:45 PM,09:30 PM,08:15 AM,Waxing Gibbous,78
Japan,Tokyo,35.68,139.69,Asia/Tokyo,1688495400,2023-07-05 00:00,22.2,72.0,Patchy rain possible,8.6,13.9,231,SW,1014.4,29.96,3.0,0.12,98,81,26.0,78.8,8.3,5.2,3.0,15.3,24.7,117.7,61.7,9.2,4.9,22.0,39.9,2,3,06:12 AM,07:45 PM,09:30 PM,08:15 AM,Waxing Gibbous,78
France,Paris,48.85,2.35,Europe/Paris,1688495400,2023-07-05 00:00,18.9,66.0,Partly cloudy,8.2,13.2,172,S,1011.7,29.88,0.0,0.0,48,41,20.2,68.4,9.5,5.9,5.2,12.4,19.9,100.0,60.8,2.3,4.4,12.2,20.4,2,2,06:12 AM,07:45 PM,09:30 PM,08:15 AM,Waxing Gibbous,78
India,New Delhi,28.61,77.21,Asia/Kolkata,1688495400,2023-07-05 00:00,30.3,86.5,Partly cloudy,5.0,8.1,349,N,1008.5,29.78,0.0,0.0,60,47,32.7,90.9,8.7,5.4,5.7,8.4,13.5,276.2,94.1,25.2,6.9,56.5,81.8,4,6,06:12 AM,07:45 PM,09:30 PM,08:15 AM,Waxing Gibbous,78
Australia,Sydney,-33.87,151.21,Australia/Sydney,1688495400,2023-07-05 00:00,16.8,62.2,Partly cloudy,21.6,34.8,9,N,1015.8,30.0,0.0,0.0,72,49,17.6,63.7,9.1,5.7,5.0,28.8,46.4,100.0,52.3,2.0,1.0,4.0,8.0,1,1,06:12 AM,07:45 PM,09:30 PM,08:15 AM,Waxing Gibbous,78
Egypt,Cairo,30.04,31.24,Africa/Cairo,1688495400,2023-07-05 00:00,34.2,93.6,Partly cloudy,7.8,12.6,148,SSE,1005.5,29.69,0.0,0.0,75,64,36.9,98.4,8.7,5.4,4.1,12.9,20.8,217.3,87.6,23.0,6.1,48.4,80.4,3,5,06:12 AM,07:45 PM,09:30 PM,08:15 AM,Waxing Gibbous,78
Singapore,Singapore,1.35,103.82,Asia/Singapore,1688495400,2023-07-05 00:00,29.7,85.5,Partly cloudy,14.6,23.5,2,N,1010.3,29.83,0.0,0.0,56,49,30.6,87.1,9.4,5.8,4.2,23.5,37.9,100.0,83.7,5.1,2.0,13.6,30.8,2,2,06:12 AM,07:45 PM,09:30 PM,08:15 AM,Waxing Gibbous,78
Brazil,Rio de Janeiro,-22.91,-43.17,America/Sao_Paulo,1688495400,2023-07-05 00:00,26.5,79.7,Partly cloudy,5.0,8.1,9,N,1017.8,30.06,0.0,0.0,56,69,28.7,83.7,9.5,5.9,4.6,7.1,11.5,172.6,77.5,11.3,5.1,23.1,53.3,2,3,06:12 AM,07:45 PM,09:30 PM,08:15 AM,Waxing Gibbous,78
Canada,Toronto,43.65,-79.38,America/Toronto,1688495400,2023-07-05 00:00,21.4,70.5,Partly cloudy,3.2,5.1,131,SE,1013.3,29.92,0.0,0.0,70,70,24.5,76.1,9.2,5.7,4.0,4.9,7.9,100.0,69.3,2.0,5.9,5.1,8.0,1,1,06:12 AM,07:45 PM,09:30 PM,08:15 AM,Waxing Gibbous,78
Germany,Berlin,52.52,13.4,Europe/Berlin,1688495400,2023-07-05 00:00,17.8,64.0,Overcast,12.9,20.7,81,E,1011.4,29.87,0.0,0.0,73,96,19.8,67.6,8.6,5.3,2.8,16.6,26.7,100.0,50.4,7.0,1.0,4.0,17.1,1,1,06:12 AM,07:45 PM,09:30 PM,08:15 AM,Waxing Gibbous,78
United Arab Emirates,Dubai,25.2,55.27,Asia/Dubai,1688495400,2023-07-05 00:00,36.7,98.1,Moderate rain,15.3,24.6,160,SSE,1014.9,29.97,7.3,0.29,64,37,37.9,100.2,8.4,5.2,5.2,25.5,41.1,100.0,105.9,11.5,4.4,8.8,8.0,1,1,06:12 AM,07:45 PM,09:30 PM,08:15 AM,Waxing Gibbous,78
India,Mumbai,19.07,72.88,Asia/Kolkata,1688495400,2023-07-05 00:00,29.1,84.4,Patchy rain possible,15.2,24.5,50,NE,1019.4,30.1,0.1,0.0,61,46,30.2,86.4,8.6,5.3,5.1,25.6,41.2,159.4,83.9,25.9,9.6,41.7,55.0,3,5,06:12 AM,07:45 PM,09:30 PM,08:15 AM,Waxing Gibbous,78
United States,San Francisco,37.77,-122.42,America/Los_Angeles,1688495400,2023-07-05 00:00,16.3,61.3,Moderate rain,13.1,21.1,105,ESE,1010.8,29.85,6.3,0.25,75,51,18.4,65.1,5.6,3.5,4.5,17.6,28.4,100.0,50.5,10.4,1.0,9.9,19.5,1,1,06:12 AM,07:45 PM,09:30 PM,08:15 AM,Waxing Gibbous,78
South Africa,Cape Town,-33.92,18.42,Africa/Johannesburg,1688495400,2023-07-05 00:00,15.6,60.1,Moderate rain,8.0,12.9,6,N,1007.0,29.74,10.7,0.42,63,58,17.7,63.9,5.3,3.3,4.7,10.3,16.5,162.1,56.3,14.6,3.9,27.6,41.6,2,3,06:12 AM,07:45 PM,09:30 PM,08:15 AM,Waxing Gibbous,78
South Korea,Seoul,37.56,126.98,Asia/Seoul,1688495400,2023-07-05 00:00,28.7,83.7,Partly cloudy,2.7,4.3,160,SSE,1006.8,29.73,0.0,0.0,60,43,31.4,88.5,8.4,5.2,5.1,3.6,5.8,100.0,83.5,10.0,4.1,18.3,40.8,2,2,06:12 AM,07:45 PM,09:30 PM,08:15 AM,Waxing Gibbous,78
Thailand,Bangkok,13.75,100.5,Asia/Bangkok,1688495400,2023-07-05 00:00,31.6,88.9,Patchy rain possible,11.4,18.3,111,ESE,1010.6,29.84,2.8,0.11,64,38,33.3,91.9,7.7,4.8,5.7,18.8,30.2,267.5,90.5,21.1,3.8,54.1,96.0,3,6,06:12 AM,07:45 PM,09:30 PM,08:15 AM,Waxing Gibbous,78
Kenya,Nairobi,-1.29,36.82,Africa/Nairobi,1688495400,2023-07-05 00:00,20.6,69.1,Overcast,3.4,5.5,167,SSE,1016.0,30.0,0.0,0.0,86,81,24.5,76.1,9.2,5.7,3.1,5.2,8.4,100.0,59.7,9.1,1.0,8.6,13.7,1,1,06:12 AM,07:45 PM,09:30 PM,08:15 AM,Waxing Gibbous,78
Sweden,Stockholm,59.33,18.06,Europe/Stockholm,1688495400,2023-07-05 00:00,10.5,50.9,Overcast,9.1,14.6,237,WSW,1005.9,29.7,0.0,0.0,80,89,13.3,55.9,8.5,5.3,3.2,12.6,20.3,100.0,31.7,10.2,7.0,18.9,26.9,2,2,06:12 AM,07:45 PM,09:30 PM,08:15 AM,Waxing Gibbous,78
Argentina,Buenos Aires,-34.6,-58.38,America/Argentina/Buenos_Aires,1688495400,2023-07-05 00:00,16.2,61.2,Partly cloudy,6.3,10.2,20,NNE,1016.0,30.0,0.0,0.0,78,73,19.3,66.7,7.5,4.7,4.2,11.4,18.3,100.0,55.7,9.3,2.6,18.1,21.2,2,2,06:12 AM,07:45 PM,09:30 PM,08:15 AM,Waxing Gibbous,78
United States,New York,40.71,-74.01,America/New_York,1688581800,2023-07-06 00:00,19.9,67.8,Moderate rain,17.0,27.4,130,SE,1010.5,29.84,6.4,0.25,65,38,21.0,69.8,7.8,4.8,5.5,21.3,34.3,100.0,67.8,5.0,2.0,7.4,8.0,1,1,06:12 AM,07:45 PM,09:30 PM,08:15 AM,Waxing Gibbous,78
United Kingdom,London,51.51,-0.13,Europe/London,1688581800,2023-07-06 00:00,14.8,58.6,Overcast,4.8,7.8,271,W,1017.2,30.04,0.0,0.0,91,89,18.7,65.7,7.9,4.9,2.3,5.8,9.4,100.0,39.5,2.0,1.0,8.3,18.3,1,1,06:12 AM,07:45 PM,09:30 PM,08:15 AM,Waxing Gibbous,78
Japan,Tokyo,35.68,139.69,Asia/Tokyo,1688581800,2023-07-06 00:00,29.8,85.6,Partly cloudy,10.1,16.3,218,SW,1007.5,29.75,0.0,0.0,55,53,31.2,88.2,9.1,5.7,4.0,17.4,28.0,100.0,77.9,2.0,1.3,4.0,8.0,1,1,06:12 AM,07:45 PM,09:30 PM,08:15 AM,Waxing Gibbous,78
France,Paris,48.85,2.35,Europe/Paris,1688581800,2023-07-06 00:00,21.0,69.8,Partly cloudy,10.1,16.3,326,NW,1016.9,30.03,0.0,0.0,63,67,22.8,73.0,9.7,6.0,5.0,16.0,25.7,130.2,65.3,7.0,5.7,30.7,54.4,2,4,06:12 AM,07:45 PM,09:30 PM,08:15 AM,Waxing Gibbous,78
India,New Delhi,28.61,77.21,Asia/Kolkata,1688581800,2023-07-06 00:00,34.2,93.6,Partly cloudy,9.2,14.8,157,SSE,1026.8,30.32,0.0,0.0,55,31,35.8,96.4,7.3,4.5,5.9,15.4,24.8,316.1,94.8,35.6,9.4,63.9,110.8,4,7,06:12 AM,07:45 PM,09:30 PM,08:15 AM,Waxing Gibbous,78
Australia,Sydney,-33.87,151.21,Australia/Sydney,1688581800,2023-07-06 00:00,16.4,61.5,Moderate rain,11.2,18.0,307,NW,1018.9,30.09,14.0,0.55,74,49,18.7,65.7,3.2,2.0,5.7,18.1,29.2,106.3,58.9,8.6,8.3,26.6,43.3,2,3,06:12 AM,07:45 PM,09:30 PM,08:15 AM,Waxing Gibbous,78
Egypt,Cairo,30.04,31.24,Africa/Cairo,1688581800,2023-07-06 00:00,33.2,91.8,Overcast,4.4,7.1,60,ENE,1014.4,29.96,0.0,0.0,84,84,36.8,98.2,7.7,4.8,2.9,5.7,9.1,297.6,76.6,21.4,7.0,55.5,68.1,4,6,06:12 AM,07:45 PM,09:30 PM,08:15 AM,Waxing Gibbous,78
Singapore,Singapore,1.35,103.82,Asia/Singapore,1688581800,2023-07-06 00:00,21.7,71.1,Partly cloudy,10.3,16.6,244,WSW,1016.1,30.01,0.0,0.0,88,71,24.8,76.6,10.0,6.2,3.9,14.9,23.9,100.0,61.5,2.0,3.9,11.6,20.7,1,2,06:12 AM,07:45 PM,09:30 PM,08:15 AM,Waxing Gibbous,78
Brazil,Rio de Janeiro,-22.91,-43.17,America/Sao_Paulo,1688581800,2023-07-06 00:00,24.7,76.5,Partly cloudy,1.7,2.7,108,ESE,1003.7,29.64,0.0,0.0,66,49,27.8,82.0,7.1,4.4,5.5,2.9,4.6,100.0,78.3,4.9,1.0,18.3,23.1,2,2,06:12 AM,07:45 PM,09:30 PM,08:15 AM,Waxing Gibbous,78
Canada,Toronto,43.65,-79.38,America/Toronto,1688581800,2023-07-06 00:00,17.8,64.0,Partly cloudy,6.0,9.6,104,ESE,1018.1,30.06,0.0,0.0,69,69,20.5,68.9,8.9,5.5,3.9,7.6,12.3,163.1,56.0,22.7,6.4,35.5,61.3,3,4,06:12 AM,07:45 PM,09:30 PM,08:15 AM,Waxing Gibbous,78
Germany,Berlin,52.52,13.4,Europe/Berlin,1688581800,2023-07-06 00:00,21.2,70.2,Partly cloudy,6.0,9.6,293,WNW,1004.3,29.66,0.0,0.0,54,47,23.1,73.6,9.4,5.8,5.6,8.7,14.0,100.0,66.4,8.1,1.0,5.6,18.2,1,1,06:12 AM,07:45 PM,09:30 PM,08:15 AM,Waxing Gibbous,78
United Arab Emirates,Dubai,25.2,55.27,Asia/Dubai,1688581800,2023-07-06 00:00,38.1,100.6,Partly cloudy,1.7,2.8,312,NW,1012.8,29.91,0.0,0.0,69,74,41.3,106.3,8.3,5.2,4.3,2.2,3.6,220.5,100.5,10.4,8.8,41.9,63.0,3,5,06:12 AM,07:45 PM,09:30 PM,08:15 AM,Waxing Gibbous,78
India,Mumbai,19.07,72.88,Asia/Kolkata,1688581800,2023-07-06 00:00,29.2,84.6,Overcast,3.5,5.6,324,NW,1014.1,29.95,0.0,0.0,84,77,33.0,91.4,7.2,4.5,3.4,4.4,7.1,216.2,74.4,15.8,6.6,44.8,57.2,3,5,06:12 AM,07:45 PM,09:30 PM,08:15 AM,Waxing Gibbous,78
United States,San Francisco,37.77,-122.42,America/Los_Angeles,1688581800,2023-07-06 00:00,16.4,61.5,Partly cloudy,6.6,10.6,284,WNW,1004.0,29.65,0.0,0.0,82,75,19.7,67.5,6.9,4.3,3.8,8.5,13.7,100.0,54.7,3.8,1.0,4.0,23.7,1,1,06:12 AM,07:45 PM,09:30 PM,08:15 AM,Waxing Gibbous,78
South Africa,Cape Town,-33.92,18.42,Africa/Johannesburg,1688581800,2023-07-06 00:00,14.4,57.9,Partly cloudy,1.4,2.3,279,W,1017.7,30.05,0.0,0.0,61,41,17.3,63.1,8.3,5.2,5.8,2.4,3.8,100.0,53.2,11.4,1.0,10.1,26.8,1,2,06:12 AM,07:45 PM,09:30 PM,08:15 AM,Waxing Gibbous,78
South Korea,Seoul,37.56,126.98,Asia/Seoul,1688581800,2023-07-06 00:00,23.9,75.0,Partly cloudy,3.3,5.3,309,NW,1019.8,30.11,0.0,0.0,66,63,26.8,80.2,8.8,5.5,4.4,4.2,6.8,100.0,69.4,2.0,2.0,13.3,14.6,2,2,06:12 AM,07:45 PM,09:30 PM,08:15 AM,Waxing Gibbous,78
Thailand,Bangkok,13.75,100.5,Asia/Bangkok,1688581800,2023-07-06 00:00,32.1,89.8,Partly cloudy,9.6,15.4,202,SSW,1008.9,29.79,0.0,0.0,49,63,33.3,91.9,8.8,5.5,4.6,15.7,25.2,289.2,82.3,26.5,7.9,47.5,85.6,3,5,06:12 AM,07:45 PM,09:30 PM,08:15 AM,Waxing Gibbous,78
Kenya,Nairobi,-1.29,36.82,Africa/Nairobi,1688581800,2023-07-06 00:00,21.0,69.8,Moderate rain,8.9,14.3,322,NW,1014.5,29.96,4.6,0.18,69,46,23.3,73.9,4.3,2.7,5.6,10.7,17.3,100.0,74.1,11.3,1.5,15.3,44.1,2,2,06:12 AM,07:45 PM,09:30 PM,08:15 AM,Waxing Gibbous,78
Sweden,Stockholm,59.33,18.06,Europe/Stockholm,1688581800,2023-07-06 00:00,13.0,55.4,Partly cloudy,4.7,7.5,64,ENE,1018.4,30.07,0.0,0.0,66,72,15.7,60.3,9.9,6.2,3.0,5.8,9.3,108.4,44.2,7.9,1.2,19.5,36.1,2,2,06:12 AM,07:45 PM,09:30 PM,08:15 AM,Waxing Gibbous,78
Argentina,Buenos Aires,-34.6,-58.38,America/Argentina/Buenos_Aires,1688581800,2023-07-06 00:00,16.4,61.5,Patchy rain possible,15.3,24.7,289,WNW,1014.8,29.97,1.6,0.06,86,100,18.7,65.7,8.6,5.3,1.9,19.8,31.8,100.0,45.1,2.0,1.0,4.0,16.2,1,1,06:12 AM,07:45 PM,09:30 PM,08:15 AM,Waxing Gibbous,78
United States,New York,40.71,-74.01,America/New_York,1688668200,2023-07-07 00:00,21.2,70.2,Overcast,5.1,8.2,30,NNE,1005.0,29.68,0.0,0.0,83,78,24.7,76.5,8.3,5.2,3.8,7.5,12.1,159.7,59.2,16.7,2.5,29.9,60.2,2,3,06:12 AM,07:45 PM,09:30 PM,08:15 AM,Waxing Gibbous,78
United Kingdom,London,51.51,-0.13,Europe/London,1688668200,2023-07-07 00:00,18.7,65.7,Partly cloudy,4.8,7.7,118,ESE,1016.6,30.02,0.0,0.0,70,68,21.6,70.9,9.4,5.8,3.6,6.0,9.7,100.0,58.9,8.2,1.0,4.0,12.0,1,1,06:12 AM,07:45 PM,09:30 PM,08:15 AM,Waxing Gibbous,78
Japan,Tokyo,35.68,139.69,Asia/Tokyo,1688668200,2023-07-07 00:00,28.7,83.7,Moderate rain,10.9,17.6,161,SSE,1008.1,29.77,12.0,0.47,68,58,30.7,87.3,6.1,3.8,4.2,19.0,30.5,109.2,78.7,9.8,1.8,19.5,29.8,2,2,06:12 AM,07:45 PM,09:30 PM,08:15 AM,Waxing Gibbous,78
France,Paris,48.85,2.35,Europe/Paris,1688668200,2023-07-07 00:00,15.4,59.7,Overcast,13.0,20.9,10,N,1013.8,29.94,0.0,0.0,80,86,17.7,63.9,8.6,5.3,2.5,21.7,34.9,100.0,45.6,3.6,1.0,9.2,10.3,1,1,06:12 AM,07:45 PM,09:30 PM,08:15 AM,Waxing Gibbous,78
India,New Delhi,28.61,77.21,Asia/Kolkata,1688668200,2023-07-07 00:00,32.7,90.9,Partly cloudy,13.0,20.9,15,NNE,1011.3,29.86,0.0,0.0,62,37,34.1,93.4,9.7,6.0,5.6,21.3,34.2,281.8,93.0,24.7,6.6,51.6,88.3,3,6,06:12 AM,07:45 PM,09:30 PM,08:15 AM,Waxing Gibbous,78
Australia,Sydney,-33.87,151.21,Australia/Sydney,1688668200,2023-07-07 00:00,16.7,62.1,Patchy rain possible,13.9,22.4,52,NE,1017.6,30.05,0.2,0.01,92,97,19.5,67.1,7.6,4.7,2.1,20.8,33.5,100.0,44.1,2.0,1.7,4.0,14.2,1,1,06:12 AM,07:45 PM,09:30 PM,08:15 AM,Waxing Gibbous,78
Egypt,Cairo,30.04,31.24,Africa/Cairo,1688668200,2023-07-07 00:00,33.6,92.5,Partly cloudy,7.1,11.5,282,WNW,1022.5,30.19,0.0,0.0,56,67,35.5,95.9,8.1,5.0,4.0,10.2,16.4,188.4,84.9,24.6,4.9,43.5,64.9,3,5,06:12 AM,07:45 PM,09:30 PM,08:15 AM,Waxing Gibbous,78
Singapore,Singapore,1.35,103.82,Asia/Singapore,1688668200,2023-07-07 00:00,30.6,87.1,Partly cloudy,18.5,29.7,306,NW,1017.3,30.04,0.0,0.0,53,56,30.9,87.6,9.6,6.0,3.5,25.5,41.0,100.0,79.1,8.4,1.0,4.0,8.0,1,1,06:12 AM,07:45 PM,09:30 PM,08:15 AM,Waxing Gibbous,78
Brazil,Rio de Janeiro,-22.91,-43.17,America/Sao_Paulo,1688668200,2023-07-07 00:00,25.1,77.2,Partly cloudy,5.2,8.4,300,WNW,1011.3,29.86,0.0,0.0,67,50,27.8,82.0,9.6,6.0,5.0,6.8,10.9,124.4,77.3,12.2,7.2,24.5,44.4,2,3,06:12 AM,07:45 PM,09:30 PM,08:15 AM,Waxing Gibbous,78
Canada,Toronto,43.65,-79.38,America/Toronto,1688668200,2023-07-07 00:00,20.3,68.5,Partly cloudy,6.6,10.6,160,SSE,1013.5,29.93,0.0,0.0,62,32,22.6,72.7,9.3,5.8,6.1,10.6,17.0,100.0,69.2,7.3,1.0,4.0,8.0,1,1,06:12 AM,07:45 PM,09:30 PM,08:15 AM,Waxing Gibbous,78
Germany,Berlin,52.52,13.4,Europe/Berlin,1688668200,2023-07-07 00:00,22.6,72.7,Partly cloudy,5.0,8.1,271,W,1016.8,30.03,0.0,0.0,57,32,24.8,76.6,8.8,5.5,7.2,7.3,11.7,100.0,72.4,3.8,5.0,15.8,31.5,2,2,06:12 AM,07:45 PM,09:30 PM,08:15 AM,Waxing Gibbous,78
United Arab Emirates,Dubai,25.2,55.27,Asia/Dubai,1688668200,2023-07-07 00:00,35.7,96.3,Overcast,5.4,8.7,93,E,1021.6,30.17,0.0,0.0,89,95,39.5,103.1,9.4,5.8,2.4,9.0,14.5,100.0,79.5,5.0,2.6,5.8,8.0,1,1,06:12 AM,07:45 PM,09:30 PM,08:15 AM,Waxing Gibbous,78
India,Mumbai,19.07,72.88,Asia/Kolkata,1688668200,2023-07-07 00:00,29.3,84.7,Patchy rain possible,8.9,14.3,247,WSW,1013.8,29.94,3.0,0.12,70,49,31.7,89.1,10.0,6.2,4.3,13.2,21.3,193.1,78.8,24.6,2.7,43.7,72.3,3,5,06:12 AM,07:45 PM,09:30 PM,08:15 AM,Waxing Gibbous,78
United States,San Francisco,37.77,-122.42,America/Los_Angeles,1688668200,2023-07-07 00:00,19.9,67.8,Partly cloudy,9.7,15.6,192,SSW,1014.5,29.96,0.0,0.0,60,61,21.7,71.1,8.6,5.3,3.6,15.0,24.1,153.9,53.5,7.8,4.0,29.2,62.9,2,3,06:12 AM,07:45 PM,09:30 PM,08:15 AM,Waxing Gibbous,78
South Africa,Cape Town,-33.92,18.42,Africa/Johannesburg,1688668200,2023-07-07 00:00,17.5,63.5,Clear,2.7,4.4,102,ESE,1015.4,29.98,0.0,0.0,62,3,20.2,68.4,8.9,5.5,7.7,3.9,6.2,100.0,71.0,13.5,4.8,22.1,31.7,2,3,06:12 AM,07:45 PM,09:30 PM,08:15 AM,Waxing Gibbous,78
South Korea,Seoul,37.56,126.98,Asia/Seoul,1688668200,2023-07-07 00:00,26.2,79.2,Partly cloudy,9.7,15.6,168,SSE,1009.2,29.8,0.0,0.0,57,48,27.8,82.0,8.9,5.5,4.6,13.0,20.9,100.0,74.5,6.6,1.0,4.6,19.5,1,1,06:12 AM,07:45 PM,09:30 PM,08:15 AM,Waxing Gibbous,78
Thailand,Bangkok,13.75,100.5,Asia/Bangkok,1688668200,2023-07-07 00:00,28.7,83.7,Partly cloudy,14.5,23.3,58,ENE,1002.9,29.62,0.0,0.0,71,70,30.4,86.7,10.0,6.2,3.5,17.5,28.2,227.7,69.0,9.4,5.5,40.8,47.8,3,5,06:12 AM,07:45 PM,09:30 PM,08:15 AM,Waxing Gibbous,78
Kenya,Nairobi,-1.29,36.82,Africa/Nairobi,1688668200,2023-07-07 00:00,20.9,69.6,Overcast,11.3,18.2,80,E,1019.7,30.11,0.0,0.0,75,78,23.2,73.8,9.5,5.9,3.7,18.3,29.4,100.0,64.7,2.9,1.0,11.9,25.7,1,2,06:12 AM,07:45 PM,09:30 PM,08:15 AM,Waxing Gibbous,78
Sweden,Stockholm,59.33,18.06,Europe/Stockholm,1688668200,2023-07-07 00:00,12.3,54.1,Overcast,6.6,10.6,270,W,1017.3,30.04,0.0,0.0,84,89,15.7,60.3,5.9,3.7,2.7,11.5,18.5,109.4,39.8,8.1,1.0,16.9,23.8,2,2,06:12 AM,07:45 PM,09:30 PM,08:15 AM,Waxing Gibbous,78
Argentina,Buenos Aires,-34.6,-58.38,America/Argentina/Buenos_Aires,1688668200,2023-07-07 00:00,22.5,72.5,Clear,4.3,6.9,12,NNE,1014.4,29.96,0.0,0.0,61,28,25.0,77.0,9.0,5.6,6.8,6.0,9.6,172.1,76.8,10.7,4.2,27.9,44.7,2,3,06:12 AM,07:45 PM,09:30 PM,08:15 AM,Waxing Gibbous,78
United States,New York,40.71,-74.01,America/New_York,1688754600,2023-07-08 00:00,23.2,73.8,Patchy rain possible,10.2,16.4,4,N,1004.5,29.66,2.2,0.09,63,50,25.0,77.0,7.5,4.7,5.8,12.7,20.4,100.0,71.5,2.0,1.0,7.5,21.3,1,1,06:12 AM,07:45 PM,09:30 PM,08:15 AM,Waxing Gibbous,78
United Kingdom,London,51.51,-0.13,Europe/London,1688754600,2023-07-08 00:00,18.9,66.0,Partly cloudy,8.9,14.4,309,NW,1015.8,30.0,0.0,0.0,63,38,20.9,69.6,8.6,5.3,5.9,11.3,18.2,100.0,59.6,6.9,1.0,13.3,25.2,2,2,06:12 AM,07:45 PM,09:30 PM,08:15 AM,Waxing Gibbous,78
Japan,Tokyo,35.68,139.69,Asia/Tokyo,1688754600,2023-07-08 00:00,27.7,81.9,Partly cloudy,10.1,16.3,165,SSE,1021.4,30.16,0.0,0.0,67,49,29.7,85.5,8.7,5.4,5.3,12.6,20.3,100.0,88.7,2.0,3.0,8.7,11.2,1,1,06:12 AM,07:45 PM,09:30 PM,08:15 AM,Waxing Gibbous,78
France,Paris,48.85,2.35,Europe/Paris,1688754600,2023-07-08 00:00,22.6,72.7,Sunny,3.5,5.7,64,ENE,1012.4,29.9,0.0,0.0,52,29,24.7,76.5,8.0,5.0,5.6,6.3,10.1,134.2,73.4,7.1,4.3,20.3,18.0,2,3,06:12 AM,07:45 PM,09:30 PM,08:15 AM,Waxing Gibbous,78
India,New Delhi,28.61,77.21,Asia/Kolkata,1688754600,2023-07-08 00:00,32.4,90.3,Overcast,9.6,15.5,282,WNW,1006.5,29.72,0.0,0.0,76,90,35.0,95.0,7.6,4.7,2.5,15.9,25.6,236.7,71.3,28.2,9.8,47.2,83.8,3,5,06:12 AM,07:45 PM,09:30 PM,08:15 AM,Waxing Gibbous,78
Australia,Sydney,-33.87,151.21,Australia/Sydney,1688754600,2023-07-08 00:00,14.6,58.3,Patchy rain possible,14.2,22.8,62,ENE,1006.9,29.73,1.0,0.04,85,81,17.0,62.6,6.1,3.8,3.4,22.1,35.5,100.0,44.6,5.4,1.0,4.0,8.0,1,1,06:12 AM,07:45 PM,09:30 PM,08:15 AM,Waxing Gibbous,78
Egypt,Cairo,30.04,31.24,Africa/Cairo,1688754600,2023-07-08 00:00,33.7,92.7,Sunny,5.2,8.3,106,ESE,1022.1,30.18,0.0,0.0,71,26,36.6,97.9,6.9,4.3,6.6,7.3,11.8,299.1,107.7,20.9,10.1,58.4,100.7,4,6,06:12 AM,07:45 PM,09:30 PM,08:15 AM,Waxing Gibbous,78
Singapore,Singapore,1.35,103.82,Asia/Singapore,1688754600,2023-07-08 00:00,27.9,82.2,Partly cloudy,10.7,17.3,184,S,1015.6,29.99,0.0,0.0,89,71,31.0,87.8,6.9,4.3,3.3,13.1,21.1,100.0,77.1,2.0,1.0,4.0,8.0,1,1,06:12 AM,07:45 PM,09:30 PM,08:15 AM,Waxing Gibbous,78
Brazil,Rio de Janeiro,-22.91,-43.17,America/Sao_Paulo,1688754600,2023-07-08 00:00,22.3,72.1,Moderate rain,22.4,36.1,60,ENE,997.6,29.46,7.4,0.29,84,83,23.6,74.5,7.1,4.4,2.8,37.5,60.4,100.0,61.1,5.6,1.0,11.6,16.0,1,2,06:12 AM,07:45 PM,09:30 PM,08:15 AM,Waxing Gibbous,78
Canada,Toronto,43.65,-79.38,America/Toronto,1688754600,2023-07-08 00:00,19.6,67.3,Partly cloudy,5.4,8.7,75,ENE,1015.8,30.0,0.0,0.0,59,58,21.9,71.4,9.4,5.8,5.5,7.0,11.3,100.0,60.7,5.8,1.2,6.3,8.0,1,1,06:12 AM,07:45 PM,09:30 PM,08:15 AM,Waxing Gibbous,78
Germany,Berlin,52.52,13.4,Europe/Berlin,1688754600,2023-07-08 00:00,23.2,73.8,Sunny,7.1,11.4,205,SSW,1004.1,29.65,0.0,0.0,51,27,24.8,76.6,8.5,5.3,6.0,9.6,15.5,131.0,75.9,16.9,2.6,24.2,30.8,2,3,06:12 AM,07:45 PM,09:30 PM,08:15 AM,Waxing Gibbous,78
United Arab Emirates,Dubai,25.2,55.27,Asia/Dubai,1688754600,2023-07-08 00:00,38.4,101.1,Partly cloudy,3.2,5.1,92,E,1007.2,29.74,0.0,0.0,74,57,41.7,107.1,8.6,5.3,4.1,4.5,7.2,100.0,96.7,3.2,2.5,18.5,33.9,2,2,06:12 AM,07:45 PM,09:30 PM,08:15 AM,Waxing Gibbous,78
India,Mumbai,19.07,72.88,Asia/Kolkata,1688754600,2023-07-08 00:00,30.7,87.3,Partly cloudy,6.5,10.4,116,ESE,1008.7,29.79,0.0,0.0,65,57,33.1,91.6,9.4,5.8,4.1,11.2,18.0,313.2,91.0,26.4,9.8,61.1,108.5,4,7,06:12 AM,07:45 PM,09:30 PM,08:15 AM,Waxing Gibbous,78
United States,San Francisco,37.77,-122.42,America/Los_Angeles,1688754600,2023-07-08 00:00,16.6,61.9,Partly cloudy,12.9,20.7,138,SE,1012.1,29.89,0.0,0.0,64,52,18.1,64.6,8.0,5.0,4.7,19.6,31.6,104.6,62.0,6.7,1.0,19.3,24.8,2,2,06:12 AM,07:45 PM,09:30 PM,08:15 AM,Waxing Gibbous,78
South Africa,Cape Town,-33.92,18.42,Africa/Johannesburg,1688754600,2023-07-08 00:00,16.8,62.2,Clear,4.5,7.2,121,ESE,1000.0,29.53,0.0,0.0,55,27,19.0,66.2,9.5,5.9,6.3,6.4,10.3,124.6,56.7,8.7,1.6,18.4,32.5,2,2,06:12 AM,07:45 PM,09:30 PM,08:15 AM,Waxing Gibbous,78
South Korea,Seoul,37.56,126.98,Asia/Seoul,1688754600,2023-07-08 00:00,27.1,80.8,Partly cloudy,10.3,16.6,210,SSW,1021.7,30.17,0.0,0.0,37,50,27.6,81.7,10.0,6.2,4.8,17.9,28.8,100.0,81.2,9.9,2.9,9.2,18.3,1,1,06:12 AM,07:45 PM,09:30 PM,08:15 AM,Waxing Gibbous,78
Thailand,Bangkok,13.75,100.5,Asia/Bangkok,1688754600,2023-07-08 00:00,32.0,89.6,Partly cloudy,3.4,5.4,58,ENE,1018.8,30.09,0.0,0.0,57,57,34.4,93.9,9.2,5.7,4.0,5.8,9.3,331.5,93.2,23.9,9.8,62.3,106.2,4,7,06:12 AM,07:45 PM,09:30 PM,08:15 AM,Waxing Gibbous,78
Kenya,Nairobi,-1.29,36.82,Africa/Nairobi,1688754600,2023-07-08 00:00,16.5,61.7,Overcast,22.1,35.6,221,SW,1014.2,29.95,0.0,0.0,60,78,16.7,62.1,7.3,4.5,3.2,30.3,48.7,101.5,48.3,13.2,4.1,17.6,38.6,2,2,06:12 AM,07:45 PM,09:30 PM,08:15 AM,Waxing Gibbous,78
Sweden,Stockholm,59.33,18.06,Europe/Stockholm,1688754600,2023-07-08 00:00,16.6,61.9,Partly cloudy,11.2,18.0,315,NW,1012.0,29.88,0.0,0.0,61,32,18.2,64.8,8.9,5.5,5.9,15.6,25.1,100.0,64.6,5.3,3.0,18.0,25.9,2,2,06:12 AM,07:45 PM,09:30 PM,08:15 AM,Waxing Gibbous,78
Argentina,Buenos Aires,-34.6,-58.38,America/Argentina/Buenos_Aires,1688754600,2023-07-08 00:00,20.8,69.4,Partly cloudy,4.8,7.7,186,S,1011.5,29.87,0.0,0.0,57,49,23.0,73.4,10.0,6.2,4.5,6.2,9.9,128.0,63.3,13.7,1.0,24.6,37.3,2,3,06:12 AM,07:45 PM,09:30 PM,08:15 AM,Waxing Gibbous,78
United States,New York,40.71,-74.01,America/New_York,1688841000,2023-07-09 00:00,19.9,67.8,Overcast,7.6,12.3,342,NNW,1006.8,29.73,0.0,0.0,88,91,23.3,73.9,8.6,5.3,1.5,10.1,16.3,135.0,56.5,10.2,2.2,23.3,42.8,2,3,06:12 AM,07:45 PM,09:30 PM,08:15 AM,Waxing Gibbous,78
United Kingdom,London,51.51,-0.13,Europe/London,1688841000,2023-07-09 00:00,20.4,68.7,Partly cloudy,2.7,4.3,344,NNW,1005.4,29.69,0.0,0.0,73,65,23.7,74.7,9.4,5.8,4.3,4.2,6.7,100.0,72.1,2.0,1.0,8.5,19.2,1,1,06:12 AM,07:45 PM,09:30 PM,08:15 AM,Waxing Gibbous,78
Japan,Tokyo,35.68,139.69,Asia/Tokyo,1688841000,2023-07-09 00:00,20.7,69.3,Sunny,7.6,12.3,12,NNE,1017.6,30.05,0.0,0.0,63,25,22.9,73.2,9.0,5.6,5.9,10.4,16.8,100.0,75.6,3.7,2.0,15.5,32.5,2,2,06:12 AM,07:45 PM,09:30 PM,08:15 AM,Waxing Gibbous,78
France,Paris,48.85,2.35,Europe/Paris,1688841000,2023-07-09 00:00,23.0,73.4,Partly cloudy,5.3,8.6,154,SSE,1007.9,29.76,0.0,0.0,65,64,25.6,78.1,9.7,6.0,4.3,7.9,12.7,100.0,66.6,4.2,2.0,16.0,20.4,2,2,06:12 AM,07:45 PM,09:30 PM,08:15 AM,Waxing Gibbous,78
India,New Delhi,28.61,77.21,Asia/Kolkata,1688841000,2023-07-09 00:00,29.4,84.9,Partly cloudy,2.9,4.6,59,ENE,1007.0,29.74,0.0,0.0,59,46,32.0,89.6,8.4,5.2,5.8,4.0,6.5,345.8,81.8,27.2,12.0,66.8,121.9,4,7,06:12 AM,07:45 PM,09:30 PM,08:15 AM,Waxing Gibbous,78
Australia,Sydney,-33.87,151.21,Australia/Sydney,1688841000,2023-07-09 00:00,17.6,63.7,Overcast,4.0,6.5,225,SW,1023.7,30.23,0.0,0.0,69,85,20.5,68.9,8.3,5.2,3.8,6.7,10.8,133.6,60.2,10.7,1.0,22.6,32.0,2,3,06:12 AM,07:45 PM,09:30 PM,08:15 AM,Waxing Gibbous,78
Egypt,Cairo,30.04,31.24,Africa/Cairo,1688841000,2023-07-09 00:00,32.9,91.2,Overcast,5.0,8.1,17,NNE,1019.5,30.11,0.0,0.0,69,87,35.7,96.3,9.0,5.6,2.4,7.3,11.7,365.3,80.3,33.0,9.6,63.6,102.1,4,7,06:12 AM,07:45 PM,09:30 PM,08:15 AM,Waxing Gibbous,78
Singapore,Singapore,1.35,103.82,Asia/Singapore,1688841000,2023-07-09 00:00,30.1,86.2,Partly cloudy,5.2,8.3,52,NE,1007.8,29.76,0.0,0.0,66,49,32.7,90.9,8.0,5.0,5.3,7.1,11.4,100.0,93.1,3.4,1.0,12.1,8.3,2,2,06:12 AM,07:45 PM,09:30 PM,08:15 AM,Waxing Gibbous,78
Brazil,Rio de Janeiro,-22.91,-43.17,America/Sao_Paulo,1688841000,2023-07-09 00:00,23.9,75.0,Moderate rain,9.2,14.8,12,NNE,1006.7,29.73,5.0,0.2,76,75,26.5,79.7,8.3,5.2,4.3,11.3,18.2,100.0,61.2,2.0,1.0,4.0,8.0,1,1,06:12 AM,07:45 PM,09:30 PM,08:15 AM,Waxing Gibbous,78
Canada,Toronto,43.65,-79.38,America/Toronto,1688841000,2023-07-09 00:00,20.5,68.9,Partly cloudy,11.6,18.6,245,WSW,1024.9,30.27,0.0,0.0,71,75,22.6,72.7,7.2,4.5,4.1,15.0,24.2,100.0,65.3,5.1,2.4,9.5,16.6,1,1,06:12 AM,07:45 PM,09:30 PM,08:15 AM,Waxing Gibbous,78
Germany,Berlin,52.52,13.4,Europe/Berlin,1688841000,2023-07-09 00:00,28.2,82.8,Partly cloudy,5.5,8.9,97,E,1015.0,29.97,0.0,0.0,46,33,29.8,85.6,8.4,5.2,5.5,8.2,13.2,102.9,91.8,15.0,4.2,16.4,27.1,2,2,06:12 AM,07:45 PM,09:30 PM,08:15 AM,Waxing Gibbous,78
United Arab Emirates,Dubai,25.2,55.27,Asia/Dubai,1688841000,2023-07-09 00:00,38.3,100.9,Partly cloudy,9.6,15.4,191,S,1008.2,29.77,0.0,0.0,52,43,39.7,103.5,8.8,5.5,5.1,13.2,21.2,100.0,104.0,2.0,4.0,4.0,8.0,1,1,06:12 AM,07:45 PM,09:30 PM,08:15 AM,Waxing Gibbous,78
India,Mumbai,19.07,72.88,Asia/Kolkata,1688841000,2023-07-09 00:00,32.8,91.0,Partly cloudy,7.0,11.3,268,W,1018.5,30.08,0.0,0.0,71,41,35.4,95.7,10.0,6.2,5.2,10.3,16.6,239.7,89.9,18.3,5.4,50.9,73.2,3,6,06:12 AM,07:45 PM,09:30 PM,08:15 AM,Waxing Gibbous,78
United States,San Francisco,37.77,-122.42,America/Los_Angeles,1688841000,2023-07-09 00:00,18.2,64.8,Sunny,19.1,30.8,359,N,1011.0,29.85,0.0,0.0,67,15,19.1,66.4,9.5,5.9,7.2,32.4,52.1,100.0,69.4,6.3,1.0,4.0,23.9,1,1,06:12 AM,07:45 PM,09:30 PM,08:15 AM,Waxing Gibbous,78
South Africa,Cape Town,-33.92,18.42,Africa/Johannesburg,1688841000,2023-07-09 00:00,13.5,56.3,Overcast,5.7,9.1,293,WNW,1015.2,29.98,0.0,0.0,70,81,16.3,61.3,8.7,5.4,3.3,8.9,14.4,100.0,41.1,4.0,1.0,10.1,8.0,1,2,06:12 AM,07:45 PM,09:30 PM,08:15 AM,Waxing Gibbous,78
South Korea,Seoul,37.56,126.98,Asia/Seoul,1688841000,2023-07-09 00:00,24.5,76.1,Patchy rain possible,15.5,24.9,180,S,1007.1,29.74,3.7,0.15,85,79,26.8,80.2,6.2,3.9,3.2,27.7,44.5,119.5,64.8,6.4,3.6,22.7,42.3,2,3,06:12 AM,07:45 PM,09:30 PM,08:15 AM,Waxing Gibbous,78
Thailand,Bangkok,13.75,100.5,Asia/Bangkok,1688841000,2023-07-09 00:00,32.0,89.6,Sunny,3.7,6.0,51,NE,1013.4,29.93,0.0,0.0,55,20,34.3,93.7,8.4,5.2,6.3,6.0,9.7,322.4,93.1,28.8,9.2,60.3,99.2,4,7,06:12 AM,07:45 PM,09:30 PM,08:15 AM,Waxing Gibbous,78
Kenya,Nairobi,-1.29,36.82,Africa/Nairobi,1688841000,2023-07-09 00:00,19.1,66.4,Overcast,2.7,4.3,142,SE,1014.9,29.97,0.0,0.0,70,78,22.3,72.1,8.2,5.1,3.9,3.9,6.3,110.7,67.4,8.9,2.0,20.0,30.1,2,3,06:12 AM,07:45 PM,09:30 PM,08:15 AM,Waxing Gibbous,78
Sweden,Stockholm,59.33,18.06,Europe/Stockholm,1688841000,2023-07-09 00:00,12.4,54.3,Overcast,8.9,14.3,43,NE,1014.9,29.97,0.0,0.0,70,88,14.8,58.6,7.7,4.8,2.8,11.1,17.8,100.0,44.4,6.6,3.5,17.6,35.3,2,2,06:12 AM,07:45 PM,09:30 PM,08:15 AM,Waxing Gibbous,78
Argentina,Buenos Aires,-34.6,-58.38,America/Argentina/Buenos_Aires,1688841000,2023-07-09 00:00,20.8,69.4,Partly cloudy,16.5,26.5,238,WSW,1008.1,29.77,0.0,0.0,60,49,21.7,71.1,9.3,5.8,4.2,20.1,32.3,100.0,64.0,2.0,1.0,10.8,8.0,1,2,06:12 AM,07:45 PM,09:30 PM,08:15 AM,Waxing Gibbous,78
United States,New York,40.71,-74.01,America/New_York,1688927400,2023-07-10 00:00,18.3,64.9,Partly cloudy,4.5,7.2,220,SW,1006.3,29.72,0.0,0.0,72,60,21.3,70.3,6.4,4.0,4.6,5.4,8.7,106.4,44.9,9.9,3.9,21.9,37.6,2,3,06:12 AM,07:45 PM,09:30 PM,08:15 AM,Waxing Gibbous,78
United Kingdom,London,51.51,-0.13,Europe/London,1688927400,2023-07-10 00:00,14.4,57.9,Partly cloudy,13.1,21.1,95,E,1014.6,29.96,0.0,0.0,75,70,16.5,61.7,8.4,5.2,4.0,21.4,34.5,141.9,45.9,10.2,2.6,22.1,23.6,2,3,06:12 AM,07:45 PM,09:30 PM,08:15 AM,Waxing Gibbous,78
Japan,Tokyo,35.68,139.69,Asia/Tokyo,1688927400,2023-07-10 00:00,29.9,85.8,Partly cloudy,3.0,4.8,46,NE,1018.4,30.07,0.0,0.0,71,70,33.1,91.6,8.6,5.3,3.6,4.6,7.4,100.0,83.7,13.1,5.1,19.3,44.8,2,2,06:12 AM,07:45 PM,09:30 PM,08:15 AM,Waxing Gibbous,78
France,Paris,48.85,2.35,Europe/Paris,1688927400,2023-07-10 00:00,19.8,67.6,Patchy rain possible,8.1,13.1,257,WSW,1007.3,29.75,1.2,0.05,65,44,22.0,71.6,8.2,5.1,5.7,10.0,16.1,100.0,66.8,5.9,2.3,14.7,18.3,2,2,06:12 AM,07:45 PM,09:30 PM,08:15 AM,Waxing Gibbous,78
India,New Delhi,28.61,77.21,Asia/Kolkata,1688927400,2023-07-10 00:00,31.4,88.5,Overcast,6.3,10.2,314,NW,1027.8,30.35,0.0,0.0,81,78,34.6,94.3,9.7,6.0,3.0,9.6,15.4,290.2,75.9,21.4,7.8,57.0,79.6,4,6,06:12 AM,07:45 PM,09:30 PM,08:15 AM,Waxing Gibbous,78
Australia,Sydney,-33.87,151.21,Australia/Sydney,1688927400,2023-07-10 00:00,16.8,62.2,Partly cloudy,12.9,20.7,292,WNW,1005.7,29.7,0.0,0.0,58,65,18.0,64.4,8.7,5.4,5.0,20.8,33.5,100.0,53.0,2.2,2.3,4.0,9.1,1,1,06:12 AM,07:45 PM,09:30 PM,08:15 AM,Waxing Gibbous,78
Egypt,Cairo,30.04,31.24,Africa/Cairo,1688927400,2023-07-10 00:00,32.2,90.0,Patchy rain possible,17.8,28.7,33,NNE,1016.0,30.0,0.8,0.03,84,80,34.1,93.4,6.9,4.3,3.5,31.0,49.9,147.7,76.0,12.1,6.6,31.3,40.1,2,4,06:12 AM,07:45 PM,09:30 PM,08:15 AM,Waxing Gibbous,78
Singapore,Singapore,1.35,103.82,Asia/Singapore,1688927400,2023-07-10 00:00,30.4,86.7,Partly cloudy,3.9,6.3,299,WNW,1021.2,30.16,0.0,0.0,62,73,33.0,91.4,9.7,6.0,4.5,6.7,10.8,100.0,92.9,2.0,1.0,13.9,8.0,2,2,06:12 AM,07:45 PM,09:30 PM,08:15 AM,Waxing Gibbous,78
Brazil,Rio de Janeiro,-22.91,-43.17,America/Sao_Paulo,1688927400,2023-07-10 00:00,26.9,80.4,Partly cloudy,9.1,14.6,3,N,1016.6,30.02,0.0,0.0,67,74,29.1,84.4,10.0,6.2,3.5,13.5,21.8,100.0,75.5,4.4,1.2,4.0,11.9,1,1,06:12 AM,07:45 PM,09:30 PM,08:15 AM,Waxing Gibbous,78
Canada,Toronto,43.65,-79.38,America/Toronto,1688927400,2023-07-10 00:00,25.9,78.6,Partly cloudy,9.8,15.8,41,NE,1012.9,29.91,0.0,0.0,47,38,27.0,80.6,9.8,6.1,5.1,13.0,21.0,100.0,71.2,3.3,2.0,16.2,19.0,2,2,06:12 AM,07:45 PM,09:30 PM,08:15 AM,Waxing Gibbous,78
Germany,Berlin,52.52,13.4,Europe/Berlin,1688927400,2023-07-10 00:00,19.8,67.6,Overcast,6.3,10.1,163,SSE,1010.0,29.83,0.0,0.0,63,79,22.1,71.8,7.9,4.9,3.4,7.7,12.4,100.0,56.9,18.5,1.0,15.6,26.8,2,2,06:12 AM,07:45 PM,09:30 PM,08:15 AM,Waxing Gibbous,78
United Arab Emirates,Dubai,25.2,55.27,Asia/Dubai,1688927400,2023-07-10 00:00,40.1,104.2,Partly cloudy,7.6,12.2,355,N,1002.1,29.59,0.0,0.0,51,41,41.7,107.1,7.4,4.6,6.0,12.9,20.8,145.8,107.2,8.0,3.0,24.8,58.1,2,3,06:12 AM,07:45 PM,09:30 PM,08:15 AM,Waxing Gibbous,78
India,Mumbai,19.07,72.88,Asia/Kolkata,1688927400,2023-07-10 00:00,29.2,84.6,Partly cloudy,5.7,9.2,309,NW,1014.6,29.96,0.0,0.0,71,66,32.0,89.6,9.2,5.7,3.9,9.4,15.1,255.1,72.4,18.6,7.2,48.0,73.0,3,5,06:12 AM,07:45 PM,09:30 PM,08:15 AM,Waxing Gibbous,78
United States,San Francisco,37.77,-122.42,America/Los_Angeles,1688927400,2023-07-10 00:00,17.0,62.6,Partly cloudy,7.0,11.3,324,NW,1008.2,29.77,0.0,0.0,70,71,19.6,67.3,7.2,4.5,3.4,8.8,14.2,100.0,38.6,9.4,2.1,9.6,12.5,1,1,06:12 AM,07:45 PM,09:30 PM,08:15 AM,Waxing Gibbous,78
South Africa,Cape Town,-33.92,18.42,Africa/Johannesburg,1688927400,2023-07-10 00:00,12.6,54.7,Partly cloudy,12.4,20.0,130,SE,1018.3,30.07,0.0,0.0,67,42,14.4,57.9,9.9,6.2,5.6,16.8,27.1,100.0,55.1,6.2,1.0,4.1,8.0,1,1,06:12 AM,07:45 PM,09:30 PM,08:15 AM,Waxing Gibbous,78
South Korea,Seoul,37.56,126.98,Asia/Seoul,1688927400,2023-07-10 00:00,26.5,79.7,Partly cloudy,13.0,21.0,298,WNW,1029.4,30.4,0.0,0.0,54,59,27.5,81.5,9.8,6.1,4.1,20.8,33.4,100.0,73.3,2.7,2.4,5.7,8.7,1,1,06:12 AM,07:45 PM,09:30 PM,08:15 AM,Waxing Gibbous,78
Thailand,Bangkok,13.75,100.5,Asia/Bangkok,1688927400,2023-07-10 00:00,30.0,86.0,Partly cloudy,7.2,11.6,262,W,1010.1,29.83,0.0,0.0,57,34,31.9,89.4,10.0,6.2,6.3,11.1,17.8,229.7,86.2,25.2,4.8,45.1,79.2,3,5,06:12 AM,07:45 PM,09:30 PM,08:15 AM,Waxing Gibbous,78
Kenya,Nairobi,-1.29,36.82,Africa/Nairobi,1688927400,2023-07-10 00:00,24.0,75.2,Clear,4.7,7.6,312,NW,1011.2,29.86,0.0,0.0,39,17,25.3,77.5,8.6,5.3,6.9,6.6,10.7,100.0,78.0,2.0,1.0,5.7,9.3,1,1,06:12 AM,07:45 PM,09:30 PM,08:15 AM,Waxing Gibbous,78
Sweden,Stockholm,59.33,18.06,Europe/Stockholm,1688927400,2023-07-10 00:00,14.6,58.3,Overcast,3.9,6.3,86,E,1022.7,30.2,0.0,0.0,78,100,18.0,64.4,7.9,4.9,1.9,5.1,8.2,100.0,35.0,3.9,1.6,13.2,22.9,2,2,06:12 AM,07:45 PM,09:30 PM,08:15 AM,Waxing Gibbous,78
Argentina,Buenos Aires,-34.6,-58.38,America/Argentina/Buenos_Aires,1688927400,2023-07-10 00:00,18.2,64.8,Patchy rain possible,8.7,14.0,298,WNW,1006.1,29.71,2.0,0.08,62,66,20.2,68.4,9.0,5.6,4.1,12.5,20.1,100.0,50.9,2.0,1.5,7.6,8.0,1,1,06:12 AM,07:45 PM,09:30 PM,08:15 AM,Waxing Gibbous,78
United States,New York,40.71,-74.01,America/New_York,1689013800,2023-07-11 00:00,26.0,78.8,Partly cloudy,8.6,13.8,180,S,1016.8,30.03,0.0,0.0,63,73,28.0,82.4,7.7,4.8,3.1,13.4,21.6,100.0,70.5,2.0,1.0,4.0,8.0,1,1,06:12 AM,07:45 PM,09:30 PM,08:15 AM,Waxing Gibbous,78
United Kingdom,London,51.51,-0.13,Europe/London,1689013800,2023-07-11 00:00,20.6,69.1,Partly cloudy,5.8,9.3,185,S,1011.7,29.88,0.0,0.0,41,49,21.9,71.4,8.6,5.3,5.0,9.8,15.7,115.4,63.0,13.1,3.1,17.8,40.6,2,2,06:12 AM,07:45 PM,09:30 PM,08:15 AM,Waxing Gibbous,78
Japan,Tokyo,35.68,139.69,Asia/Tokyo,1689013800,2023-07-11 00:00,29.9,85.8,Partly cloudy,9.3,14.9,219,SW,1013.2,29.92,0.0,0.0,65,59,32.0,89.6,8.4,5.2,4.7,12.7,20.4,118.2,91.1,2.3,1.0,18.0,30.4,2,2,06:12 AM,07:45 PM,09:30 PM,08:15 AM,Waxing Gibbous,78
France,Paris,48.85,2.35,Europe/Paris,1689013800,2023-07-11 00:00,23.0,73.4,Partly cloudy,5.3,8.6,174,S,1016.7,30.02,0.0,0.0,72,59,25.9,78.6,7.8,4.8,4.5,6.6,10.7,153.9,73.7,13.8,1.7,29.0,65.4,2,3,06:12 AM,07:45 PM,09:30 PM,08:15 AM,Waxing Gibbous,78
India,New Delhi,28.61,77.21,Asia/Kolkata,1689013800,2023-07-11 00:00,32.1,89.8,Partly cloudy,5.8,9.3,187,S,1013.6,29.93,0.0,0.0,71,57,34.9,94.8,7.5,4.7,4.2,10.4,16.7,234.5,84.6,16.0,5.1,44.6,74.6,3,5,06:12 AM,07:45 PM,09:30 PM,08:15 AM,Waxing Gibbous,78
Australia,Sydney,-33.87,151.21,Australia/Sydney,1689013800,2023-07-11 00:00,23.9,75.0,Partly cloudy,16.8,27.0,67,ENE,1007.2,29.74,0.0,0.0,53,41,24.4,75.9,9.1,5.7,5.8,27.5,44.2,100.0,75.2,3.8,1.0,4.0,8.0,1,1,06:12 AM,07:45 PM,09:30 PM,08:15 AM,Waxing Gibbous,78
Egypt,Cairo,30.04,31.24,Africa/Cairo,1689013800,2023-07-11 00:00,35.3,95.5,Partly cloudy,5.3,8.5,202,SSW,1010.5,29.84,0.0,0.0,83,71,38.8,101.8,9.2,5.7,3.8,8.6,13.9,288.7,94.6,31.1,7.2,56.2,113.0,4,6,06:12 AM,07:45 PM,09:30 PM,08:15 AM,Waxing Gibbous,78
Singapore,Singapore,1.35,103.82,Asia/Singapore,1689013800,2023-07-11 00:00,31.2,88.2,Patchy rain possible,9.6,15.5,125,SE,1025.3,30.28,0.9,0.04,68,26,33.4,92.1,8.5,5.3,6.4,12.4,19.9,100.0,88.5,2.0,5.0,5.6,25.3,1,1,06:12 AM,07:45 PM,09:30 PM,08:15 AM,Waxing Gibbous,78
Brazil,Rio de Janeiro,-22.91,-43.17,America/Sao_Paulo,1689013800,2023-07-11 00:00,20.3,68.5,Partly cloudy,2.7,4.4,300,WNW,1010.0,29.83,0.0,0.0,71,62,23.5,74.3,9.3,5.8,4.0,4.4,7.1,100.0,54.1,5.9,1.0,16.4,38.1,2,2,06:12 AM,07:45 PM,09:30 PM,08:15 AM,Waxing Gibbous,78
Canada,Toronto,43.65,-79.38,America/Toronto,1689013800,2023-07-11 00:00,20.6,69.1,Moderate rain,9.6,15.4,330,NNW,1004.8,29.67,5.3,0.21,71,59,22.9,73.2,8.0,5.0,4.0,11.6,18.7,100.0,54.8,9.3,1.3,18.5,30.8,2,2,06:12 AM,07:45 PM,09:30 PM,08:15 AM,Waxing Gibbous,78
Germany,Berlin,52.52,13.4,Europe/Berlin,1689013800,2023-07-11 00:00,15.0,59.0,Overcast,12.0,19.3,225,SW,1020.3,30.13,0.0,0.0,90,84,18.0,64.4,8.7,5.4,2.2,16.2,26.1,100.0,44.0,6.2,1.0,18.9,20.8,2,2,06:12 AM,07:45 PM,09:30 PM,08:15 AM,Waxing Gibbous,78
United Arab Emirates,Dubai,25.2,55.27,Asia/Dubai,1689013800,2023-07-11 00:00,33.4,92.1,Partly cloudy,9.2,14.8,243,WSW,1008.4,29.78,0.0,0.0,72,66,35.8,96.4,8.3,5.2,4.1,13.0,21.0,100.0,92.5,2.0,1.0,4.0,21.2,1,1,06:12 AM,07:45 PM,09:30 PM,08:15 AM,Waxing Gibbous,78
India,Mumbai,19.07,72.88,Asia/Kolkata,1689013800,2023-07-11 00:00,32.0,89.6,Partly cloudy,7.2,11.6,259,W,1017.1,30.03,0.0,0.0,45,43,33.3,91.9,8.7,5.4,5.3,9.6,15.5,291.2,95.0,22.0,6.8,56.0,110.1,4,6,06:12 AM,07:45 PM,09:30 PM,08:15 AM,Waxing Gibbous,78
United States,San Francisco,37.77,-122.42,America/Los_Angeles,1689013800,2023-07-11 00:00,20.1,68.2,Partly cloudy,9.9,15.9,275,W,1017.7,30.05,0.0,0.0,67,63,22.2,72.0,7.7,4.8,4.1,15.8,25.5,100.0,53.4,5.1,1.0,17.5,44.2,2,2,06:12 AM,07:45 PM,09:30 PM,08:15 AM,Waxing Gibbous,78
South Africa,Cape Town,-33.92,18.42,Africa/Johannesburg,1689013800,2023-07-11 00:00,18.0,64.4,Partly cloudy,4.3,7.0,215,SW,1016.2,30.01,0.0,0.0,72,52,21.0,69.8,9.1,5.7,5.4,5.6,9.0,100.0,60.8,6.4,1.0,10.0,28.4,1,2,06:12 AM,07:45 PM,09:30 PM,08:15 AM,Waxing Gibbous,78
South Korea,Seoul,37.56,126.98,Asia/Seoul,1689013800,2023-07-11 00:00,29.9,85.8,Partly cloudy,5.2,8.3,330,NNW,1012.3,29.89,0.0,0.0,45,53,31.5,88.7,8.1,5.0,4.8,7.1,11.5,120.1,78.1,11.3,4.0,18.5,32.7,2,2,06:12 AM,07:45 PM,09:30 PM,08:15 AM,Waxing Gibbous,78
Thailand,Bangkok,13.75,100.5,Asia/Bangkok,1689013800,2023-07-11 00:00,31.2,88.2,Moderate rain,17.5,28.1,245,WSW,1015.3,29.98,5.5,0.22,72,77,32.6,90.7,6.5,4.0,3.6,27.6,44.4,183.6,80.6,11.3,4.8,42.4,82.5,3,5,06:12 AM,07:45 PM,09:30 PM,08:15 AM,Waxing Gibbous,78
Kenya,Nairobi,-1.29,36.82,Africa/Nairobi,1689013800,2023-07-11 00:00,15.0,59.0,Partly cloudy,3.2,5.1,26,NNE,1006.0,29.71,0.0,0.0,77,62,18.4,65.1,9.5,5.9,5.0,4.3,6.9,106.4,52.5,11.1,3.1,24.4,31.7,2,3,06:12 AM,07:45 PM,09:30 PM,08:15 AM,Waxing Gibbous,78
Sweden,Stockholm,59.33,18.06,Europe/Stockholm,1689013800,2023-07-11 00:00,15.1,59.2,Sunny,11.2,18.1,191,S,1006.4,29.72,0.0,0.0,69,21,17.1,62.8,8.6,5.3,6.8,17.5,28.2,100.0,59.2,6.0,2.2,8.1,8.0,1,1,06:12 AM,07:45 PM,09:30 PM,08:15 AM,Waxing Gibbous,78
Argentina,Buenos Aires,-34.6,-58.38,America/Argentina/Buenos_Aires,1689013800,2023-07-11 00:00,20.3,68.5,Partly cloudy,1.4,2.2,324,NW,1014.1,29.95,0.0,0.0,50,40,22.6,72.7,10.0,6.2,4.6,2.1,3.3,135.6,60.5,13.6,5.2,22.9,65.5,2,3,06:12 AM,07:45 PM,09:30 PM,08:15 AM,Waxing Gibbous,78
United States,New York,40.71,-74.01,America/New_York,1689100200,2023-07-12 00:00,24.3,75.7,Partly cloudy,3.9,6.3,58,ENE,1022.0,30.18,0.0,0.0,70,47,27.3,81.1,9.4,5.8,5.1,6.6,10.6,100.0,74.5,13.8,2.4,12.5,13.1,2,2,06:12 AM,07:45 PM,09:30 PM,08:15 AM,Waxing Gibbous,78
United Kingdom,London,51.51,-0.13,Europe/London,1689100200,2023-07-12 00:00,18.1,64.6,Partly cloudy,3.4,5.5,331,NNW,1021.1,30.15,0.0,0.0,69,37,21.1,70.0,7.3,4.5,5.9,5.0,8.0,100.0,73.0,2.3,3.3,9.2,8.0,1,1,06:12 AM,07:45 PM,09:30 PM,08:15 AM,Waxing Gibbous,78
Japan,Tokyo,35.68,139.69,Asia/Tokyo,1689100200,2023-07-12 00:00,29.8,85.6,Sunny,11.5,18.5,290,WNW,1012.7,29.91,0.0,0.0,48,28,30.7,87.3,7.7,4.8,6.0,16.8,27.1,100.0,87.9,7.1,2.5,15.8,10.5,2,2,06:12 AM,07:45 PM,09:30 PM,08:15 AM,Waxing Gibbous,78
France,Paris,48.85,2.35,Europe/Paris,1689100200,2023-07-12 00:00,26.8,80.2,Partly cloudy,5.7,9.2,149,SSE,1005.1,29.68,0.0,0.0,74,47,29.8,85.6,9.3,5.8,5.8,7.4,11.9,100.0,73.4,2.2,1.0,8.4,14.4,1,1,06:12 AM,07:45 PM,09:30 PM,08:15 AM,Waxing Gibbous,78
India,New Delhi,28.61,77.21,Asia/Kolkata,1689100200,2023-07-12 00:00,32.3,90.1,Partly cloudy,7.8,12.5,118,ESE,999.2,29.51,0.0,0.0,57,45,34.2,93.6,6.5,4.0,5.6,12.2,19.7,272.2,96.6,30.0,10.2,61.9,114.6,4,7,06:12 AM,07:45 PM,09:30 PM,08:15 AM,Waxing Gibbous,78
Australia,Sydney,-33.87,151.21,Australia/Sydney,1689100200,2023-07-12 00:00,17.5,63.5,Overcast,12.4,20.0,125,SE,1015.8,30.0,0.0,0.0,90,91,20.4,68.7,7.8,4.8,1.8,22.1,35.6,100.0,48.3,14.7,3.1,18.3,48.5,2,2,06:12 AM,07:45 PM,09:30 PM,08:15 AM,Waxing Gibbous,78
Egypt,Cairo,30.04,31.24,Africa/Cairo,1689100200,2023-07-12 00:00,32.4,90.3,Partly cloudy,1.2,2.0,88,E,1006.6,29.72,0.0,0.0,77,74,36.1,97.0,9.6,6.0,3.6,1.7,2.7,298.7,82.0,23.0,8.7,58.2,85.9,4,6,06:12 AM,07:45 PM,09:30 PM,08:15 AM,Waxing Gibbous,78
Singapore,Singapore,1.35,103.82,Asia/Singapore,1689100200,2023-07-12 00:00,28.9,84.0,Heavy rain,14.7,23.6,182,S,1000.8,29.55,15.2,0.6,74,63,30.7,87.3,3.5,2.2,4.1,25.3,40.7,100.0,81.3,2.0,1.0,4.0,17.1,1,1,06:12 AM,07:45 PM,09:30 PM,08:15 AM,Waxing Gibbous,78
Brazil,Rio de Janeiro,-22.91,-43.17,America/Sao_Paulo,1689100200,2023-07-12 00:00,27.9,82.2,Patchy rain possible,10.4,16.8,25,NNE,1000.6,29.55,3.1,0.12,80,78,30.6,87.1,6.6,4.1,3.3,15.6,25.1,100.0,81.0,9.4,1.5,17.3,34.7,2,2,06:12 AM,07:45 PM,09:30 PM,08:15 AM,Waxing Gibbous,78
Canada,Toronto,43.65,-79.38,America/Toronto,1689100200,2023-07-12 00:00,23.0,73.4,Partly cloudy,7.3,11.7,188,S,1016.7,30.02,0.0,0.0,56,65,24.9,76.8,8.5,5.3,4.9,8.8,14.2,100.0,82.4,4.4,6.7,13.2,14.9,2,2,06:12 AM,07:45 PM,09:30 PM,08:15 AM,Waxing Gibbous,78
Germany,Berlin,52.52,13.4,Europe/Berlin,1689100200,2023-07-12 00:00,17.4,63.3,Partly cloudy,6.6,10.6,67,ENE,1007.9,29.76,0.0,0.0,79,64,20.5,68.9,5.8,3.6,4.2,10.7,17.2,100.0,54.1,8.7,5.3,22.4,32.4,2,3,06:12 AM,07:45 PM,09:30 PM,08:15 AM,Waxing Gibbous,78
United Arab Emirates,Dubai,25.2,55.27,Asia/Dubai,1689100200,2023-07-12 00:00,39.0,102.2,Partly cloudy,10.9,17.6,271,W,1017.8,30.06,0.0,0.0,69,51,41.0,105.8,9.0,5.6,4.9,16.5,26.6,100.0,109.1,2.8,1.0,4.0,8.0,1,1,06:12 AM,07:45 PM,09:30 PM,08:15 AM,Waxing Gibbous,78
India,Mumbai,19.07,72.88,Asia/Kolkata,1689100200,2023-07-12 00:00,27.6,81.7,Patchy rain possible,16.1,25.9,68,ENE,1014.1,29.95,2.0,0.08,79,53,29.5,85.1,9.7,6.0,4.2,21.4,34.4,208.9,82.4,19.2,4.7,41.1,64.8,3,5,06:12 AM,07:45 PM,09:30 PM,08:15 AM,Waxing Gibbous,78
United States,San Francisco,37.77,-122.42,America/Los_Angeles,1689100200,2023-07-12 00:00,21.9,71.4,Partly cloudy,4.5,7.2,256,WSW,1015.4,29.98,0.0,0.0,61,57,24.4,75.9,10.0,6.2,5.2,5.8,9.4,144.5,70.0,7.3,4.9,27.5,29.0,2,3,06:12 AM,07:45 PM,09:30 PM,08:15 AM,Waxing Gibbous,78
South Africa,Cape Town,-33.92,18.42,Africa/Johannesburg,1689100200,2023-07-12 00:00,17.5,63.5,Partly cloudy,8.2,13.2,9,N,1009.7,29.82,0.0,0.0,81,42,20.5,68.9,9.1,5.7,5.2,12.4,19.9,140.7,58.4,12.3,1.0,24.7,43.8,2,3,06:12 AM,07:45 PM,09:30 PM,08:15 AM,Waxing Gibbous,78
South Korea,Seoul,37.56,126.98,Asia/Seoul,1689100200,2023-07-12 00:00,22.7,72.9,Partly cloudy,7.2,11.6,50,NE,1010.2,29.83,0.0,0.0,72,66,25.4,77.7,10.0,6.2,4.2,9.7,15.6,100.0,69.7,2.0,1.0,4.0,8.0,1,1,06:12 AM,07:45 PM,09:30 PM,08:15 AM,Waxing Gibbous,78
Thailand,Bangkok,13.75,100.5,Asia/Bangkok,1689100200,2023-07-12 00:00,29.4,84.9,Moderate rain,10.7,17.3,228,SW,1008.8,29.79,8.1,0.32,75,85,31.8,89.2,5.5,3.4,3.7,15.0,24.2,310.8,74.5,26.4,12.3,61.0,90.8,4,7,06:12 AM,07:45 PM,09:30 PM,08:15 AM,Waxing Gibbous,78
Kenya,Nairobi,-1.29,36.82,Africa/Nairobi,1689100200,2023-07-12 00:00,22.0,71.6,Overcast,3.9,6.2,279,W,1019.0,30.09,0.0,0.0,60,86,24.5,76.1,7.8,4.8,2.7,5.0,8.1,100.0,56.2,3.2,1.0,6.3,11.8,1,1,06:12 AM,07:45 PM,09:30 PM,08:15 AM,Waxing Gibbous,78
Sweden,Stockholm,59.33,18.06,Europe/Stockholm,1689100200,2023-07-12 00:00,15.9,60.6,Partly cloudy,7.1,11.4,126,SE,1016.0,30.0,0.0,0.0,61,71,18.0,64.4,9.0,5.6,3.2,11.0,17.7,112.8,49.4,10.7,2.9,16.2,20.9,2,2,06:12 AM,07:45 PM,09:30 PM,08:15 AM,Waxing Gibbous,78
Argentina,Buenos Aires,-34.6,-58.38,America/Argentina/Buenos_Aires,1689100200,2023-07-12 00:00,19.7,67.5,Partly cloudy,10.3,16.5,239,WSW,1020.0,30.12,0.0,0.0,58,42,21.3,70.3,8.5,5.3,5.0,13.6,21.9,100.0,64.5,5.5,1.0,15.6,26.3,2,2,06:12 AM,07:45 PM,09:30 PM,08:15 AM,Waxing Gibbous,78
United States,New York,40.71,-74.01,America/New_York,1689186600,2023-07-13 00:00,22.8,73.0,Partly cloudy,11.6,18.6,89,E,1013.7,29.93,0.0,0.0,72,55,24.9,76.8,8.6,5.3,4.7,20.2,32.5,100.0,63.5,8.2,1.0,5.5,20.2,1,1,06:12 AM,07:45 PM,09:30 PM,08:15 AM,Waxing Gibbous,78
United Kingdom,London,51.51,-0.13,Europe/London,1689186600,2023-07-13 00:00,18.7,65.7,Overcast,9.3,15.0,260,W,1009.7,29.82,0.0,0.0,75,79,21.2,70.2,7.1,4.4,3.0,12.3,19.8,100.0,50.2,11.4,4.5,12.4,16.1,2,2,06:12 AM,07:45 PM,09:30 PM,08:15 AM,Waxing Gibbous,78
Japan,Tokyo,35.68,139.69,Asia/Tokyo,1689186600,2023-07-13 00:00,28.4,83.1,Partly cloudy,2.1,3.4,254,WSW,1023.0,30.21,0.0,0.0,70,72,31.6,88.9,8.2,5.1,3.6,2.7,4.4,100.0,76.4,2.0,4.0,4.0,8.0,1,1,06:12 AM,07:45 PM,09:30 PM,08:15 AM,Waxing Gibbous,78
France,Paris,48.85,2.35,Europe/Paris,1689186600,2023-07-13 00:00,23.6,74.5,Partly cloudy,5.5,8.9,167,SSE,1013.8,29.94,0.0,0.0,53,72,25.5,77.9,9.1,5.7,2.7,9.5,15.3,100.0,63.2,4.6,1.0,4.0,8.0,1,1,06:12 AM,07:45 PM,09:30 PM,08:15 AM,Waxing Gibbous,78
India,New Delhi,28.61,77.21,Asia/Kolkata,1689186600,2023-07-13 00:00,32.7,90.9,Sunny,5.9,9.5,195,SSW,1011.8,29.88,0.0,0.0,49,29,34.4,93.9,9.3,5.8,6.4,7.3,11.7,346.6,96.1,21.8,8.9,64.8,103.8,4,7,06:12 AM,07:45 PM,09:30 PM,08:15 AM,Waxing Gibbous,78
Australia,Sydney,-33.87,151.21,Australia/Sydney,1689186600,2023-07-13 00:00,18.7,65.7,Partly cloudy,2.1,3.4,67,ENE,1012.3,29.89,0.0,0.0,64,46,21.6,70.9,9.9,6.2,5.0,2.5,4.1,100.0,58.6,2.0,1.0,4.0,8.0,1,1,06:12 AM,07:45 PM,09:30 PM,08:15 AM,Waxing Gibbous,78
Egypt,Cairo,30.04,31.24,Africa/Cairo,1689186600,2023-07-13 00:00,34.9,94.8,Overcast,9.6,15.5,144,SE,1010.4,29.84,0.0,0.0,83,93,37.8,100.0,8.7,5.4,3.6,14.0,22.6,239.7,80.9,29.7,8.2,42.5,66.4,3,5,06:12 AM,07:45 PM,09:30 PM,08:15 AM,Waxing Gibbous,78
Singapore,Singapore,1.35,103.82,Asia/Singapore,1689186600,2023-07-13 00:00,28.8,83.8,Partly cloudy,6.6,10.7,181,S,1016.6,30.02,0.0,0.0,81,49,32.0,89.6,8.1,5.0,5.3,9.9,15.9,101.6,88.6,12.8,3.3,17.4,26.6,2,2,06:12 AM,07:45 PM,09:30 PM,08:15 AM,Waxing Gibbous,78
Brazil,Rio de Janeiro,-22.91,-43.17,America/Sao_Paulo,1689186600,2023-07-13 00:00,21.9,71.4,Overcast,5.7,9.2,86,E,1016.4,30.01,0.0,0.0,56,77,24.0,75.2,10.0,6.2,3.5,8.8,14.2,100.2,71.4,9.8,1.2,18.7,35.8,2,2,06:12 AM,07:45 PM,09:30 PM,08:15 AM,Waxing Gibbous,78
Canada,Toronto,43.65,-79.38,America/Toronto,1689186600,2023-07-13 00:00,22.4,72.3,Partly cloudy,4.7,7.6,209,SSW,1011.7,29.88,0.0,0.0,60,51,24.8,76.6,10.0,6.2,4.6,6.2,9.9,100.0,66.0,7.6,1.0,4.0,8.0,1,1,06:12 AM,07:45 PM,09:30 PM,08:15 AM,Waxing Gibbous,78
Germany,Berlin,52.52,13.4,Europe/Berlin,1689186600,2023-07-13 00:00,16.0,60.8,Patchy rain possible,11.7,18.9,102,ESE,995.3,29.39,1.1,0.04,85,50,18.7,65.7,8.6,5.3,5.0,20.2,32.5,100.0,57.3,11.4,1.0,16.1,27.9,2,2,06:12 AM,07:45 PM,09:30 PM,08:15 AM,Waxing Gibbous,78
United Arab Emirates,Dubai,25.2,55.27,Asia/Dubai,1689186600,2023-07-13 00:00,41.2,106.2,Sunny,10.2,16.4,203,SSW,1011.5,29.87,0.0,0.0,36,18,41.7,107.1,8.9,5.5,6.7,13.9,22.3,100.0,113.7,5.1,4.8,10.6,12.7,1,2,06:12 AM,07:45 PM,09:30 PM,08:15 AM,Waxing Gibbous,78
India,Mumbai,19.07,72.88,Asia/Kolkata,1689186600,2023-07-13 00:00,30.9,87.6,Partly cloudy,11.8,19.0,161,SSE,1014.1,29.95,0.0,0.0,82,68,33.5,92.3,7.7,4.8,3.5,20.1,32.4,255.3,86.7,16.3,5.4,49.9,65.0,3,5,06:12 AM,07:45 PM,09:30 PM,08:15 AM,Waxing Gibbous,78
United States,San Francisco,37.77,-122.42,America/Los_Angeles,1689186600,2023-07-13 00:00,18.1,64.6,Partly cloudy,3.4,5.5,23,NNE,1017.5,30.05,0.0,0.0,59,42,20.6,69.1,7.4,4.6,4.4,4.7,7.6,100.0,49.6,5.1,1.0,9.3,28.5,1,1,06:12 AM,07:45 PM,09:30 PM,08:15 AM,Waxing Gibbous,78
South Africa,Cape Town,-33.92,18.42,Africa/Johannesburg,1689186600,2023-07-13 00:00,13.7,56.7,Partly cloudy,9.9,16.0,21,NNE,1018.9,30.09,0.0,0.0,69,51,15.9,60.6,8.0,5.0,4.7,16.3,26.2,100.0,53.7,2.6,1.5,4.0,13.2,1,1,06:12 AM,07:45 PM,09:30 PM,08:15 AM,Waxing Gibbous,78
South Korea,Seoul,37.56,126.98,Asia/Seoul,1689186600,2023-07-13 00:00,23.2,73.8,Partly cloudy,11.2,18.1,115,ESE,1014.4,29.96,0.0,0.0,67,33,25.1,77.2,8.0,5.0,6.0,15.0,24.2,100.0,69.0,2.0,1.0,4.0,8.0,1,1,06:12 AM,07:45 PM,09:30 PM,08:15 AM,Waxing Gibbous,78
Thailand,Bangkok,13.75,100.5,Asia/Bangkok,1689186600,2023-07-13 00:00,29.2,84.6,Partly cloudy,8.0,12.9,129,SE,1014.8,29.97,0.0,0.0,73,56,31.8,89.2,9.3,5.8,4.4,12.0,19.3,280.2,78.1,25.8,7.6,50.5,73.0,3,6,06:12 AM,07:45 PM,09:30 PM,08:15 AM,Waxing Gibbous,78
Kenya,Nairobi,-1.29,36.82,Africa/Nairobi,1689186600,2023-07-13 00:00,22.6,72.7,Clear,5.5,8.9,97,E,1012.1,29.89,0.0,0.0,61,30,24.9,76.8,8.9,5.5,6.7,8.2,13.2,100.0,78.5,5.3,3.1,17.7,20.6,2,2,06:12 AM,07:45 PM,09:30 PM,08:15 AM,Waxing Gibbous,78
Sweden,Stockholm,59.33,18.06,Europe/Stockholm,1689186600,2023-07-13 00:00,14.1,57.4,Partly cloudy,9.3,15.0,153,SSE,1029.8,30.41,0.0,0.0,65,60,16.2,61.2,9.0,5.6,4.3,13.8,22.2,100.0,40.3,2.0,2.1,4.0,11.1,1,1,06:12 AM,07:45 PM,09:30 PM,08:15 AM,Waxing Gibbous,78
Argentina,Buenos Aires,-34.6,-58.38,America/Argentina/Buenos_Aires,1689186600,2023-07-13 00:00,18.6,65.5,Partly cloudy,9.0,14.5,209,SSW,1022.2,30.19,0.0,0.0,54,52,20.1,68.2,9.1,5.7,4.5,15.3,24.6,100.0,51.7,4.9,3.0,12.7,31.7,2,2,06:12 AM,07:45 PM,09:30 PM,08:15 AM,Waxing Gibbous,78
United States,New York,40.71,-74.01,America/New_York,1689273000,2023-07-14 00:00,26.1,79.0,Partly cloudy,6.0,9.7,270,W,1011.3,29.86,0.0,0.0,65,53,28.6,83.5,8.8,5.5,5.3,10.4,16.8,100.0,79.8,5.5,1.5,17.2,9.7,2,2,06:12 AM,07:45 PM,09:30 PM,08:15 AM,Waxing Gibbous,78
United Kingdom,London,51.51,-0.13,Europe/London,1689273000,2023-07-14 00:00,19.9,67.8,Partly cloudy,9.1,14.7,57,ENE,1017.3,30.04,0.0,0.0,65,34,22.0,71.6,10.0,6.2,6.6,13.9,22.3,159.6,76.1,11.4,4.7,27.5,51.8,2,3,06:12 AM,07:45 PM,09:30 PM,08:15 AM,Waxing Gibbous,78
Japan,Tokyo,35.68,139.69,Asia/Tokyo,1689273000,2023-07-14 00:00,28.8,83.8,Partly cloudy,6.9,11.1,224,SW,1002.6,29.61,0.0,0.0,61,40,31.0,87.8,9.1,5.7,4.8,11.7,18.9,100.0,83.7,7.8,3.7,11.4,28.1,1,2,06:12 AM,07:45 PM,09:30 PM,08:15 AM,Waxing Gibbous,78
France,Paris,48.85,2.35,Europe/Paris,1689273000,2023-07-14 00:00,19.1,66.4,Patchy rain possible,7.6,12.3,313,NW,1004.6,29.67,3.2,0.13,78,90,22.0,71.6,8.8,5.5,2.9,12.4,20.0,118.9,46.3,9.5,2.7,19.4,35.5,2,2,06:12 AM,07:45 PM,09:30 PM,08:15 AM,Waxing Gibbous,78
India,New Delhi,28.61,77.21,Asia/Kolkata,1689273000,2023-07-14 00:00,33.5,92.3,Partly cloudy,4.3,6.9,332,NNW,1010.5,29.84,0.0,0.0,61,46,36.0,96.8,8.4,5.2,5.2,7.5,12.1,347.4,90.8,29.9,12.3,70.5,116.8,4,8,06:12 AM,07:45 PM,09:30 PM,08:15 AM,Waxing Gibbous,78
Australia,Sydney,-33.87,151.21,Australia/Sydney,1689273000,2023-07-14 00:00,20.6,69.1,Clear,3.4,5.5,314,NW,1005.1,29.68,0.0,0.0,58,24,23.1,73.6,7.2,4.5,6.4,5.9,9.5,110.5,64.6,5.2,4.2,20.3,19.8,2,3,06:12 AM,07:45 PM,09:30 PM,08:15 AM,Waxing Gibbous,78
Egypt,Cairo,30.04,31.24,Africa/Cairo,1689273000,2023-07-14 00:00,28.7,83.7,Overcast,1.6,2.6,82,E,1010.7,29.85,0.0,0.0,98,100,33.4,92.1,8.4,5.2,2.2,2.1,3.4,260.8,80.0,26.4,10.3,55.0,101.5,4,6,06:12 AM,07:45 PM,09:30 PM,08:15 AM,Waxing Gibbous,78
Singapore,Singapore,1.35,103.82,Asia/Singapore,1689273000,2023-07-14 00:00,32.7,90.9,Partly cloudy,12.9,20.8,100,E,1014.8,29.97,0.0,0.0,60,45,34.0,93.2,10.0,6.2,5.1,17.3,27.8,100.0,93.2,2.0,1.0,4.5,8.0,1,1,06:12 AM,07:45 PM,09:30 PM,08:15 AM,Waxing Gibbous,78
Brazil,Rio de Janeiro,-22.91,-43.17,America/Sao_Paulo,1689273000,2023-07-14 00:00,22.2,72.0,Partly cloudy,21.0,33.8,61,ENE,1014.6,29.96,0.0,0.0,78,63,23.4,74.1,9.2,5.7,3.7,34.2,55.1,100.0,58.2,8.1,1.1,14.8,22.9,2,2,06:12 AM,07:45 PM,09:30 PM,08:15 AM,Waxing Gibbous,78
Canada,Toronto,43.65,-79.38,America/Toronto,1689273000,2023-07-14 00:00,22.4,72.3,Patchy rain possible,10.6,17.1,312,NW,1015.8,30.0,0.1,0.0,77,45,24.9,76.8,7.7,4.8,4.9,17.0,27.3,115.5,67.6,14.3,2.5,24.5,39.3,2,3,06:12 AM,07:45 PM,09:30 PM,08:15 AM,Waxing Gibbous,78
Germany,Berlin,52.52,13.4,Europe/Berlin,1689273000,2023-07-14 00:00,18.5,65.3,Partly cloudy,17.1,27.5,299,WNW,1020.8,30.14,0.0,0.0,67,42,19.7,67.5,9.5,5.9,5.1,23.6,38.0,100.0,62.6,7.3,5.0,15.9,18.1,2,2,06:12 AM,07:45 PM,09:30 PM,08:15 AM,Waxing Gibbous,78
United Arab Emirates,Dubai,25.2,55.27,Asia/Dubai,1689273000,2023-07-14 00:00,36.5,97.7,Partly cloudy,7.0,11.3,197,SSW,1011.2,29.86,0.0,0.0,73,50,39.2,102.6,9.0,5.6,5.7,12.2,19.6,124.4,111.5,9.8,2.9,28.4,30.7,2,3,06:12 AM,07:45 PM,09:30 PM,08:15 AM,Waxing Gibbous,78
India,Mumbai,19.07,72.88,Asia/Kolkata,1689273000,2023-07-14 00:00,28.7,83.7,Moderate rain,9.8,15.7,214,SW,1006.9,29.73,14.5,0.57,84,97,31.6,88.9,4.5,2.8,2.7,12.9,20.7,157.3,66.6,10.5,2.5,27.0,51.5,2,3,06:12 AM,07:45 PM,09:30 PM,08:15 AM,Waxing Gibbous,78
United States,San Francisco,37.77,-122.42,America/Los_Angeles,1689273000,2023-07-14 00:00,13.5,56.3,Overcast,6.8,10.9,17,NNE,1010.4,29.84,0.0,0.0,97,100,17.5,63.5,8.6,5.3,1.4,9.6,15.4,131.8,31.7,13.6,1.4,14.7,25.3,2,2,06:12 AM,07:45 PM,09:30 PM,08:15 AM,Waxing Gibbous,78
South Africa,Cape Town,-33.92,18.42,Africa/Johannesburg,1689273000,2023-07-14 00:00,14.4,57.9,Patchy rain possible,14.5,23.3,139,SE,1016.8,30.03,1.3,0.05,98,84,17.4,63.3,9.8,6.1,2.8,18.2,29.3,100.0,39.4,4.6,1.0,4.0,8.0,1,1,06:12 AM,07:45 PM,09:30 PM,08:15 AM,Waxing Gibbous,78
South Korea,Seoul,37.56,126.98,Asia/Seoul,1689273000,2023-07-14 00:00,22.2,72.0,Overcast,2.8,4.5,322,NW,1019.0,30.09,0.0,0.0,65,83,25.1,77.2,6.9,4.3,2.7,5.0,8.0,106.5,54.0,8.9,2.4,20.4,32.4,2,3,06:12 AM,07:45 PM,09:30 PM,08:15 AM,Waxing Gibbous,78
Thailand,Bangkok,13.75,100.5,Asia/Bangkok,1689273000,2023-07-14 00:00,32.1,89.8,Partly cloudy,11.7,18.8,350,N,1005.6,29.7,0.0,0.0,52,52,33.2,91.8,7.7,4.8,4.7,15.2,24.4,268.8,89.2,19.2,5.0,46.8,80.0,3,5,06:12 AM,07:45 PM,09:30 PM,08:15 AM,Waxing Gibbous,78
Kenya,Nairobi,-1.29,36.82,Africa/Nairobi,1689273000,2023-07-14 00:00,16.9,62.4,Overcast,14.1,22.7,16,NNE,1010.3,29.83,0.0,0.0,76,87,18.9,66.0,7.9,4.9,3.1,23.7,38.2,100.0,43.6,10.9,3.1,7.5,19.7,1,1,06:12 AM,07:45 PM,09:30 PM,08:15 AM,Waxing Gibbous,78
Sweden,Stockholm,59.33,18.06,Europe/Stockholm,1689273000,2023-07-14 00:00,15.6,60.1,Sunny,19.4,31.3,37,NE,1008.4,29.78,0.0,0.0,63,26,16.2,61.2,9.1,5.7,6.1,27.1,43.6,100.0,58.4,8.1,1.0,13.9,23.8,2,2,06:12 AM,07:45 PM,09:30 PM,08:15 AM,Waxing Gibbous,78
Argentina,Buenos Aires,-34.6,-58.38,America/Argentina/Buenos_Aires,1689273000,2023-07-14 00:00,18.1,64.6,Patchy rain possible,12.9,20.7,68,ENE,1007.8,29.76,0.1,0.0,76,90,20.2,68.4,10.0,6.2,2.5,16.5,26.5,141.3,45.1,14.8,3.4,27.8,64.8,2,3,06:12 AM,07:45 PM,09:30 PM,08:15 AM,Waxing Gibbous,78
United States,New York,40.71,-74.01,America/New_York,1689359400,2023-07-15 00:00,24.8,76.6,Partly cloudy,4.5,7.3,318,NW,1007.7,29.76,0.0,0.0,56,68,27.0,80.6,7.7,4.8,4.3,6.5,10.4,106.2,69.4,2.2,2.9,20.8,27.8,2,3,06:12 AM,07:45 PM,09:30 PM,08:15 AM,Waxing Gibbous,78
United Kingdom,London,51.51,-0.13,Europe/London,1689359400,2023-07-15 00:00,16.2,61.2,Partly cloudy,1.2,2.0,92,E,1010.8,29.85,0.0,0.0,64,59,19.2,66.6,9.8,6.1,4.3,1.9,3.0,100.0,54.8,2.0,1.0,8.6,8.0,1,1,06:12 AM,07:45 PM,09:30 PM,08:15 AM,Waxing Gibbous,78
Japan,Tokyo,35.68,139.69,Asia/Tokyo,1689359400,2023-07-15 00:00,33.7,92.7,Sunny,6.0,9.6,201,SSW,1011.2,29.86,0.0,0.0,47,10,35.3,95.5,9.3,5.8,7.1,8.8,14.1,100.0,100.9,11.3,2.4,19.1,37.2,2,2,06:12 AM,07:45 PM,09:30 PM,08:15 AM,Waxing Gibbous,78
France,Paris,48.85,2.35,Europe/Paris,1689359400,2023-07-15 00:00,20.6,69.1,Partly cloudy,1.7,2.7,136,SE,1013.1,29.92,0.0,0.0,56,36,23.2,73.8,10.0,6.2,5.6,2.4,3.8,100.0,70.5,2.0,2.6,6.1,12.8,1,1,06:12 AM,07:45 PM,09:30 PM,08:15 AM,Waxing Gibbous,78
India,New Delhi,28.61,77.21,Asia/Kolkata,1689359400,2023-07-15 00:00,31.4,88.5,Patchy rain possible,11.6,18.6,108,ESE,1022.2,30.19,0.9,0.04,83,62,34.1,93.4,8.6,5.3,4.2,14.7,23.7,248.7,82.1,19.8,7.1,44.5,71.1,3,5,06:12 AM,07:45 PM,09:30 PM,08:15 AM,Waxing Gibbous,78
Australia,Sydney,-33.87,151.21,Australia/Sydney,1689359400,2023-07-15 00:00,20.7,69.3,Partly cloudy,7.8,12.6,14,NNE,1019.3,30.1,0.0,0.0,60,40,22.7,72.9,8.0,5.0,4.9,12.9,20.8,100.0,64.8,8.2,2.2,7.8,13.2,1,1,06:12 AM,07:45 PM,09:30 PM,08:15 AM,Waxing Gibbous,78
Egypt,Cairo,30.04,31.24,Africa/Cairo,1689359400,2023-07-15 00:00,29.9,85.8,Partly cloudy,8.8,14.1,117,ESE,1016.4,30.01,0.0,0.0,72,56,32.4,90.3,7.6,4.7,4.9,13.2,21.2,238.2,84.4,27.9,7.6,43.4,59.1,3,5,06:12 AM,07:45 PM,09:30 PM,08:15 AM,Waxing Gibbous,78
Singapore,Singapore,1.35,103.82,Asia/Singapore,1689359400,2023-07-15 00:00,30.2,86.4,Partly cloudy,2.5,4.1,240,WSW,1019.3,30.1,0.0,0.0,52,43,32.5,90.5,10.0,6.2,6.1,3.9,6.3,100.0,82.5,4.6,1.5,13.1,16.0,2,2,06:12 AM,07:45 PM,09:30 PM,08:15 AM,Waxing Gibbous,78
Brazil,Rio de Janeiro,-22.91,-43.17,America/Sao_Paulo,1689359400,2023-07-15 00:00,25.3,77.5,Patchy rain possible,18.9,30.4,46,NE,1013.2,29.92,0.7,0.03,75,82,26.6,79.9,9.3,5.8,3.5,33.2,53.4,100.0,72.2,6.0,1.3,4.0,8.0,1,1,06:12 AM,07:45 PM,09:30 PM,08:15 AM,Waxing Gibbous,78
Canada,Toronto,43.65,-79.38,America/Toronto,1689359400,2023-07-15 00:00,22.6,72.7,Sunny,2.9,4.7,358,N,1002.8,29.61,0.0,0.0,62,29,25.3,77.5,9.0,5.6,5.8,3.7,6.0,143.7,77.8,10.6,1.8,27.2,24.9,2,3,06:12 AM,07:45 PM,09:30 PM,08:15 AM,Waxing Gibbous,78
Germany,Berlin,52.52,13.4,Europe/Berlin,1689359400,2023-07-15 00:00,21.2,70.2,Partly cloudy,3.6,5.8,303,WNW,1006.1,29.71,0.0,0.0,73,67,24.4,75.9,8.2,5.1,4.0,6.3,10.1,100.0,61.2,2.0,1.3,9.3,8.0,1,1,06:12 AM,07:45 PM,09:30 PM,08:15 AM,Waxing Gibbous,78
United Arab Emirates,Dubai,25.2,55.27,Asia/Dubai,1689359400,2023-07-15 00:00,40.5,104.9,Partly cloudy,10.0,16.1,257,WSW,1011.5,29.87,0.0,0.0,59,32,42.2,108.0,10.0,6.2,6.7,15.9,25.6,100.0,117.4,4.2,3.6,7.3,8.0,1,1,06:12 AM,07:45 PM,09:30 PM,08:15 AM,Waxing Gibbous,78
India,Mumbai,19.07,72.88,Asia/Kolkata,1689359400,2023-07-15 00:00,32.5,90.5,Partly cloudy,11.9,19.2,97,E,1019.6,30.11,0.0,0.0,73,62,34.6,94.3,7.7,4.8,4.8,19.3,31.1,179.0,84.5,17.2,5.5,34.5,54.4,2,4,06:12 AM,07:45 PM,09:30 PM,08:15 AM,Waxing Gibbous,78
United States,San Francisco,37.77,-122.42,America/Los_Angeles,1689359400,2023-07-15 00:00,17.2,63.0,Patchy rain possible,7.8,12.6,112,ESE,1016.9,30.03,3.3,0.13,83,76,20.3,68.5,7.9,4.9,4.3,12.4,20.0,137.8,58.6,4.0,1.8,14.9,20.5,2,2,06:12 AM,07:45 PM,09:30 PM,08:15 AM,Waxing Gibbous,78
South Africa,Cape Town,-33.92,18.42,Africa/Johannesburg,1689359400,2023-07-15 00:00,12.9,55.2,Partly cloudy,16.8,27.1,217,SW,1022.0,30.18,0.0,0.0,53,52,13.4,56.1,8.5,5.3,5.0,21.3,34.2,109.2,52.0,8.8,1.8,15.5,36.0,2,2,06:12 AM,07:45 PM,09:30 PM,08:15 AM,Waxing Gibbous,78
South Korea,Seoul,37.56,126.98,Asia/Seoul,1689359400,2023-07-15 00:00,27.2,81.0,Partly cloudy,9.3,15.0,332,NNW,1012.8,29.91,0.0,0.0,63,48,29.2,84.6,8.3,5.2,5.2,13.8,22.2,107.9,74.3,2.0,1.0,12.0,8.0,2,2,06:12 AM,07:45 PM,09:30 PM,08:15 AM,Waxing Gibbous,78
Thailand,Bangkok,13.75,100.5,Asia/Bangkok,1689359400,2023-07-15 00:00,34.5,94.1,Partly cloudy,9.1,14.6,309,NW,1017.5,30.05,0.0,0.0,61,65,36.4,97.5,10.0,6.2,5.2,13.9,22.4,246.5,91.6,20.2,9.6,43.7,61.2,3,5,06:12 AM,07:45 PM,09:30 PM,08:15 AM,Waxing Gibbous,78
Kenya,Nairobi,-1.29,36.82,Africa/Nairobi,1689359400,2023-07-15 00:00,18.9,66.0,Partly cloudy,8.5,13.7,113,ESE,1018.2,30.07,0.0,0.0,54,48,20.5,68.9,8.6,5.3,5.5,11.8,19.0,100.0,62.3,7.6,5.0,19.6,31.6,2,2,06:12 AM,07:45 PM,09:30 PM,08:15 AM,Waxing Gibbous,78
Sweden,Stockholm,59.33,18.06,Europe/Stockholm,1689359400,2023-07-15 00:00,14.9,58.8,Partly cloudy,4.2,6.8,181,S,1012.9,29.91,0.0,0.0,54,49,17.1,62.8,9.2,5.7,4.8,6.0,9.7,100.0,49.0,6.8,1.0,15.7,40.1,2,2,06:12 AM,07:45 PM,09:30 PM,08:15 AM,Waxing Gibbous,78
Argentina,Buenos Aires,-34.6,-58.38,America/Argentina/Buenos_Aires,1689359400,2023-07-15 00:00,18.0,64.4,Partly cloudy,11.6,18.7,275,W,1013.8,29.94,0.0,0.0,65,73,19.8,67.6,8.3,5.2,3.9,17.3,27.9,100.0,46.2,2.9,1.0,12.7,21.2,2,2,06:12 AM,07:45 PM,09:30 PM,08:15 AM,Waxing Gibbous,78
United States,New York,40.71,-74.01,America/New_York,1689445800,2023-07-16 00:00,27.8,82.0,Sunny,4.0,6.4,227,SW,1013.7,29.93,0.0,0.0,42,25,29.4,84.9,8.3,5.2,6.9,5.8,9.4,118.1,93.1,11.0,7.1,17.9,42.8,2,2,06:12 AM,07:45 PM,09:30 PM,08:15 AM,Waxing Gibbous,78
United Kingdom,London,51.51,-0.13,Europe/London,1689445800,2023-07-16 00:00,20.4,68.7,Partly cloudy,6.3,10.2,239,WSW,1012.4,29.9,0.0,0.0,70,68,23.1,73.6,9.1,5.7,4.8,9.9,15.9,100.0,62.8,2.0,1.0,10.2,9.0,1,2,06:12 AM,07:45 PM,09:30 PM,08:15 AM,Waxing Gibbous,78
Japan,Tokyo,35.68,139.69,Asia/Tokyo,1689445800,2023-07-16 00:00,29.1,84.4,Partly cloudy,9.3,15.0,22,NNE,1017.3,30.04,0.0,0.0,59,52,30.9,87.6,9.4,5.8,4.8,12.4,19.9,130.1,75.5,13.9,6.4,24.3,46.0,2,3,06:12 AM,07:45 PM,09:30 PM,08:15 AM,Waxing Gibbous,78
France,Paris,48.85,2.35,Europe/Paris,1689445800,2023-07-16 00:00,23.0,73.4,Partly cloudy,11.0,17.7,76,ENE,1010.9,29.85,0.0,0.0,62,69,24.7,76.5,9.3,5.8,3.7,14.7,23.6,100.0,69.1,8.8,1.1,6.7,8.0,1,1,06:12 AM,07:45 PM,09:30 PM,08:15 AM,Waxing Gibbous,78
India,New Delhi,28.61,77.21,Asia/Kolkata,1689445800,2023-07-16 00:00,34.5,94.1,Partly cloudy,3.0,4.8,138,SE,1017.8,30.06,0.0,0.0,67,60,37.5,99.5,8.9,5.5,3.4,4.6,7.4,254.2,85.0,19.1,8.4,52.7,98.4,3,6,06:12 AM,07:45 PM,09:30 PM,08:15 AM,Waxing Gibbous,78
Australia,Sydney,-33.87,151.21,Australia/Sydney,1689445800,2023-07-16 00:00,19.7,67.5,Partly cloudy,1.4,2.2,269,W,1015.9,30.0,0.0,0.0,55,72,22.3,72.1,7.8,4.8,3.6,2.4,3.9,100.0,43.1,6.1,4.4,12.7,41.5,2,2,06:12 AM,07:45 PM,09:30 PM,08:15 AM,Waxing Gibbous,78
Egypt,Cairo,30.04,31.24,Africa/Cairo,1689445800,2023-07-16 00:00,32.8,91.0,Partly cloudy,11.1,17.8,47,NE,1022.4,30.19,0.0,0.0,63,37,34.5,94.1,9.0,5.6,5.9,16.2,26.1,267.3,88.0,16.2,7.3,51.0,82.4,3,6,06:12 AM,07:45 PM,09:30 PM,08:15 AM,Waxing Gibbous,78
Singapore,Singapore,1.35,103.82,Asia/Singapore,1689445800,2023-07-16 00:00,28.1,82.6,Partly cloudy,5.1,8.2,87,E,1003.9,29.65,0.0,0.0,78,72,31.3,88.3,10.0,6.2,3.4,7.7,12.4,100.0,72.5,2.7,3.7,7.7,24.1,1,1,06:12 AM,07:45 PM,09:30 PM,08:15 AM,Waxing Gibbous,78
Brazil,Rio de Janeiro,-22.91,-43.17,America/Sao_Paulo,1689445800,2023-07-16 00:00,22.2,72.0,Overcast,20.4,32.9,265,W,1007.9,29.76,0.0,0.0,79,90,23.5,74.3,10.0,6.2,2.4,34.3,55.2,100.0,49.6,10.4,3.2,15.9,25.3,2,2,06:12 AM,07:45 PM,09:30 PM,08:15 AM,Waxing Gibbous,78
Canada,Toronto,43.65,-79.38,America/Toronto,1689445800,2023-07-16 00:00,19.2,66.6,Partly cloudy,3.0,4.8,64,ENE,1003.5,29.63,0.0,0.0,64,45,22.0,71.6,10.0,6.2,5.9,5.2,8.3,100.0,63.6,6.5,1.0,10.3,8.8,1,2,06:12 AM,07:45 PM,09:30 PM,08:15 AM,Waxing Gibbous,78
Germany,Berlin,52.52,13.4,Europe/Berlin,1689445800,2023-07-16 00:00,18.5,65.3,Partly cloudy,19.4,31.3,162,SSE,1015.5,29.99,0.0,0.0,56,61,18.8,65.8,10.0,6.2,3.8,23.5,37.9,100.0,56.3,2.0,1.9,4.0,8.0,1,1,06:12 AM,07:45 PM,09:30 PM,08:15 AM,Waxing Gibbous,78
United Arab Emirates,Dubai,25.2,55.27,Asia/Dubai,1689445800,2023-07-16 00:00,40.5,104.9,Partly cloudy,13.9,22.3,129,SE,1019.8,30.11,0.0,0.0,67,42,42.1,107.8,8.4,5.2,5.2,18.6,30.0,100.0,94.0,7.8,1.8,18.0,21.9,2,2,06:12 AM,07:45 PM,09:30 PM,08:15 AM,Waxing Gibbous,78
India,Mumbai,19.07,72.88,Asia/Kolkata,1689445800,2023-07-16 00:00,23.0,73.4,Patchy rain possible,10.6,17.0,217,SW,1019.9,30.12,1.5,0.06,86,64,25.9,78.6,9.0,5.6,4.2,15.7,25.2,220.0,72.1,12.4,5.3,37.5,57.2,3,4,06:12 AM,07:45 PM,09:30 PM,08:15 AM,Waxing Gibbous,78
United States,San Francisco,37.77,-122.42,America/Los_Angeles,1689445800,2023-07-16 00:00,19.6,67.3,Partly cloudy,8.1,13.1,110,ESE,1016.1,30.01,0.0,0.0,70,71,22.1,71.8,6.9,4.3,3.5,9.8,15.7,100.0,51.9,2.0,1.2,12.0,31.5,2,2,06:12 AM,07:45 PM,09:30 PM,08:15 AM,Waxing Gibbous,78
South Africa,Cape Town,-33.92,18.42,Africa/Johannesburg,1689445800,2023-07-16 00:00,14.1,57.4,Moderate rain,8.2,13.2,103,ESE,1011.2,29.86,9.2,0.36,71,75,16.6,61.9,6.6,4.1,2.7,10.5,16.9,104.9,45.1,17.2,2.9,26.1,20.4,2,3,06:12 AM,07:45 PM,09:30 PM,08:15 AM,Waxing Gibbous,78
South Korea,Seoul,37.56,126.98,Asia/Seoul,1689445800,2023-07-16 00:00,20.6,69.1,Patchy rain possible,15.8,25.4,22,NNE,1009.2,29.8,0.5,0.02,90,64,23.1,73.6,7.8,4.8,3.8,20.0,32.2,100.0,67.2,3.6,1.0,10.7,15.2,1,2,06:12 AM,07:45 PM,09:30 PM,08:15 AM,Waxing Gibbous,78
Thailand,Bangkok,13.75,100.5,Asia/Bangkok,1689445800,2023-07-16 00:00,35.3,95.5,Patchy rain possible,11.2,18.0,131,SE,1021.9,30.18,0.1,0.0,69,51,37.3,99.1,9.3,5.8,5.0,17.5,28.1,242.4,100.5,22.5,6.0,49.8,85.2,3,5,06:12 AM,07:45 PM,09:30 PM,08:15 AM,Waxing Gibbous,78
Kenya,Nairobi,-1.29,36.82,Africa/Nairobi,1689445800,2023-07-16 00:00,21.7,71.1,Partly cloudy,9.3,14.9,165,SSE,1006.8,29.73,0.0,0.0,63,53,23.7,74.7,9.1,5.7,4.6,13.6,21.9,100.0,66.8,2.4,1.0,4.0,8.0,1,1,06:12 AM,07:45 PM,09:30 PM,08:15 AM,Waxing Gibbous,78
Sweden,Stockholm,59.33,18.06,Europe/Stockholm,1689445800,2023-07-16 00:00,17.6,63.7,Partly cloudy,1.6,2.5,321,NW,1015.1,29.98,0.0,0.0,54,51,20.1,68.2,8.1,5.0,4.7,2.1,3.4,132.0,52.1,12.9,1.0,30.2,43.3,2,4,06:12 AM,07:45 PM,09:30 PM,08:15 AM,Waxing Gibbous,78
Argentina,Buenos Aires,-34.6,-58.38,America/Argentina/Buenos_Aires,1689445800,2023-07-16 00:00,17.3,63.1,Partly cloudy,8.9,14.3,330,NNW,1012.9,29.91,0.0,0.0,60,55,19.2,66.6,10.0,6.2,4.8,13.2,21.3,173.3,52.9,13.7,5.0,30.8,54.3,2,4,06:12 AM,07:45 PM,09:30 PM,08:15 AM,Waxing Gibbous,78
United States,New York,40.71,-74.01,America/New_York,1689532200,2023-07-17 00:00,23.7,74.7,Partly cloudy,13.5,21.8,341,NNW,1017.1,30.03,0.0,0.0,85,73,26.2,79.2,9.0,5.6,3.3,23.2,37.3,100.0,59.8,2.0,1.0,4.0,8.0,1,1,06:12 AM,07:45 PM,09:30 PM,08:15 AM,Waxing Gibbous,78
United Kingdom,London,51.51,-0.13,Europe/London,1689532200,2023-07-17 00:00,19.1,66.4,Overcast,12.4,20.0,72,ENE,1004.4,29.66,0.0,0.0,72,94,21.1,70.0,7.8,4.8,2.7,19.8,31.8,100.0,51.9,4.3,2.5,15.4,12.3,2,2,06:12 AM,07:45 PM,09:30 PM,08:15 AM,Waxing Gibbous,78
Japan,Tokyo,35.68,139.69,Asia/Tokyo,1689532200,2023-07-17 00:00,26.6,79.9,Partly cloudy,6.0,9.6,32,NNE,1013.3,29.92,0.0,0.0,60,69,28.8,83.8,8.3,5.2,4.1,8.0,12.8,100.0,74.2,4.3,4.3,13.8,38.4,2,2,06:12 AM,07:45 PM,09:30 PM,08:15 AM,Waxing Gibbous,78
France,Paris,48.85,2.35,Europe/Paris,1689532200,2023-07-17 00:00,26.2,79.2,Sunny,10.1,16.3,14,NNE,1011.9,29.88,0.0,0.0,59,17,27.8,82.0,9.9,6.2,7.3,17.3,27.9,100.0,88.6,3.9,4.3,15.4,15.3,2,2,06:12 AM,07:45 PM,09:30 PM,08:15 AM,Waxing Gibbous,78
India,New Delhi,28.61,77.21,Asia/Kolkata,1689532200,2023-07-17 00:00,34.5,94.1,Partly cloudy,8.3,13.4,32,NNE,1008.3,29.78,0.0,0.0,59,36,36.4,97.5,8.3,5.2,6.3,12.1,19.5,195.9,96.9,25.5,7.8,40.7,64.1,3,5,06:12 AM,07:45 PM,09:30 PM,08:15 AM,Waxing Gibbous,78
Australia,Sydney,-33.87,151.21,Australia/Sydney,1689532200,2023-07-17 00:00,16.1,61.0,Patchy rain possible,14.5,23.3,348,NNW,1018.8,30.09,0.9,0.04,81,80,18.3,64.9,7.7,4.8,3.3,19.5,31.4,100.0,47.5,3.9,1.0,5.6,24.5,1,1,06:12 AM,07:45 PM,09:30 PM,08:15 AM,Waxing Gibbous,78
Egypt,Cairo,30.04,31.24,Africa/Cairo,1689532200,2023-07-17 00:00,37.3,99.1,Partly cloudy,10.0,16.1,242,WSW,1021.9,30.18,0.0,0.0,51,70,38.6,101.5,7.7,4.8,4.3,15.5,25.0,181.7,101.3,23.4,1.0,36.9,80.4,3,4,06:12 AM,07:45 PM,09:30 PM,08:15 AM,Waxing Gibbous,78
Singapore,Singapore,1.35,103.82,Asia/Singapore,1689532200,2023-07-17 00:00,32.0,89.6,Overcast,4.0,6.5,256,WSW,1012.3,29.89,0.0,0.0,68,82,34.9,94.8,7.5,4.7,2.8,6.0,9.6,100.0,79.2,14.3,1.0,23.1,34.2,2,3,06:12 AM,07:45 PM,09:30 PM,08:15 AM,Waxing Gibbous,78
Brazil,Rio de Janeiro,-22.91,-43.17,America/Sao_Paulo,1689532200,2023-07-17 00:00,26.6,79.9,Patchy rain possible,7.4,11.9,214,SW,1008.7,29.79,1.9,0.07,85,62,29.9,85.8,6.8,4.2,3.3,11.6,18.7,100.0,64.3,9.9,6.2,14.5,15.2,2,2,06:12 AM,07:45 PM,09:30 PM,08:15 AM,Waxing Gibbous,78
Canada,Toronto,43.65,-79.38,America/Toronto,1689532200,2023-07-17 00:00,19.6,67.3,Overcast,5.7,9.2,87,E,1002.4,29.6,0.0,0.0,80,100,22.9,73.2,8.6,5.3,2.8,8.4,13.5,100.0,58.3,4.5,1.0,14.3,22.1,2,2,06:12 AM,07:45 PM,09:30 PM,08:15 AM,Waxing Gibbous,78
Germany,Berlin,52.52,13.4,Europe/Berlin,1689532200,2023-07-17 00:00,22.5,72.5,Sunny,8.8,14.2,36,NE,1013.4,29.93,0.0,0.0,58,22,24.3,75.7,8.7,5.4,7.1,11.6,18.7,121.9,88.0,13.6,3.3,20.9,33.8,2,3,06:12 AM,07:45 PM,09:30 PM,08:15 AM,Waxing Gibbous,78
United Arab Emirates,Dubai,25.2,55.27,Asia/Dubai,1689532200,2023-07-17 00:00,37.2,99.0,Partly cloudy,6.0,9.7,89,E,1021.1,30.15,0.0,0.0,43,44,38.6,101.5,10.0,6.2,5.7,8.9,14.4,129.2,111.0,16.7,3.7,24.5,33.4,2,3,06:12 AM,07:45 PM,09:30 PM,08:15 AM,Waxing Gibbous,78
India,Mumbai,19.07,72.88,Asia/Kolkata,1689532200,2023-07-17 00:00,33.0,91.4,Patchy rain possible,13.0,20.9,270,W,1019.9,30.12,1.5,0.06,72,45,34.9,94.8,7.2,4.5,5.8,21.3,34.3,131.1,102.4,10.1,1.8,19.2,30.5,2,2,06:12 AM,07:45 PM,09:30 PM,08:15 AM,Waxing Gibbous,78
United States,San Francisco,37.77,-122.42,America/Los_Angeles,1689532200,2023-07-17 00:00,19.2,66.6,Partly cloudy,12.4,19.9,172,S,1013.3,29.92,0.0,0.0,61,47,20.7,69.3,7.3,4.5,4.9,20.6,33.2,100.0,63.2,4.8,1.0,4.0,8.0,1,1,06:12 AM,07:45 PM,09:30 PM,08:15 AM,Waxing Gibbous,78
South Africa,Cape Town,-33.92,18.42,Africa/Johannesburg,1689532200,2023-07-17 00:00,9.4,48.9,Overcast,8.6,13.9,296,WNW,1010.4,29.84,0.0,0.0,80,100,12.3,54.1,8.2,5.1,1.2,11.7,18.9,100.0,27.6,2.0,2.1,20.1,45.7,2,3,06:12 AM,07:45 PM,09:30 PM,08:15 AM,Waxing Gibbous,78
South Korea,Seoul,37.56,126.98,Asia/Seoul,1689532200,2023-07-17 00:00,24.2,75.6,Overcast,8.8,14.2,324,NW,1015.0,29.97,0.0,0.0,81,78,27.1,80.8,8.5,5.3,3.0,12.2,19.6,100.0,64.2,3.9,1.7,10.7,16.1,1,2,06:12 AM,07:45 PM,09:30 PM,08:15 AM,Waxing Gibbous,78
Thailand,Bangkok,13.75,100.5,Asia/Bangkok,1689532200,2023-07-17 00:00,30.5,86.9,Overcast,4.0,6.4,319,NW,1024.6,30.26,0.0,0.0,94,76,34.7,94.5,8.2,5.1,3.3,6.5,10.4,406.9,74.2,41.0,11.6,80.2,112.8,4,9,06:12 AM,07:45 PM,09:30 PM,08:15 AM,Waxing Gibbous,78
Kenya,Nairobi,-1.29,36.82,Africa/Nairobi,1689532200,2023-07-17 00:00,20.3,68.5,Heavy rain,17.0,27.4,197,SSW,1002.3,29.6,18.1,0.71,78,60,22.0,71.6,1.0,0.6,3.7,30.3,48.7,100.0,64.4,2.0,1.0,4.0,8.0,1,1,06:12 AM,07:45 PM,09:30 PM,08:15 AM,Waxing Gibbous,78
Sweden,Stockholm,59.33,18.06,Europe/Stockholm,1689532200,2023-07-17 00:00,15.3,59.5,Patchy rain possible,7.7,12.4,47,NE,1016.0,30.0,0.7,0.03,79,100,18.3,64.9,8.3,5.2,2.0,13.1,21.1,100.0,36.2,4.9,1.0,11.2,19.9,1,2,06:12 AM,07:45 PM,09:30 PM,08:15 AM,Waxing Gibbous,78
Argentina,Buenos Aires,-34.6,-58.38,America/Argentina/Buenos_Aires,1689532200,2023-07-17 00:00,20.4,68.7,Partly cloudy,5.3,8.6,130,SE,1012.2,29.89,0.0,0.0,52,55,22.3,72.1,10.0,6.2,4.2,7.8,12.6,100.0,62.1,7.2,1.2,13.0,13.2,2,2,06:12 AM,07:45 PM,09:30 PM,08:15 AM,Waxing Gibbous,78
United States,New York,40.71,-74.01,America/New_York,1689618600,2023-07-18 00:00,22.6,72.7,Partly cloudy,9.3,14.9,60,ENE,1010.0,29.83,0.0,0.0,74,45,25.1,77.2,7.7,4.8,5.6,14.3,23.0,100.0,76.1,2.8,1.2,17.1,23.8,2,2,06:12 AM,07:45 PM,09:30 PM,08:15 AM,Waxing Gibbous,78
United Kingdom,London,51.51,-0.13,Europe/London,1689618600,2023-07-18 00:00,19.7,67.5,Moderate rain,5.8,9.4,116,ESE,1012.4,29.9,5.3,0.21,84,100,23.1,73.6,6.9,4.3,1.9,8.8,14.1,100.0,51.8,9.2,6.0,14.3,10.3,2,2,06:12 AM,07:45 PM,09:30 PM,08:15 AM,Waxing Gibbous,78
Japan,Tokyo,35.68,139.69,Asia/Tokyo,1689618600,2023-07-18 00:00,23.2,73.8,Partly cloudy,2.7,4.3,1,N,1015.2,29.98,0.0,0.0,53,42,25.5,77.9,7.0,4.3,5.6,3.9,6.3,100.0,68.7,7.0,1.0,8.3,8.0,1,1,06:12 AM,07:45 PM,09:30 PM,08:15 AM,Waxing Gibbous,78
France,Paris,48.85,2.35,Europe/Paris,1689618600,2023-07-18 00:00,22.1,71.8,Overcast,13.0,21.0,79,E,1013.1,29.92,0.0,0.0,84,100,24.6,76.3,8.2,5.1,1.8,17.1,27.5,110.8,58.4,8.4,1.0,13.4,35.3,2,2,06:12 AM,07:45 PM,09:30 PM,08:15 AM,Waxing Gibbous,78
India,New Delhi,28.61,77.21,Asia/Kolkata,1689618600,2023-07-18 00:00,36.1,97.0,Partly cloudy,8.4,13.5,215,SW,1029.0,30.39,0.0,0.0,58,34,37.9,100.2,9.2,5.7,5.4,12.2,19.6,193.3,106.7,9.4,6.4,37.4,56.3,3,4,06:12 AM,07:45 PM,09:30 PM,08:15 AM,Waxing Gibbous,78
Australia,Sydney,-33.87,151.21,Australia/Sydney,1689618600,2023-07-18 00:00,14.6,58.3,Patchy rain possible,9.7,15.6,73,ENE,1019.5,30.11,2.4,0.09,84,42,17.6,63.7,8.8,5.5,5.3,12.7,20.5,100.0,50.8,2.0,1.3,4.0,8.0,1,1,06:12 AM,07:45 PM,09:30 PM,08:15 AM,Waxing Gibbous,78
Egypt,Cairo,30.04,31.24,Africa/Cairo,1689618600,2023-07-18 00:00,33.0,91.4,Partly cloudy,8.8,14.2,276,W,1023.9,30.24,0.0,0.0,73,52,35.5,95.9,8.1,5.0,5.1,15.3,24.6,321.3,92.2,29.1,10.2,65.3,99.9,4,7,06:12 AM,07:45 PM,09:30 PM,08:15 AM,Waxing Gibbous,78
Singapore,Singapore,1.35,103.82,Asia/Singapore,1689618600,2023-07-18 00:00,28.6,83.5,Partly cloudy,7.1,11.4,160,SSE,1013.5,29.93,0.0,0.0,72,66,31.3,88.3,9.7,6.0,4.0,11.3,18.2,100.0,77.1,2.0,1.0,4.0,8.0,1,1,06:12 AM,07:45 PM,09:30 PM,08:15 AM,Waxing Gibbous,78
Brazil,Rio de Janeiro,-22.91,-43.17,America/Sao_Paulo,1689618600,2023-07-18 00:00,23.6,74.5,Partly cloudy,6.2,9.9,188,S,1013.8,29.94,0.0,0.0,78,68,26.7,80.1,7.9,4.9,3.5,8.1,13.1,100.0,52.5,4.5,3.7,15.7,50.2,2,2,06:12 AM,07:45 PM,09:30 PM,08:15 AM,Waxing Gibbous,78
Canada,Toronto,43.65,-79.38,America/Toronto,1689618600,2023-07-18 00:00,19.1,66.4,Partly cloudy,4.3,7.0,247,WSW,1014.8,29.97,0.0,0.0,78,61,22.4,72.3,7.5,4.7,4.1,5.8,9.4,100.0,66.9,12.0,5.9,22.7,37.3,2,3,06:12 AM,07:45 PM,09:30 PM,08:15 AM,Waxing Gibbous,78
Germany,Berlin,52.52,13.4,Europe/Berlin,1689618600,2023-07-18 00:00,17.2,63.0,Patchy rain possible,10.5,16.9,84,E,1010.6,29.84,0.4,0.02,94,95,20.5,68.9,7.4,4.6,2.9,15.2,24.4,100.0,45.9,4.6,1.0,4.0,8.0,1,1,06:12 AM,07:45 PM,09:30 PM,08:15 AM,Waxing Gibbous,78
United Arab Emirates,Dubai,25.2,55.27,Asia/Dubai,1689618600,2023-07-18 00:00,39.0,102.2,Overcast,4.5,7.2,172,S,1015.7,29.99,0.0,0.0,66,92,41.7,107.1,7.2,4.5,1.8,6.2,9.9,112.6,87.4,14.8,3.0,25.9,25.2,2,3,06:12 AM,07:45 PM,09:30 PM,08:15 AM,Waxing Gibbous,78
India,Mumbai,19.07,72.88,Asia/Kolkata,1689618600,2023-07-18 00:00,31.4,88.5,Patchy rain possible,26.0,41.9,274,W,1010.8,29.85,2.4,0.09,81,85,32.1,89.8,7.8,4.8,2.4,41.8,67.3,185.3,76.9,19.2,5.0,38.7,56.2,3,4,06:12 AM,07:45 PM,09:30 PM,08:15 AM,Waxing Gibbous,78
United States,San Francisco,37.77,-122.42,America/Los_Angeles,1689618600,2023-07-18 00:00,19.3,66.7,Partly cloudy,8.9,14.4,32,NNE,1015.9,30.0,0.0,0.0,67,45,21.5,70.7,9.2,5.7,5.4,14.0,22.5,100.0,64.3,11.9,2.6,15.6,31.4,2,2,06:12 AM,07:45 PM,09:30 PM,08:15 AM,Waxing Gibbous,78
South Africa,Cape Town,-33.92,18.42,Africa/Johannesburg,1689618600,2023-07-18 00:00,13.7,56.7,Moderate rain,18.5,29.8,209,SSW,1003.6,29.64,5.9,0.23,81,57,15.4,59.7,6.9,4.3,4.8,27.7,44.5,100.0,48.9,2.0,1.0,4.0,16.1,1,1,06:12 AM,07:45 PM,09:30 PM,08:15 AM,Waxing Gibbous,78
South Korea,Seoul,37.56,126.98,Asia/Seoul,1689618600,2023-07-18 00:00,25.2,77.4,Partly cloudy,4.8,7.7,214,SW,1013.0,29.91,0.0,0.0,60,43,27.6,81.7,7.8,4.8,5.9,5.8,9.3,129.7,82.0,11.7,3.0,21.3,35.8,2,3,06:12 AM,07:45 PM,09:30 PM,08:15 AM,Waxing Gibbous,78
Thailand,Bangkok,13.75,100.5,Asia/Bangkok,1689618600,2023-07-18 00:00,31.7,89.1,Partly cloudy,4.8,7.8,261,W,1018.2,30.07,0.0,0.0,70,60,34.6,94.3,9.5,5.9,3.7,7.8,12.6,285.5,90.7,24.4,10.1,53.6,94.3,3,6,06:12 AM,07:45 PM,09:30 PM,08:15 AM,Waxing Gibbous,78
Kenya,Nairobi,-1.29,36.82,Africa/Nairobi,1689618600,2023-07-18 00:00,25.7,78.3,Partly cloudy,10.0,16.1,231,SW,1013.2,29.92,0.0,0.0,64,58,27.6,81.7,10.0,6.2,4.1,15.7,25.3,100.0,69.2,5.7,1.8,8.9,19.6,1,1,06:12 AM,07:45 PM,09:30 PM,08:15 AM,Waxing Gibbous,78
Sweden,Stockholm,59.33,18.06,Europe/Stockholm,1689618600,2023-07-18 00:00,18.1,64.6,Partly cloudy,11.0,17.7,77,ENE,1007.2,29.74,0.0,0.0,71,61,20.2,68.4,7.2,4.5,5.0,13.5,21.8,100.0,68.4,2.0,1.0,13.1,16.2,2,2,06:12 AM,07:45 PM,09:30 PM,08:15 AM,Waxing Gibbous,78
Argentina,Buenos Aires,-34.6,-58.38,America/Argentina/Buenos_Aires,1689618600,2023-07-18 00:00,15.6,60.1,Moderate rain,11.4,18.4,18,NNE,1012.0,29.88,11.5,0.45,77,73,18.0,64.4,5.1,3.2,3.6,18.6,29.9,100.0,41.1,2.0,1.5,7.5,25.8,1,1,06:12 AM,07:45 PM,09:30 PM,08:15 AM,Waxing Gibbous,78
United States,New York,40.71,-74.01,America/New_York,1689705000,2023-07-19 00:00,26.7,80.1,Overcast,3.8,6.1,178,S,1015.6,29.99,0.0,0.0,63,80,29.4,84.9,10.0,6.2,2.8,4.9,7.9,100.0,70.9,2.0,2.2,9.2,25.4,1,1,06:12 AM,07:45 PM,09:30 PM,08:15 AM,Waxing Gibbous,78
United Kingdom,London,51.51,-0.13,Europe/London,1689705000,2023-07-19 00:00,15.5,59.9,Partly cloudy,2.8,4.5,118,ESE,1013.4,29.93,0.0,0.0,69,69,18.6,65.5,9.0,5.6,4.1,4.4,7.1,100.0,48.8,12.1,4.4,20.1,28.3,2,3,06:12 AM,07:45 PM,09:30 PM,08:15 AM,Waxing Gibbous,78
Japan,Tokyo,35.68,139.69,Asia/Tokyo,1689705000,2023-07-19 00:00,31.1,88.0,Partly cloudy,11.0,17.7,6,N,1005.0,29.68,0.0,0.0,64,56,32.9,91.2,6.6,4.1,4.6,19.3,31.1,100.0,87.3,13.5,1.0,13.2,17.4,2,2,06:12 AM,07:45 PM,09:30 PM,08:15 AM,Waxing Gibbous,78
France,Paris,48.85,2.35,Europe/Paris,1689705000,2023-07-19 00:00,20.4,68.7,Partly cloudy,8.6,13.9,354,N,1010.4,29.84,0.0,0.0,60,64,22.3,72.1,7.3,4.5,4.0,12.7,20.5,135.2,68.3,19.7,5.3,32.9,63.9,2,4,06:12 AM,07:45 PM,09:30 PM,08:15 AM,Waxing Gibbous,78
India,New Delhi,28.61,77.21,Asia/Kolkata,1689705000,2023-07-19 00:00,32.5,90.5,Overcast,5.7,9.1,159,SSE,1005.4,29.69,0.0,0.0,86,82,36.1,97.0,8.5,5.3,3.0,6.9,11.1,371.2,87.9,26.5,9.8,71.8,118.5,4,8,06:12 AM,07:45 PM,09:30 PM,08:15 AM,Waxing Gibbous,78
Australia,Sydney,-33.87,151.21,Australia/Sydney,1689705000,2023-07-19 00:00,15.1,59.2,Overcast,5.3,8.5,300,WNW,1019.1,30.09,0.0,0.0,81,80,18.5,65.3,9.0,5.6,3.2,7.6,12.3,100.0,44.6,2.0,1.0,4.0,8.0,1,1,06:12 AM,07:45 PM,09:30 PM,08:15 AM,Waxing Gibbous,78
Egypt,Cairo,30.04,31.24,Africa/Cairo,1689705000,2023-07-19 00:00,32.7,90.9,Overcast,2.9,4.7,243,WSW,1022.7,30.2,0.0,0.0,71,78,35.9,96.6,10.0,6.2,3.1,3.7,5.9,463.0,82.4,39.3,12.1,82.3,137.2,4,9,06:12 AM,07:45 PM,09:30 PM,08:15 AM,Waxing Gibbous,78
Singapore,Singapore,1.35,103.82,Asia/Singapore,1689705000,2023-07-19 00:00,35.5,95.9,Partly cloudy,5.0,8.1,358,N,1012.7,29.91,0.0,0.0,46,44,37.2,99.0,10.0,6.2,5.6,7.8,12.5,100.0,97.5,10.9,4.0,12.9,13.4,2,2,06:12 AM,07:45 PM,09:30 PM,08:15 AM,Waxing Gibbous,78
Brazil,Rio de Janeiro,-22.91,-43.17,America/Sao_Paulo,1689705000,2023-07-19 00:00,23.7,74.7,Patchy rain possible,9.0,14.5,243,WSW,1014.8,29.97,1.3,0.05,66,60,25.8,78.4,8.1,5.0,3.9,16.1,25.9,100.0,60.1,7.0,1.0,13.2,19.9,2,2,06:12 AM,07:45 PM,09:30 PM,08:15 AM,Waxing Gibbous,78
Canada,Toronto,43.65,-79.38,America/Toronto,1689705000,2023-07-19 00:00,19.7,67.5,Patchy rain possible,8.8,14.2,206,SSW,998.5,29.49,2.7,0.11,80,67,22.6,72.7,7.2,4.5,4.4,11.4,18.4,100.0,68.3,10.2,2.1,15.9,15.4,2,2,06:12 AM,07:45 PM,09:30 PM,08:15 AM,Waxing Gibbous,78
Germany,Berlin,52.52,13.4,Europe/Berlin,1689705000,2023-07-19 00:00,21.5,70.7,Moderate rain,23.7,38.2,170,S,1010.3,29.83,10.1,0.4,64,47,21.6,70.9,4.9,3.0,5.0,35.2,56.6,100.0,66.7,2.0,1.0,4.0,8.0,1,1,06:12 AM,07:45 PM,09:30 PM,08:15 AM,Waxing Gibbous,78
United Arab Emirates,Dubai,25.2,55.27,Asia/Dubai,1689705000,2023-07-19 00:00,38.8,101.8,Partly cloudy,4.4,7.1,7,N,1012.2,29.89,0.0,0.0,67,51,41.6,106.9,6.7,4.2,5.4,6.1,9.8,100.0,108.6,6.4,4.1,12.0,10.4,2,2,06:12 AM,07:45 PM,09:30 PM,08:15 AM,Waxing Gibbous,78
India,Mumbai,19.07,72.88,Asia/Kolkata,1689705000,2023-07-19 00:00,35.5,95.9,Partly cloudy,11.7,18.9,138,SE,1018.7,30.08,0.0,0.0,42,48,36.1,97.0,7.2,4.5,5.6,19.4,31.3,308.8,95.8,25.9,5.5,51.4,71.4,3,6,06:12 AM,07:45 PM,09:30 PM,08:15 AM,Waxing Gibbous,78
United States,San Francisco,37.77,-122.42,America/Los_Angeles,1689705000,2023-07-19 00:00,17.9,64.2,Partly cloudy,11.4,18.4,147,SSE,1006.3,29.72,0.0,0.0,83,74,20.6,69.1,10.0,6.2,3.2,13.8,22.2,104.2,52.7,5.7,5.2,18.0,34.9,2,2,06:12 AM,07:45 PM,09:30 PM,08:15 AM,Waxing Gibbous,78
South Africa,Cape Town,-33.92,18.42,Africa/Johannesburg,1689705000,2023-07-19 00:00,13.3,55.9,Moderate rain,9.3,14.9,249,WSW,1009.8,29.82,7.5,0.3,80,79,16.1,61.0,5.2,3.2,3.2,15.0,24.2,100.0,37.2,9.1,1.0,21.3,40.3,2,3,06:12 AM,07:45 PM,09:30 PM,08:15 AM,Waxing Gibbous,78
South Korea,Seoul,37.56,126.98,Asia/Seoul,1689705000,2023-07-19 00:00,30.0,86.0,Partly cloudy,5.3,8.6,144,SE,1009.3,29.8,0.0,0.0,60,53,32.3,90.1,8.1,5.0,5.0,6.6,10.7,100.0,93.9,6.1,3.0,10.0,8.0,1,2,06:12 AM,07:45 PM,09:30 PM,08:15 AM,Waxing Gibbous,78
Thailand,Bangkok,13.75,100.5,Asia/Bangkok,1689705000,2023-07-19 00:00,32.0,89.6,Partly cloudy,6.2,9.9,94,E,1019.0,30.09,0.0,0.0,79,61,35.2,95.4,8.0,5.0,4.6,8.3,13.3,206.7,88.8,22.1,6.1,43.9,64.1,3,5,06:12 AM,07:45 PM,09:30 PM,08:15 AM,Waxing Gibbous,78
Kenya,Nairobi,-1.29,36.82,Africa/Nairobi,1689705000,2023-07-19 00:00,23.1,73.6,Partly cloudy,9.9,15.9,234,SW,1015.9,30.0,0.0,0.0,59,62,24.8,76.6,10.0,6.2,4.3,16.3,26.2,100.0,63.0,8.7,2.5,4.0,8.0,1,1,06:12 AM,07:45 PM,09:30 PM,08:15 AM,Waxing Gibbous,78
Sweden,Stockholm,59.33,18.06,Europe/Stockholm,1689705000,2023-07-19 00:00,14.1,57.4,Partly cloudy,3.7,5.9,280,W,1015.0,29.97,0.0,0.0,70,43,17.1,62.8,7.9,4.9,5.3,5.0,8.0,174.7,66.7,15.3,6.3,37.7,68.4,3,4,06:12 AM,07:45 PM,09:30 PM,08:15 AM,Waxing Gibbous,78
Argentina,Buenos Aires,-34.6,-58.38,America/Argentina/Buenos_Aires,1689705000,2023-07-19 00:00,19.2,66.6,Partly cloudy,11.6,18.6,265,W,1016.2,30.01,0.0,0.0,54,45,20.4,68.7,8.8,5.5,5.2,15.6,25.1,100.0,61.0,9.6,1.0,16.8,39.9,2,2,06:12 AM,07:45 PM,09:30 PM,08:15 AM,Waxing Gibbous,78
United States,New York,40.71,-74.01,America/New_York,1689791400,2023-07-20 00:00,27.9,82.2,Partly cloudy,2.2,3.6,317,NW,1005.2,29.68,0.0,0.0,53,32,30.3,86.5,7.6,4.7,5.9,3.8,6.1,104.4,78.2,3.5,1.0,16.4,40.4,2,2,06:12 AM,07:45 PM,09:30 PM,08:15 AM,Waxing Gibbous,78
United Kingdom,London,51.51,-0.13,Europe/London,1689791400,2023-07-20 00:00,18.0,64.4,Partly cloudy,5.4,8.7,292,WNW,1011.4,29.87,0.0,0.0,61,68,20.4,68.7,8.3,5.2,4.5,8.4,13.5,100.0,65.1,2.4,2.7,9.6,21.7,1,1,06:12 AM,07:45 PM,09:30 PM,08:15 AM,Waxing Gibbous,78
Japan,Tokyo,35.68,139.69,Asia/Tokyo,1689791400,2023-07-20 00:00,28.0,82.4,Partly cloudy,3.9,6.3,210,SSW,1021.5,30.16,0.0,0.0,67,64,30.8,87.4,7.5,4.7,3.6,6.4,10.3,100.0,64.9,2.8,1.5,14.2,25.7,2,2,06:12 AM,07:45 PM,09:30 PM,08:15 AM,Waxing Gibbous,78
France,Paris,48.85,2.35,Europe/Paris,1689791400,2023-07-20 00:00,23.8,74.8,Moderate rain,12.4,20.0,58,ENE,1016.8,30.03,7.2,0.28,85,63,26.4,79.5,4.9,3.0,4.0,20.0,32.2,109.8,67.4,9.7,5.0,25.6,54.9,2,3,06:12 AM,07:45 PM,09:30 PM,08:15 AM,Waxing Gibbous,78
India,New Delhi,28.61,77.21,Asia/Kolkata,1689791400,2023-07-20 00:00,35.2,95.4,Partly cloudy,5.2,8.4,125,SE,1008.3,29.78,0.0,0.0,55,38,37.3,99.1,9.5,5.9,5.4,6.3,10.2,270.7,102.6,17.7,6.3,46.1,88.0,3,5,06:12 AM,07:45 PM,09:30 PM,08:15 AM,Waxing Gibbous,78
Australia,Sydney,-33.87,151.21,Australia/Sydney,1689791400,2023-07-20 00:00,16.7,62.1,Clear,8.1,13.0,352,N,1010.0,29.83,0.0,0.0,66,18,19.0,66.2,8.1,5.0,7.2,10.3,16.6,110.0,66.9,12.1,5.7,18.6,32.6,2,2,06:12 AM,07:45 PM,09:30 PM,08:15 AM,Waxing Gibbous,78
Egypt,Cairo,30.04,31.24,Africa/Cairo,1689791400,2023-07-20 00:00,34.5,94.1,Partly cloudy,6.8,11.0,300,WNW,1014.1,29.95,0.0,0.0,78,71,37.5,99.5,7.8,4.8,4.2,11.1,17.9,236.2,82.4,9.0,9.7,48.9,73.3,3,5,06:12 AM,07:45 PM,09:30 PM,08:15 AM,Waxing Gibbous,78
Singapore,Singapore,1.35,103.82,Asia/Singapore,1689791400,2023-07-20 00:00,26.2,79.2,Overcast,8.5,13.7,279,W,1011.6,29.87,0.0,0.0,92,92,29.7,85.5,6.8,4.2,2.4,14.0,22.6,128.2,72.9,8.9,4.8,22.8,48.7,2,3,06:12 AM,07:45 PM,09:30 PM,08:15 AM,Waxing Gibbous,78
Brazil,Rio de Janeiro,-22.91,-43.17,America/Sao_Paulo,1689791400,2023-07-20 00:00,23.6,74.5,Overcast,2.6,4.2,30,NNE,1014.6,29.96,0.0,0.0,88,76,27.7,81.9,8.8,5.5,3.4,4.4,7.1,144.7,69.9,13.0,6.4,29.6,46.7,2,3,06:12 AM,07:45 PM,09:30 PM,08:15 AM,Waxing Gibbous,78
Canada,Toronto,43.65,-79.38,America/Toronto,1689791400,2023-07-20 00:00,27.5,81.5,Partly cloudy,15.1,24.3,70,ENE,1001.0,29.56,0.0,0.0,58,47,28.5,83.3,7.6,4.7,5.4,21.6,34.8,108.0,73.2,17.4,1.0,23.1,31.9,2,3,06:12 AM,07:45 PM,09:30 PM,08:15 AM,Waxing Gibbous,78
Germany,Berlin,52.52,13.4,Europe/Berlin,1689791400,2023-07-20 00:00,21.0,69.8,Partly cloudy,3.9,6.2,279,W,1014.4,29.96,0.0,0.0,59,62,23.5,74.3,9.5,5.9,4.8,6.0,9.6,131.0,68.7,11.9,5.2,25.2,38.7,2,3,06:12 AM,07:45 PM,09:30 PM,08:15 AM,Waxing Gibbous,78
United Arab Emirates,Dubai,25.2,55.27,Asia/Dubai,1689791400,2023-07-20 00:00,33.7,92.7,Patchy rain possible,12.4,20.0,242,WSW,1010.6,29.84,1.2,0.05,97,51,37.0,98.6,8.4,5.2,5.2,17.7,28.5,100.0,93.3,6.2,1.0,6.4,32.8,1,1,06:12 AM,07:45 PM,09:30 PM,08:15 AM,Waxing Gibbous,78
India,Mumbai,19.07,72.88,Asia/Kolkata,1689791400,2023-07-20 00:00,32.9,91.2,Sunny,12.9,20.8,206,SSW,1007.9,29.76,0.0,0.0,35,30,33.0,91.4,8.4,5.2,5.9,20.6,33.1,181.5,104.7,17.3,7.0,32.5,48.8,2,4,06:12 AM,07:45 PM,09:30 PM,08:15 AM,Waxing Gibbous,78
United States,San Francisco,37.77,-122.42,America/Los_Angeles,1689791400,2023-07-20 00:00,19.0,66.2,Partly cloudy,3.5,5.6,96,E,1017.2,30.04,0.0,0.0,58,57,21.5,70.7,8.0,5.0,5.1,5.3,8.5,120.2,61.3,7.6,4.2,22.6,40.6,2,3,06:12 AM,07:45 PM,09:30 PM,08:15 AM,Waxing Gibbous,78
South Africa,Cape Town,-33.92,18.42,Africa/Johannesburg,1689791400,2023-07-20 00:00,14.6,58.3,Overcast,4.7,7.6,300,WNW,1015.8,30.0,0.0,0.0,82,91,18.1,64.6,8.5,5.3,2.5,8.3,13.4,121.2,37.4,7.8,2.4,23.2,44.9,2,3,06:12 AM,07:45 PM,09:30 PM,08:15 AM,Waxing Gibbous,78
South Korea,Seoul,37.56,126.98,Asia/Seoul,1689791400,2023-07-20 00:00,24.9,76.8,Partly cloudy,7.2,11.6,258,WSW,1002.7,29.61,0.0,0.0,67,60,27.3,81.1,8.0,5.0,4.6,8.6,13.9,100.0,68.6,2.0,4.0,8.9,22.0,1,1,06:12 AM,07:45 PM,09:30 PM,08:15 AM,Waxing Gibbous,78
Thailand,Bangkok,13.75,100.5,Asia/Bangkok,1689791400,2023-07-20 00:00,34.0,93.2,Partly cloudy,6.3,10.1,178,S,1018.0,30.06,0.0,0.0,51,33,35.7,96.3,10.0,6.2,6.0,10.0,16.1,285.5,107.9,30.5,5.3,53.8,76.2,3,6,06:12 AM,07:45 PM,09:30 PM,08:15 AM,Waxing Gibbous,78
Kenya,Nairobi,-1.29,36.82,Africa/Nairobi,1689791400,2023-07-20 00:00,16.5,61.7,Partly cloudy,3.8,6.1,33,NNE,1014.6,29.96,0.0,0.0,64,49,19.2,66.6,9.7,6.0,5.6,6.0,9.7,100.0,57.4,14.2,1.5,20.9,36.8,2,3,06:12 AM,07:45 PM,09:30 PM,08:15 AM,Waxing Gibbous,78
Sweden,Stockholm,59.33,18.06,Europe/Stockholm,1689791400,2023-07-20 00:00,15.8,60.4,Partly cloudy,16.1,25.9,62,ENE,1007.9,29.76,0.0,0.0,68,50,17.1,62.8,7.6,4.7,4.6,25.7,41.4,100.0,57.1,4.5,1.7,14.0,21.6,2,2,06:12 AM,07:45 PM,09:30 PM,08:15 AM,Waxing Gibbous,78
Argentina,Buenos Aires,-34.6,-58.38,America/Argentina/Buenos_Aires,1689791400,2023-07-20 00:00,12.7,54.9,Partly cloudy,5.8,9.3,194,SSW,1020.4,30.13,0.0,0.0,84,56,16.2,61.2,7.0,4.3,4.2,7.5,12.0,100.0,47.4,2.4,1.8,9.6,8.7,1,1,06:12 AM,07:45 PM,09:30 PM,08:15 AM,Waxing Gibbous,78
United States,New York,40.71,-74.01,America/New_York,1689877800,2023-07-21 00:00,27.8,82.0,Partly cloudy,2.7,4.4,180,S,1003.0,29.62,0.0,0.0,59,43,30.4,86.7,9.5,5.9,5.6,3.5,5.7,100.0,87.7,5.3,1.2,4.0,8.0,1,1,06:12 AM,07:45 PM,09:30 PM,08:15 AM,Waxing Gibbous,78
United Kingdom,London,51.51,-0.13,Europe/London,1689877800,2023-07-21 00:00,20.8,69.4,Partly cloudy,6.6,10.7,33,NNE,1009.8,29.82,0.0,0.0,58,70,22.8,73.0,10.0,6.2,3.6,9.8,15.8,100.0,61.9,2.0,1.1,4.0,10.4,1,1,06:12 AM,07:45 PM,09:30 PM,08:15 AM,Waxing Gibbous,78
Japan,Tokyo,35.68,139.69,Asia/Tokyo,1689877800,2023-07-21 00:00,31.3,88.3,Partly cloudy,2.7,4.4,97,E,1002.2,29.59,0.0,0.0,66,59,34.2,93.6,9.1,5.7,4.4,4.2,6.8,139.0,85.5,9.9,1.0,30.6,38.3,2,4,06:12 AM,07:45 PM,09:30 PM,08:15 AM,Waxing Gibbous,78
France,Paris,48.85,2.35,Europe/Paris,1689877800,2023-07-21 00:00,21.9,71.4,Partly cloudy,3.3,5.3,27,NNE,1013.7,29.93,0.0,0.0,73,72,25.1,77.2,7.0,4.3,3.4,4.3,6.9,100.0,59.7,3.3,5.7,16.8,52.7,2,2,06:12 AM,07:45 PM,09:30 PM,08:15 AM,Waxing Gibbous,78
India,New Delhi,28.61,77.21,Asia/Kolkata,1689877800,2023-07-21 00:00,32.0,89.6,Partly cloudy,5.0,8.0,129,SE,1013.4,29.93,0.0,0.0,56,66,34.2,93.6,8.9,5.5,3.9,7.8,12.5,347.5,79.8,21.2,7.1,57.1,96.1,4,6,06:12 AM,07:45 PM,09:30 PM,08:15 AM,Waxing Gibbous,78
Australia,Sydney,-33.87,151.21,Australia/Sydney,1689877800,2023-07-21 00:00,16.4,61.5,Partly cloudy,5.5,8.9,59,ENE,1018.1,30.06,0.0,0.0,56,52,18.5,65.3,9.4,5.8,5.2,6.8,11.0,120.4,58.5,8.9,3.7,19.1,42.1,2,2,06:12 AM,07:45 PM,09:30 PM,08:15 AM,Waxing Gibbous,78
Egypt,Cairo,30.04,31.24,Africa/Cairo,1689877800,2023-07-21 00:00,37.8,100.0,Partly cloudy,8.3,13.3,275,W,1010.8,29.85,0.0,0.0,64,40,39.9,103.8,8.9,5.5,5.6,11.9,19.1,301.3,95.0,28.9,8.3,64.1,118.0,4,7,06:12 AM,07:45 PM,09:30 PM,08:15 AM,Waxing Gibbous,78
Singapore,Singapore,1.35,103.82,Asia/Singapore,1689877800,2023-07-21 00:00,27.1,80.8,Patchy rain possible,13.6,21.9,333,NNW,1010.3,29.83,0.5,0.02,74,47,29.0,84.2,9.4,5.8,4.9,22.4,36.0,100.0,79.7,2.0,1.0,4.0,22.1,1,1,06:12 AM,07:45 PM,09:30 PM,08:15 AM,Waxing Gibbous,78
Brazil,Rio de Janeiro,-22.91,-43.17,America/Sao_Paulo,1689877800,2023-07-21 00:00,21.8,71.2,Partly cloudy,6.5,10.5,191,S,1020.5,30.14,0.0,0.0,80,46,25.0,77.0,7.7,4.8,5.8,8.4,13.5,100.0,81.4,3.1,1.0,11.4,26.3,1,2,06:12 AM,07:45 PM,09:30 PM,08:15 AM,Waxing Gibbous,78
Canada,Toronto,43.65,-79.38,America/Toronto,1689877800,2023-07-21 00:00,21.1,70.0,Partly cloudy,16.3,26.2,193,SSW,991.1,29.27,0.0,0.0,67,52,22.4,72.3,8.7,5.4,5.1,24.4,39.2,100.0,75.2,3.7,1.0,5.3,8.0,1,1,06:12 AM,07:45 PM,09:30 PM,08:15 AM,Waxing Gibbous,78
Germany,Berlin,52.52,13.4,Europe/Berlin,1689877800,2023-07-21 00:00,19.5,67.1,Partly cloudy,2.2,3.6,6,N,1018.5,30.08,0.0,0.0,71,49,22.8,73.0,6.7,4.2,5.5,2.8,4.5,109.6,57.7,7.9,1.2,25.0,26.7,2,3,06:12 AM,07:45 PM,09:30 PM,08:15 AM,Waxing Gibbous,78
United Arab Emirates,Dubai,25.2,55.27,Asia/Dubai,1689877800,2023-07-21 00:00,42.2,108.0,Partly cloudy,4.5,7.3,244,WSW,1013.8,29.94,0.0,0.0,50,45,44.1,111.4,8.4,5.2,5.1,7.8,12.6,117.3,108.7,8.9,3.0,20.5,34.8,2,3,06:12 AM,07:45 PM,09:30 PM,08:15 AM,Waxing Gibbous,78
India,Mumbai,19.07,72.88,Asia/Kolkata,1689877800,2023-07-21 00:00,39.3,102.7,Partly cloudy,17.3,27.8,93,E,1005.1,29.68,0.0,0.0,45,52,39.3,102.7,10.0,6.2,4.9,29.6,47.7,190.1,108.8,15.7,3.9,29.1,63.7,2,3,06:12 AM,07:45 PM,09:30 PM,08:15 AM,Waxing Gibbous,78
United States,San Francisco,37.77,-122.42,America/Los_Angeles,1689877800,2023-07-21 00:00,25.7,78.3,Partly cloudy,4.9,7.9,140,SE,1000.8,29.55,0.0,0.0,39,41,27.0,80.6,9.9,6.2,4.6,6.5,10.4,100.0,72.3,5.3,1.0,4.7,8.0,1,1,06:12 AM,07:45 PM,09:30 PM,08:15 AM,Waxing Gibbous,78
South Africa,Cape Town,-33.92,18.42,Africa/Johannesburg,1689877800,2023-07-21 00:00,19.9,67.8,Partly cloudy,5.0,8.0,47,NE,1007.5,29.75,0.0,0.0,60,64,22.3,72.1,10.0,6.2,4.8,7.8,12.6,110.5,67.1,6.8,3.5,17.9,29.0,2,2,06:12 AM,07:45 PM,09:30 PM,08:15 AM,Waxing Gibbous,78
South Korea,Seoul,37.56,126.98,Asia/Seoul,1689877800,2023-07-21 00:00,25.6,78.1,Overcast,2.0,3.2,94,E,1015.9,30.0,0.0,0.0,54,79,28.0,82.4,9.9,6.2,4.2,2.4,3.9,100.0,68.7,6.6,5.8,17.2,38.6,2,2,06:12 AM,07:45 PM,09:30 PM,08:15 AM,Waxing Gibbous,78
Thailand,Bangkok,13.75,100.5,Asia/Bangkok,1689877800,2023-07-21 00:00,30.8,87.4,Partly cloudy,7.4,11.9,235,SW,1010.8,29.85,0.0,0.0,66,53,33.1,91.6,6.4,4.0,4.4,12.7,20.4,269.7,86.8,16.2,8.7,50.5,85.2,3,6,06:12 AM,07:45 PM,09:30 PM,08:15 AM,Waxing Gibbous,78
Kenya,Nairobi,-1.29,36.82,Africa/Nairobi,1689877800,2023-07-21 00:00,15.4,59.7,Overcast,11.9,19.2,251,WSW,1016.3,30.01,0.0,0.0,91,86,18.4,65.1,7.0,4.3,3.0,19.9,32.0,100.0,44.3,2.0,5.8,13.3,22.7,2,2,06:12 AM,07:45 PM,09:30 PM,08:15 AM,Waxing Gibbous,78
Sweden,Stockholm,59.33,18.06,Europe/Stockholm,1689877800,2023-07-21 00:00,17.5,63.5,Partly cloudy,11.7,18.8,172,S,1021.4,30.16,0.0,0.0,46,31,18.3,64.9,9.8,6.1,6.8,18.5,29.8,100.0,74.8,2.0,2.6,10.3,16.8,1,2,06:12 AM,07:45 PM,09:30 PM,08:15 AM,Waxing Gibbous,78
Argentina,Buenos Aires,-34.6,-58.38,America/Argentina/Buenos_Aires,1689877800,2023-07-21 00:00,15.7,60.3,Partly cloudy,6.8,11.0,179,S,1023.9,30.24,0.0,0.0,67,41,18.2,64.8,8.9,5.5,6.5,9.6,15.4,100.0,75.8,2.8,1.0,6.8,17.6,1,1,06:12 AM,07:45 PM,09:30 PM,08:15 AM,Waxing Gibbous,78
United States,New York,40.71,-74.01,America/New_York,1689964200,2023-07-22 00:00,21.7,71.1,Partly cloudy,1.5,2.4,56,NE,1012.4,29.9,0.0,0.0,58,65,24.4,75.9,10.0,6.2,4.1,2.1,3.4,100.0,64.3,2.0,2.4,9.6,8.0,1,1,06:12 AM,07:45 PM,09:30 PM,08:15 AM,Waxing Gibbous,78
United Kingdom,London,51.51,-0.13,Europe/London,1689964200,2023-07-22 00:00,22.9,73.2,Partly cloudy,3.1,5.0,171,S,1012.5,29.9,0.0,0.0,61,51,25.6,78.1,10.0,6.2,3.6,5.6,9.0,124.2,66.9,9.3,1.3,22.1,33.3,2,3,06:12 AM,07:45 PM,09:30 PM,08:15 AM,Waxing Gibbous,78
Japan,Tokyo,35.68,139.69,Asia/Tokyo,1689964200,2023-07-22 00:00,30.8,87.4,Partly cloudy,4.6,7.4,264,W,1018.1,30.06,0.0,0.0,66,72,33.5,92.3,8.2,5.1,4.0,7.0,11.2,104.9,86.6,5.8,2.8,18.2,21.6,2,2,06:12 AM,07:45 PM,09:30 PM,08:15 AM,Waxing Gibbous,78
France,Paris,48.85,2.35,Europe/Paris,1689964200,2023-07-22 00:00,22.9,73.2,Partly cloudy,15.5,24.9,117,ESE,1006.1,29.71,0.0,0.0,66,53,24.2,75.6,10.0,6.2,4.8,25.1,40.4,100.0,67.3,2.0,1.0,4.3,17.7,1,1,06:12 AM,07:45 PM,09:30 PM,08:15 AM,Waxing Gibbous,78
India,New Delhi,28.61,77.21,Asia/Kolkata,1689964200,2023-07-22 00:00,35.5,95.9,Partly cloudy,5.1,8.2,64,ENE,1008.9,29.79,0.0,0.0,54,64,37.5,99.5,8.6,5.3,2.8,6.9,11.1,350.6,97.3,35.4,7.2,63.5,107.9,4,7,06:12 AM,07:45 PM,09:30 PM,08:15 AM,Waxing Gibbous,78
Australia,Sydney,-33.87,151.21,Australia/Sydney,1689964200,2023-07-22 00:00,12.7,54.9,Moderate rain,20.6,33.1,54,NE,1009.3,29.8,9.6,0.38,86,86,14.4,57.9,7.1,4.4,3.3,31.5,50.7,100.0,53.4,2.0,1.0,4.0,8.0,1,1,06:12 AM,07:45 PM,09:30 PM,08:15 AM,Waxing Gibbous,78
Egypt,Cairo,30.04,31.24,Africa/Cairo,1689964200,2023-07-22 00:00,34.6,94.3,Patchy rain possible,7.0,11.2,235,SW,1002.3,29.6,2.0,0.08,83,75,37.9,100.2,8.9,5.5,3.7,11.0,17.7,306.2,84.1,29.0,6.1,61.4,85.2,4,7,06:12 AM,07:45 PM,09:30 PM,08:15 AM,Waxing Gibbous,78
Singapore,Singapore,1.35,103.82,Asia/Singapore,1689964200,2023-07-22 00:00,27.2,81.0,Sunny,8.8,14.2,134,SE,1010.5,29.84,0.0,0.0,67,28,29.4,84.9,8.6,5.3,6.6,13.8,22.2,149.3,84.8,9.3,2.7,24.3,61.4,2,3,06:12 AM,07:45 PM,09:30 PM,08:15 AM,Waxing Gibbous,78
Brazil,Rio de Janeiro,-22.91,-43.17,America/Sao_Paulo,1689964200,2023-07-22 00:00,28.0,82.4,Partly cloudy,6.2,9.9,9,N,1020.9,30.15,0.0,0.0,55,33,30.0,86.0,9.3,5.8,6.2,7.7,12.4,106.5,89.9,7.0,8.0,20.8,51.5,2,3,06:12 AM,07:45 PM,09:30 PM,08:15 AM,Waxing Gibbous,78
Canada,Toronto,43.65,-79.38,America/Toronto,1689964200,2023-07-22 00:00,26.5,79.7,Partly cloudy,4.3,6.9,111,ESE,1010.2,29.83,0.0,0.0,51,43,28.5,83.3,7.1,4.4,5.8,6.8,10.9,100.0,86.1,2.5,1.8,10.5,8.0,1,2,06:12 AM,07:45 PM,09:30 PM,08:15 AM,Waxing Gibbous,78
Germany,Berlin,52.52,13.4,Europe/Berlin,1689964200,2023-07-22 00:00,14.4,57.9,Patchy rain possible,8.9,14.4,106,ESE,1017.3,30.04,0.5,0.02,63,51,16.4,61.5,9.0,5.6,4.4,12.6,20.2,100.0,50.3,4.1,1.0,11.8,8.8,1,2,06:12 AM,07:45 PM,09:30 PM,08:15 AM,Waxing Gibbous,78
United Arab Emirates,Dubai,25.2,55.27,Asia/Dubai,1689964200,2023-07-22 00:00,37.4,99.3,Overcast,4.2,6.7,29,NNE,1006.4,29.72,0.0,0.0,60,77,39.9,103.8,8.0,5.0,3.6,5.3,8.6,100.0,99.8,10.8,1.0,11.2,22.5,1,2,06:12 AM,07:45 PM,09:30 PM,08:15 AM,Waxing Gibbous,78
India,Mumbai,19.07,72.88,Asia/Kolkata,1689964200,2023-07-22 00:00,28.9,84.0,Partly cloudy,3.0,4.9,104,ESE,1022.5,30.19,0.0,0.0,62,39,31.6,88.9,8.8,5.5,5.7,4.2,6.7,373.6,91.4,28.8,15.2,70.2,112.9,4,8,06:12 AM,07:45 PM,09:30 PM,08:15 AM,Waxing Gibbous,78
United States,San Francisco,37.77,-122.42,America/Los_Angeles,1689964200,2023-07-22 00:00,21.1,70.0,Partly cloudy,19.2,30.9,68,ENE,1014.7,29.96,0.0,0.0,64,34,21.8,71.2,9.0,5.6,5.9,32.8,52.8,100.0,68.8,2.0,1.0,4.0,23.1,1,1,06:12 AM,07:45 PM,09:30 PM,08:15 AM,Waxing Gibbous,78
South Africa,Cape Town,-33.92,18.42,Africa/Johannesburg,1689964200,2023-07-22 00:00,15.4,59.7,Partly cloudy,10.8,17.4,318,NW,1000.9,29.56,0.0,0.0,63,37,17.2,63.0,10.0,6.2,5.1,17.7,28.5,100.0,65.0,3.8,3.6,15.2,22.0,2,2,06:12 AM,07:45 PM,09:30 PM,08:15 AM,Waxing Gibbous,78
South Korea,Seoul,37.56,126.98,Asia/Seoul,1689964200,2023-07-22 00:00,28.2,82.8,Partly cloudy,4.9,7.9,220,SW,1014.5,29.96,0.0,0.0,51,71,30.1,86.2,9.0,5.6,3.5,7.9,12.7,100.0,76.8,5.4,2.3,4.0,18.5,1,1,06:12 AM,07:45 PM,09:30 PM,08:15 AM,Waxing Gibbous,78
Thailand,Bangkok,13.75,100.5,Asia/Bangkok,1689964200,2023-07-22 00:00,31.3,88.3,Partly cloudy,7.5,12.1,293,WNW,1025.1,30.27,0.0,0.0,66,64,33.6,92.5,8.5,5.3,4.2,9.3,15.0,304.8,77.7,33.5,6.7,56.2,95.2,4,6,06:12 AM,07:45 PM,09:30 PM,08:15 AM,Waxing Gibbous,78
Kenya,Nairobi,-1.29,36.82,Africa/Nairobi,1689964200,2023-07-22 00:00,19.5,67.1,Partly cloudy,7.1,11.5,335,NNW,1011.6,29.87,0.0,0.0,89,72,23.0,73.4,6.5,4.0,4.0,12.9,20.7,100.0,58.9,5.8,1.4,15.1,32.0,2,2,06:12 AM,07:45 PM,09:30 PM,08:15 AM,Waxing Gibbous,78
Sweden,Stockholm,59.33,18.06,Europe/Stockholm,1689964200,2023-07-22 00:00,16.5,61.7,Partly cloudy,5.4,8.7,355,N,1006.2,29.71,0.0,0.0,68,34,19.2,66.6,8.7,5.4,5.2,7.0,11.3,126.8,53.1,11.8,2.3,24.7,47.3,2,3,06:12 AM,07:45 PM,09:30 PM,08:15 AM,Waxing Gibbous,78
Argentina,Buenos Aires,-34.6,-58.38,America/Argentina/Buenos_Aires,1689964200,2023-07-22 00:00,17.3,63.1,Overcast,13.5,21.7,24,NNE,1008.9,29.79,0.0,0.0,57,84,18.4,65.1,9.8,6.1,2.8,22.9,36.8,117.7,43.6,13.4,1.0,20.8,28.7,2,3,06:12 AM,07:45 PM,09:30 PM,08:15 AM,Waxing Gibbous,78
United States,New York,40.71,-74.01,America/New_York,1690050600,2023-07-23 00:00,22.6,72.7,Partly cloudy,4.4,7.1,302,WNW,1005.2,29.68,0.0,0.0,60,62,25.0,77.0,10.0,6.2,5.3,5.7,9.1,100.0,74.3,2.0,1.2,19.0,25.7,2,2,06:12 AM,07:45 PM,09:30 PM,08:15 AM,Waxing Gibbous,78
United Kingdom,London,51.51,-0.13,Europe/London,1690050600,2023-07-23 00:00,19.7,67.5,Partly cloudy,18.3,29.5,345,NNW,999.8,29.52,0.0,0.0,57,41,20.2,68.4,9.1,5.7,6.5,31.7,51.0,100.0,74.8,2.0,1.0,6.3,8.0,1,1,06:12 AM,07:45 PM,09:30 PM,08:15 AM,Waxing Gibbous,78
Japan,Tokyo,35.68,139.69,Asia/Tokyo,1690050600,2023-07-23 00:00,23.6,74.5,Partly cloudy,5.0,8.1,294,WNW,994.0,29.35,0.0,0.0,65,50,26.2,79.2,10.0,6.2,4.7,6.3,10.2,109.0,68.2,7.5,1.5,20.6,33.6,2,3,06:12 AM,07:45 PM,09:30 PM,08:15 AM,Waxing Gibbous,78
France,Paris,48.85,2.35,Europe/Paris,1690050600,2023-07-23 00:00,21.4,70.5,Partly cloudy,4.2,6.7,268,W,1016.9,30.03,0.0,0.0,72,51,24.5,76.1,8.7,5.4,4.7,6.2,9.9,100.0,58.7,2.0,5.2,17.8,38.6,2,2,06:12 AM,07:45 PM,09:30 PM,08:15 AM,Waxing Gibbous,78
India,New Delhi,28.61,77.21,Asia/Kolkata,1690050600,2023-07-23 00:00,35.6,96.1,Partly cloudy,5.0,8.1,190,S,1000.5,29.54,0.0,0.0,48,48,37.4,99.3,7.6,4.7,4.2,7.4,11.9,259.4,92.7,24.6,4.7,48.2,89.8,3,5,06:12 AM,07:45 PM,09:30 PM,08:15 AM,Waxing Gibbous,78
Australia,Sydney,-33.87,151.21,Australia/Sydney,1690050600,2023-07-23 00:00,16.3,61.3,Partly cloudy,12.6,20.3,349,N,1004.1,29.65,0.0,0.0,56,54,17.5,63.5,7.7,4.8,5.2,18.9,30.4,100.0,56.9,4.2,4.6,14.0,18.8,2,2,06:12 AM,07:45 PM,09:30 PM,08:15 AM,Waxing Gibbous,78
Egypt,Cairo,30.04,31.24,Africa/Cairo,1690050600,2023-07-23 00:00,33.5,92.3,Patchy rain possible,10.3,16.5,39,NE,1005.6,29.7,0.6,0.02,72,38,35.8,96.4,7.7,4.8,6.7,13.7,22.0,314.0,101.0,24.4,5.1,54.7,97.8,3,6,06:12 AM,07:45 PM,09:30 PM,08:15 AM,Waxing Gibbous,78
Singapore,Singapore,1.35,103.82,Asia/Singapore,1690050600,2023-07-23 00:00,25.1,77.2,Moderate rain,15.5,25.0,106,ESE,1004.0,29.65,6.0,0.24,75,51,26.8,80.2,7.7,4.8,4.1,23.1,37.1,100.0,77.9,3.8,1.0,5.9,8.0,1,1,06:12 AM,07:45 PM,09:30 PM,08:15 AM,Waxing Gibbous,78
Brazil,Rio de Janeiro,-22.91,-43.17,America/Sao_Paulo,1690050600,2023-07-23 00:00,22.6,72.7,Partly cloudy,10.7,17.3,177,S,1009.4,29.81,0.0,0.0,64,73,24.4,75.9,8.1,5.0,3.9,17.2,27.7,100.0,59.2,7.2,1.0,13.0,11.7,2,2,06:12 AM,07:45 PM,09:30 PM,08:15 AM,Waxing Gibbous,78
Canada,Toronto,43.65,-79.38,America/Toronto,1690050600,2023-07-23 00:00,23.7,74.7,Partly cloudy,9.8,15.8,294,WNW,1019.9,30.12,0.0,0.0,58,49,25.3,77.5,9.3,5.8,4.3,13.3,21.4,100.0,68.0,13.3,1.0,16.4,33.4,2,2,06:12 AM,07:45 PM,09:30 PM,08:15 AM,Waxing Gibbous,78
Germany,Berlin,52.52,13.4,Europe/Berlin,1690050600,2023-07-23 00:00,24.7,76.5,Partly cloudy,6.7,10.8,278,W,1008.6,29.78,0.0,0.0,68,33,27.2,81.0,8.3,5.2,6.1,11.7,18.9,100.0,77.7,2.0,2.9,4.0,8.0,1,1,06:12 AM,07:45 PM,09:30 PM,08:15 AM,Waxing Gibbous,78
United Arab Emirates,Dubai,25.2,55.27,Asia/Dubai,1690050600,2023-07-23 00:00,37.3,99.1,Partly cloudy,3.5,5.7,115,ESE,1018.6,30.08,0.0,0.0,75,63,40.6,105.1,9.1,5.7,3.7,4.2,6.8,100.0,88.3,6.5,1.0,12.4,8.0,2,2,06:12 AM,07:45 PM,09:30 PM,08:15 AM,Waxing Gibbous,78
India,Mumbai,19.07,72.88,Asia/Kolkata,1690050600,2023-07-23 00:00,32.5,90.5,Sunny,4.0,6.4,13,NNE,1010.1,29.83,0.0,0.0,61,0,35.0,95.0,8.8,5.5,7.4,6.6,10.7,285.6,91.8,19.4,8.3,52.4,78.8,3,6,06:12 AM,07:45 PM,09:30 PM,08:15 AM,Waxing Gibbous,78
United States,San Francisco,37.77,-122.42,America/Los_Angeles,1690050600,2023-07-23 00:00,14.7,58.5,Partly cloudy,12.7,20.4,170,S,1006.5,29.72,0.0,0.0,72,61,16.7,62.1,9.4,5.8,4.8,17.5,28.2,100.0,60.3,7.5,1.1,17.1,19.7,2,2,06:12 AM,07:45 PM,09:30 PM,08:15 AM,Waxing Gibbous,78
South Africa,Cape Town,-33.92,18.42,Africa/Johannesburg,1690050600,2023-07-23 00:00,12.2,54.0,Heavy rain,14.2,22.9,354,N,997.9,29.47,15.9,0.63,87,80,14.7,58.5,4.8,3.0,3.2,19.4,31.2,106.8,54.9,3.4,1.9,15.6,15.2,2,2,06:12 AM,07:45 PM,09:30 PM,08:15 AM,Waxing Gibbous,78
South Korea,Seoul,37.56,126.98,Asia/Seoul,1690050600,2023-07-23 00:00,24.6,76.3,Partly cloudy,7.0,11.2,136,SE,1016.1,30.01,0.0,0.0,65,54,27.0,80.6,10.0,6.2,4.8,11.3,18.2,100.0,77.0,2.0,1.4,10.1,8.0,1,2,06:12 AM,07:45 PM,09:30 PM,08:15 AM,Waxing Gibbous,78
Thailand,Bangkok,13.75,100.5,Asia/Bangkok,1690050600,2023-07-23 00:00,33.1,91.6,Partly cloudy,5.7,9.2,141,SE,1013.5,29.93,0.0,0.0,47,32,34.7,94.5,9.7,6.0,5.9,9.5,15.3,303.3,89.5,27.5,9.1,55.0,83.7,4,6,06:12 AM,07:45 PM,09:30 PM,08:15 AM,Waxing Gibbous,78
Kenya,Nairobi,-1.29,36.82,Africa/Nairobi,1690050600,2023-07-23 00:00,20.0,68.0,Partly cloudy,14.0,22.5,55,NE,1018.3,30.07,0.0,0.0,72,36,21.8,71.2,7.6,4.7,6.2,17.2,27.7,100.0,65.6,4.5,4.3,12.8,24.7,2,2,06:12 AM,07:45 PM,09:30 PM,08:15 AM,Waxing Gibbous,78
Sweden,Stockholm,59.33,18.06,Europe/Stockholm,1690050600,2023-07-23 00:00,15.8,60.4,Moderate rain,11.9,19.1,45,NE,1016.5,30.02,4.4,0.17,71,71,17.8,64.0,7.2,4.5,4.3,14.8,23.8,100.0,51.6,4.8,1.0,4.0,13.3,1,1,06:12 AM,07:45 PM,09:30 PM,08:15 AM,Waxing Gibbous,78
Argentina,Buenos Aires,-34.6,-58.38,America/Argentina/Buenos_Aires,1690050600,2023-07-23 00:00,11.1,52.0,Patchy rain possible,8.9,14.4,312,NW,1008.1,29.77,0.2,0.01,98,100,14.8,58.6,7.3,4.5,1.6,11.1,17.8,100.0,20.0,12.8,1.0,15.2,38.5,2,2,06:12 AM,07:45 PM,09:30 PM,08:15 AM,Waxing Gibbous,78
United States,New York,40.71,-74.01,America/New_York,1690137000,2023-07-24 00:00,27.2,81.0,Partly cloudy,4.7,7.6,60,ENE,1016.3,30.01,0.0,0.0,58,46,29.5,85.1,9.5,5.9,5.6,7.9,12.7,100.0,80.5,5.2,5.5,16.3,30.6,2,2,06:12 AM,07:45 PM,09:30 PM,08:15 AM,Waxing Gibbous,78
United Kingdom,London,51.51,-0.13,Europe/London,1690137000,2023-07-24 00:00,13.8,56.8,Overcast,17.4,28.0,278,W,1007.3,29.75,0.0,0.0,70,80,15.1,59.2,10.0,6.2,2.4,30.0,48.2,100.0,35.3,2.8,1.0,5.6,24.9,1,1,06:12 AM,07:45 PM,09:30 PM,08:15 AM,Waxing Gibbous,78
Japan,Tokyo,35.68,139.69,Asia/Tokyo,1690137000,2023-07-24 00:00,28.0,82.4,Partly cloudy,3.4,5.4,181,S,1008.1,29.77,0.0,0.0,72,70,31.2,88.2,8.5,5.3,4.2,5.2,8.3,110.4,74.9,2.0,1.3,16.8,34.7,2,2,06:12 AM,07:45 PM,09:30 PM,08:15 AM,Waxing Gibbous,78
France,Paris,48.85,2.35,Europe/Paris,1690137000,2023-07-24 00:00,24.6,76.3,Partly cloudy,9.9,16.0,279,W,1030.2,30.42,0.0,0.0,64,67,26.5,79.7,8.4,5.2,3.7,16.4,26.4,100.0,68.0,2.0,1.0,15.8,24.4,2,2,06:12 AM,07:45 PM,09:30 PM,08:15 AM,Waxing Gibbous,78
India,New Delhi,28.61,77.21,Asia/Kolkata,1690137000,2023-07-24 00:00,37.2,99.0,Partly cloudy,1.6,2.5,255,WSW,1017.0,30.03,0.0,0.0,62,51,40.1,104.2,8.2,5.1,4.8,2.4,3.9,332.0,95.9,21.6,8.5,62.1,106.0,4,7,06:12 AM,07:45 PM,09:30 PM,08:15 AM,Waxing Gibbous,78
Australia,Sydney,-33.87,151.21,Australia/Sydney,1690137000,2023-07-24 00:00,18.5,65.3,Partly cloudy,6.0,9.6,67,ENE,1015.9,30.0,0.0,0.0,77,75,21.6,70.9,8.8,5.5,3.7,8.3,13.4,100.0,54.1,5.6,1.1,16.4,22.9,2,2,06:12 AM,07:45 PM,09:30 PM,08:15 AM,Waxing Gibbous,78
Egypt,Cairo,30.04,31.24,Africa/Cairo,1690137000,2023-07-24 00:00,36.7,98.1,Partly cloudy,2.7,4.4,96,E,1021.0,30.15,0.0,0.0,63,68,39.5,103.1,9.2,5.7,4.1,4.2,6.7,330.6,95.1,29.4,10.0,67.5,93.2,4,7,06:12 AM,07:45 PM,09:30 PM,08:15 AM,Waxing Gibbous,78
Singapore,Singapore,1.35,103.82,Asia/Singapore,1690137000,2023-07-24 00:00,31.5,88.7,Partly cloudy,1.2,2.0,108,ESE,1016.1,30.01,0.0,0.0,66,75,34.6,94.3,8.2,5.1,3.5,2.1,3.3,107.1,79.8,18.2,4.6,24.2,41.4,2,3,06:12 AM,07:45 PM,09:30 PM,08:15 AM,Waxing Gibbous,78
Brazil,Rio de Janeiro,-22.91,-43.17,America/Sao_Paulo,1690137000,2023-07-24 00:00,22.7,72.9,Patchy rain possible,17.1,27.6,257,WSW,1022.8,30.2,3.3,0.13,73,56,24.1,75.4,8.9,5.5,5.7,27.3,44.0,100.0,77.2,8.5,1.0,5.6,8.9,1,1,06:12 AM,07:45 PM,09:30 PM,08:15 AM,Waxing Gibbous,78
Canada,Toronto,43.65,-79.38,America/Toronto,1690137000,2023-07-24 00:00,20.9,69.6,Partly cloudy,8.0,12.8,73,ENE,1007.8,29.76,0.0,0.0,58,56,22.8,73.0,7.8,4.8,4.8,12.4,20.0,100.0,65.0,2.0,1.7,4.0,8.0,1,1,06:12 AM,07:45 PM,09:30 PM,08:15 AM,Waxing Gibbous,78
Germany,Berlin,52.52,13.4,Europe/Berlin,1690137000,2023-07-24 00:00,16.9,62.4,Overcast,2.5,4.0,255,WSW,1017.4,30.04,0.0,0.0,67,93,19.9,67.8,7.9,4.9,2.5,4.1,6.6,125.1,46.6,15.3,4.7,19.4,36.8,2,2,06:12 AM,07:45 PM,09:30 PM,08:15 AM,Waxing Gibbous,78
United Arab Emirates,Dubai,25.2,55.27,Asia/Dubai,1690137000,2023-07-24 00:00,37.4,99.3,Patchy rain possible,22.9,36.9,332,NNW,1017.7,30.05,0.6,0.02,91,94,39.0,102.2,7.9,4.9,3.2,38.2,61.5,100.0,91.4,5.9,1.0,4.0,8.0,1,1,06:12 AM,07:45 PM,09:30 PM,08:15 AM,Waxing Gibbous,78
India,Mumbai,19.07,72.88,Asia/Kolkata,1690137000,2023-07-24 00:00,32.1,89.8,Partly cloudy,19.5,31.4,47,NE,1019.1,30.09,0.0,0.0,50,38,32.1,89.8,8.5,5.3,5.7,31.3,50.4,108.1,98.4,2.0,1.5,21.2,12.5,2,3,06:12 AM,07:45 PM,09:30 PM,08:15 AM,Waxing Gibbous,78
United States,San Francisco,37.77,-122.42,America/Los_Angeles,1690137000,2023-07-24 00:00,18.8,65.8,Partly cloudy,1.4,2.2,272,W,1022.2,30.19,0.0,0.0,76,41,22.4,72.3,7.2,4.5,6.1,2.4,3.8,100.0,59.7,11.5,4.5,17.2,25.5,2,2,06:12 AM,07:45 PM,09:30 PM,08:15 AM,Waxing Gibbous,78
South Africa,Cape Town,-33.92,18.42,Africa/Johannesburg,1690137000,2023-07-24 00:00,15.8,60.4,Patchy rain possible,8.6,13.8,138,SE,1009.6,29.81,1.6,0.06,71,40,18.2,64.8,9.4,5.8,6.0,12.7,20.5,135.1,61.7,10.6,7.3,23.4,37.6,2,3,06:12 AM,07:45 PM,09:30 PM,08:15 AM,Waxing Gibbous,78
South Korea,Seoul,37.56,126.98,Asia/Seoul,1690137000,2023-07-24 00:00,27.2,81.0,Partly cloudy,5.3,8.6,284,WNW,1025.4,30.28,0.0,0.0,51,53,29.1,84.4,8.7,5.4,4.1,7.6,12.3,119.8,72.2,21.6,2.5,29.8,61.1,2,3,06:12 AM,07:45 PM,09:30 PM,08:15 AM,Waxing Gibbous,78
Thailand,Bangkok,13.75,100.5,Asia/Bangkok,1690137000,2023-07-24 00:00,34.7,94.5,Partly cloudy,3.0,4.8,201,SSW,1007.9,29.76,0.0,0.0,46,44,36.6,97.9,9.7,6.0,5.3,3.6,5.8,335.6,102.5,28.8,9.3,60.1,122.5,4,7,06:12 AM,07:45 PM,09:30 PM,08:15 AM,Waxing Gibbous,78
Kenya,Nairobi,-1.29,36.82,Africa/Nairobi,1690137000,2023-07-24 00:00,14.2,57.6,Partly cloudy,21.3,34.2,0,N,1011.0,29.85,0.0,0.0,80,54,15.5,59.9,8.8,5.5,5.4,38.2,61.5,100.0,56.7,9.8,3.8,20.8,30.4,2,3,06:12 AM,07:45 PM,09:30 PM,08:15 AM,Waxing Gibbous,78
Sweden,Stockholm,59.33,18.06,Europe/Stockholm,1690137000,2023-07-24 00:00,17.1,62.8,Partly cloudy,4.8,7.8,27,NNE,1010.4,29.84,0.0,0.0,57,67,19.3,66.7,8.2,5.1,4.4,6.6,10.7,102.9,50.5,16.5,4.1,20.6,26.3,2,3,06:12 AM,07:45 PM,09:30 PM,08:15 AM,Waxing Gibbous,78
Argentina,Buenos Aires,-34.6,-58.38,America/Argentina/Buenos_Aires,1690137000,2023-07-24 00:00,16.1,61.0,Patchy rain possible,18.6,30.0,335,NNW,1009.4,29.81,3.6,0.14,83,72,17.8,64.0,6.8,4.2,2.9,25.0,40.2,104.6,55.2,9.0,1.5,17.7,28.1,2,2,06:12 AM,07:45 PM,09:30 PM,08:15 AM,Waxing Gibbous,78
United States,New York,40.71,-74.01,America/New_York,1690223400,2023-07-25 00:00,26.2,79.2,Partly cloudy,5.2,8.3,93,E,1013.0,29.91,0.0,0.0,54,62,28.2,82.8,9.4,5.8,4.1,6.2,10.0,100.0,70.2,5.0,2.5,19.1,62.6,2,2,06:12 AM,07:45 PM,09:30 PM,08:15 AM,Waxing Gibbous,78
United Kingdom,London,51.51,-0.13,Europe/London,1690223400,2023-07-25 00:00,22.9,73.2,Overcast,8.8,14.1,230,SW,1009.1,29.8,0.0,0.0,70,81,25.3,77.5,8.0,5.0,3.8,12.2,19.7,100.0,62.4,2.0,1.1,4.0,8.0,1,1,06:12 AM,07:45 PM,09:30 PM,08:15 AM,Waxing Gibbous,78
Japan,Tokyo,35.68,139.69,Asia/Tokyo,1690223400,2023-07-25 00:00,29.4,84.9,Partly cloudy,4.3,7.0,290,WNW,1007.2,29.74,0.0,0.0,51,57,31.4,88.5,9.8,6.1,4.4,7.8,12.5,100.0,84.8,14.5,6.5,13.8,23.2,2,2,06:12 AM,07:45 PM,09:30 PM,08:15 AM,Waxing Gibbous,78
France,Paris,48.85,2.35,Europe/Paris,1690223400,2023-07-25 00:00,23.0,73.4,Partly cloudy,5.2,8.3,350,N,1010.6,29.84,0.0,0.0,49,43,24.8,76.6,9.3,5.8,6.1,6.3,10.2,102.7,76.2,7.0,1.8,17.4,25.7,2,2,06:12 AM,07:45 PM,09:30 PM,08:15 AM,Waxing Gibbous,78
India,New Delhi,28.61,77.21,Asia/Kolkata,1690223400,2023-07-25 00:00,34.9,94.8,Partly cloudy,19.7,31.7,227,SW,1008.5,29.78,0.0,0.0,49,52,34.8,94.6,9.7,6.0,4.4,32.4,52.2,125.9,96.3,7.8,1.6,20.2,28.6,2,3,06:12 AM,07:45 PM,09:30 PM,08:15 AM,Waxing Gibbous,78
Australia,Sydney,-33.87,151.21,Australia/Sydney,1690223400,2023-07-25 00:00,19.2,66.6,Partly cloudy,2.2,3.5,349,N,1020.4,30.13,0.0,0.0,69,57,22.4,72.3,7.9,4.9,5.3,3.5,5.6,100.0,70.9,5.6,1.0,18.7,29.8,2,2,06:12 AM,07:45 PM,09:30 PM,08:15 AM,Waxing Gibbous,78
Egypt,Cairo,30.04,31.24,Africa/Cairo,1690223400,2023-07-25 00:00,35.9,96.6,Partly cloudy,3.2,5.1,160,SSE,1025.3,30.28,0.0,0.0,58,46,38.4,101.1,7.8,4.8,5.5,4.2,6.8,344.7,100.1,21.7,8.3,66.6,115.3,4,7,06:12 AM,07:45 PM,09:30 PM,08:15 AM,Waxing Gibbous,78
Singapore,Singapore,1.35,103.82,Asia/Singapore,1690223400,2023-07-25 00:00,31.7,89.1,Moderate rain,12.2,19.6,50,NE,1017.3,30.04,8.1,0.32,65,47,33.4,92.1,6.6,4.1,4.7,15.8,25.5,148.1,93.4,13.0,7.5,31.8,58.7,2,4,06:12 AM,07:45 PM,09:30 PM,08:15 AM,Waxing Gibbous,78
Brazil,Rio de Janeiro,-22.91,-43.17,America/Sao_Paulo,1690223400,2023-07-25 00:00,25.2,77.4,Partly cloudy,3.3,5.3,72,ENE,1009.2,29.8,0.0,0.0,40,38,26.8,80.2,10.0,6.2,6.0,5.7,9.1,100.0,88.7,2.0,2.8,4.0,8.6,1,1,06:12 AM,07:45 PM,09:30 PM,08:15 AM,Waxing Gibbous,78
Canada,Toronto,43.65,-79.38,America/Toronto,1690223400,2023-07-25 00:00,23.1,73.6,Partly cloudy,13.0,20.9,243,WSW,1015.4,29.98,0.0,0.0,69,52,24.9,76.8,8.1,5.0,4.4,18.1,29.1,100.0,68.2,12.8,1.0,21.1,48.9,2,3,06:12 AM,07:45 PM,09:30 PM,08:15 AM,Waxing Gibbous,78
Germany,Berlin,52.52,13.4,Europe/Berlin,1690223400,2023-07-25 00:00,19.1,66.4,Patchy rain possible,15.3,24.7,350,N,1011.2,29.86,2.1,0.08,67,32,20.5,68.9,7.8,4.8,6.1,26.2,42.2,100.0,76.4,9.2,1.0,9.6,22.8,1,1,06:12 AM,07:45 PM,09:30 PM,08:15 AM,Waxing Gibbous,78
United Arab Emirates,Dubai,25.2,55.27,Asia/Dubai,1690223400,2023-07-25 00:00,40.8,105.4,Partly cloudy,6.6,10.6,44,NE,1014.8,29.97,0.0,0.0,61,52,43.0,109.4,7.5,4.7,4.8,9.2,14.8,149.4,103.3,15.1,5.1,18.2,26.1,2,2,06:12 AM,07:45 PM,09:30 PM,08:15 AM,Waxing Gibbous,78
India,Mumbai,19.07,72.88,Asia/Kolkata,1690223400,2023-07-25 00:00,30.4,86.7,Moderate rain,9.3,14.9,192,SSW,1009.6,29.81,5.1,0.2,68,62,32.6,90.7,7.9,4.9,4.6,16.0,25.7,213.6,92.7,18.8,5.2,39.6,69.0,3,4,06:12 AM,07:45 PM,09:30 PM,08:15 AM,Waxing Gibbous,78
United States,San Francisco,37.77,-122.42,America/Los_Angeles,1690223400,2023-07-25 00:00,16.6,61.9,Partly cloudy,5.9,9.5,166,SSE,1012.0,29.88,0.0,0.0,78,70,19.7,67.5,8.6,5.3,3.3,7.1,11.5,100.0,50.2,12.5,1.0,4.0,8.0,1,1,06:12 AM,07:45 PM,09:30 PM,08:15 AM,Waxing Gibbous,78
South Africa,Cape Town,-33.92,18.42,Africa/Johannesburg,1690223400,2023-07-25 00:00,11.0,51.8,Overcast,10.6,17.1,286,WNW,1008.2,29.77,0.0,0.0,98,95,14.5,58.1,8.9,5.5,2.8,15.8,25.4,100.0,37.3,7.6,1.0,14.2,27.2,2,2,06:12 AM,07:45 PM,09:30 PM,08:15 AM,Waxing Gibbous,78
South Korea,Seoul,37.56,126.98,Asia/Seoul,1690223400,2023-07-25 00:00,28.8,83.8,Sunny,3.0,4.8,244,WSW,1028.5,30.37,0.0,0.0,69,26,31.9,89.4,10.0,6.2,6.5,4.3,7.0,100.0,86.2,2.0,1.0,6.4,18.2,1,1,06:12 AM,07:45 PM,09:30 PM,08:15 AM,Waxing Gibbous,78
Thailand,Bangkok,13.75,100.5,Asia/Bangkok,1690223400,2023-07-25 00:00,31.5,88.7,Overcast,4.7,7.5,295,WNW,1012.0,29.88,0.0,0.0,70,89,34.4,93.9,6.8,4.2,2.4,6.4,10.3,363.5,73.8,34.6,10.0,70.2,104.7,4,8,06:12 AM,07:45 PM,09:30 PM,08:15 AM,Waxing Gibbous,78
Kenya,Nairobi,-1.29,36.82,Africa/Nairobi,1690223400,2023-07-25 00:00,19.7,67.5,Partly cloudy,6.5,10.5,216,SW,1016.3,30.01,0.0,0.0,75,64,22.6,72.7,8.3,5.2,3.9,11.1,17.8,131.8,55.5,15.4,2.0,24.3,29.8,2,3,06:12 AM,07:45 PM,09:30 PM,08:15 AM,Waxing Gibbous,78
Sweden,Stockholm,59.33,18.06,Europe/Stockholm,1690223400,2023-07-25 00:00,15.2,59.4,Partly cloudy,6.1,9.8,105,ESE,1019.3,30.1,0.0,0.0,54,55,17.1,62.8,8.9,5.5,4.3,8.7,14.0,141.0,44.3,18.0,5.0,27.8,31.5,2,3,06:12 AM,07:45 PM,09:30 PM,08:15 AM,Waxing Gibbous,78
Argentina,Buenos Aires,-34.6,-58.38,America/Argentina/Buenos_Aires,1690223400,2023-07-25 00:00,17.9,64.2,Partly cloudy,2.1,3.4,189,S,1012.8,29.91,0.0,0.0,60,45,20.6,69.1,8.3,5.2,5.4,3.5,5.6,100.0,55.3,12.0,1.0,18.8,23.9,2,2,06:12 AM,07:45 PM,09:30 PM,08:15 AM,Waxing Gibbous,78
United States,New York,40.71,-74.01,America/New_York,1690309800,2023-07-26 00:00,27.9,82.2,Partly cloudy,6.6,10.7,212,SSW,1023.0,30.21,0.0,0.0,45,31,29.3,84.7,8.4,5.2,6.5,10.5,16.9,100.0,100.4,2.6,5.2,9.7,8.0,1,1,06:12 AM,07:45 PM,09:30 PM,08:15 AM,Waxing Gibbous,78
United Kingdom,London,51.51,-0.13,Europe/London,1690309800,2023-07-26 00:00,18.9,66.0,Patchy rain possible,15.3,24.6,94,E,1016.4,30.01,1.6,0.06,59,43,19.9,67.8,8.1,5.0,4.4,21.3,34.2,100.0,62.7,2.0,4.0,21.8,23.3,2,3,06:12 AM,07:45 PM,09:30 PM,08:15 AM,Waxing Gibbous,78
Japan,Tokyo,35.68,139.69,Asia/Tokyo,1690309800,2023-07-26 00:00,32.2,90.0,Sunny,10.5,16.9,260,W,1011.6,29.87,0.0,0.0,45,22,33.1,91.6,8.4,5.2,6.6,15.0,24.1,100.0,103.7,6.8,2.6,8.9,19.0,1,1,06:12 AM,07:45 PM,09:30 PM,08:15 AM,Waxing Gibbous,78
France,Paris,48.85,2.35,Europe/Paris,1690309800,2023-07-26 00:00,26.7,80.1,Partly cloudy,4.2,6.8,121,ESE,1013.2,29.92,0.0,0.0,43,48,28.3,82.9,9.7,6.0,5.7,6.3,10.2,100.0,84.4,2.0,3.7,7.5,8.0,1,1,06:12 AM,07:45 PM,09:30 PM,08:15 AM,Waxing Gibbous,78
India,New Delhi,28.61,77.21,Asia/Kolkata,1690309800,2023-07-26 00:00,37.3,99.1,Partly cloudy,12.7,20.5,286,WNW,999.1,29.5,0.0,0.0,52,64,38.3,100.9,9.0,5.6,4.8,17.5,28.1,254.0,101.2,20.0,8.1,47.0,92.9,3,5,06:12 AM,07:45 PM,09:30 PM,08:15 AM,Waxing Gibbous,78
Australia,Sydney,-33.87,151.21,Australia/Sydney,1690309800,2023-07-26 00:00,16.2,61.2,Heavy rain,6.0,9.7,207,SSW,1008.0,29.77,15.7,0.62,74,51,19.1,66.4,4.7,2.9,5.4,8.1,13.1,100.0,48.3,2.0,1.0,12.4,31.5,2,2,06:12 AM,07:45 PM,09:30 PM,08:15 AM,Waxing Gibbous,78
Egypt,Cairo,30.04,31.24,Africa/Cairo,1690309800,2023-07-26 00:00,39.1,102.4,Partly cloudy,10.8,17.4,97,E,1010.6,29.84,0.0,0.0,60,40,40.7,105.3,9.8,6.1,5.1,13.4,21.6,248.1,105.8,14.1,10.0,48.9,74.2,3,5,06:12 AM,07:45 PM,09:30 PM,08:15 AM,Waxing Gibbous,78
Singapore,Singapore,1.35,103.82,Asia/Singapore,1690309800,2023-07-26 00:00,30.7,87.3,Partly cloudy,12.4,20.0,330,NNW,1011.5,29.87,0.0,0.0,51,72,31.6,88.9,10.0,6.2,3.5,17.1,27.5,100.0,80.5,8.7,1.3,17.4,13.9,2,2,06:12 AM,07:45 PM,09:30 PM,08:15 AM,Waxing Gibbous,78
Brazil,Rio de Janeiro,-22.91,-43.17,America/Sao_Paulo,1690309800,2023-07-26 00:00,24.4,75.9,Patchy rain possible,10.8,17.4,96,E,1017.9,30.06,3.0,0.12,71,50,26.6,79.9,7.9,4.9,4.8,14.4,23.1,135.9,73.1,8.5,1.0,20.5,29.2,2,3,06:12 AM,07:45 PM,09:30 PM,08:15 AM,Waxing Gibbous,78
Canada,Toronto,43.65,-79.38,America/Toronto,1690309800,2023-07-26 00:00,25.1,77.2,Moderate rain,13.9,22.4,91,E,1003.6,29.64,11.9,0.47,67,43,26.7,80.1,6.3,3.9,5.3,22.2,35.8,100.0,74.5,7.6,4.3,23.0,30.5,2,3,06:12 AM,07:45 PM,09:30 PM,08:15 AM,Waxing Gibbous,78
Germany,Berlin,52.52,13.4,Europe/Berlin,1690309800,2023-07-26 00:00,18.5,65.3,Partly cloudy,10.1,16.2,325,NW,1015.4,29.98,0.0,0.0,52,41,19.8,67.6,10.0,6.2,5.1,16.2,26.1,100.0,57.2,3.9,2.9,4.0,8.0,1,1,06:12 AM,07:45 PM,09:30 PM,08:15 AM,Waxing Gibbous,78
United Arab Emirates,Dubai,25.2,55.27,Asia/Dubai,1690309800,2023-07-26 00:00,39.8,103.6,Overcast,10.3,16.6,126,SE,1014.2,29.95,0.0,0.0,64,82,41.7,107.1,9.0,5.6,2.3,13.2,21.3,100.0,92.2,4.2,1.0,16.1,33.8,2,2,06:12 AM,07:45 PM,09:30 PM,08:15 AM,Waxing Gibbous,78
India,Mumbai,19.07,72.88,Asia/Kolkata,1690309800,2023-07-26 00:00,31.4,88.5,Partly cloudy,5.2,8.3,340,NNW,1007.9,29.76,0.0,0.0,77,71,34.6,94.3,8.4,5.2,3.7,6.8,10.9,364.0,86.5,26.4,9.1,71.0,113.2,4,8,06:12 AM,07:45 PM,09:30 PM,08:15 AM,Waxing Gibbous,78
United States,San Francisco,37.77,-122.42,America/Los_Angeles,1690309800,2023-07-26 00:00,18.8,65.8,Partly cloudy,6.4,10.3,164,SSE,1017.4,30.04,0.0,0.0,62,63,21.1,70.0,7.4,4.6,3.4,8.3,13.4,136.6,55.5,12.8,2.0,23.8,43.7,2,3,06:12 AM,07:45 PM,09:30 PM,08:15 AM,Waxing Gibbous,78
South Africa,Cape Town,-33.92,18.42,Africa/Johannesburg,1690309800,2023-07-26 00:00,13.2,55.8,Partly cloudy,5.2,8.4,218,SW,1000.9,29.56,0.0,0.0,78,68,16.4,61.5,9.2,5.7,4.6,6.3,10.1,100.0,47.4,2.0,1.0,13.3,37.7,2,2,06:12 AM,07:45 PM,09:30 PM,08:15 AM,Waxing Gibbous,78
South Korea,Seoul,37.56,126.98,Asia/Seoul,1690309800,2023-07-26 00:00,26.6,79.9,Moderate rain,17.1,27.6,141,SE,1015.1,29.98,6.6,0.26,76,65,28.2,82.8,6.1,3.8,3.1,23.8,38.3,100.0,67.9,4.9,5.1,16.8,32.3,2,2,06:12 AM,07:45 PM,09:30 PM,08:15 AM,Waxing Gibbous,78
Thailand,Bangkok,13.75,100.5,Asia/Bangkok,1690309800,2023-07-26 00:00,31.2,88.2,Overcast,2.6,4.2,288,WNW,1012.9,29.91,0.0,0.0,72,79,34.5,94.1,8.1,5.0,3.8,4.6,7.4,325.6,90.6,26.3,8.2,61.9,115.3,4,7,06:12 AM,07:45 PM,09:30 PM,08:15 AM,Waxing Gibbous,78
Kenya,Nairobi,-1.29,36.82,Africa/Nairobi,1690309800,2023-07-26 00:00,16.7,62.1,Overcast,8.5,13.6,258,WSW,1016.4,30.01,0.0,0.0,77,86,19.5,67.1,7.5,4.7,1.8,11.4,18.4,100.0,44.6,2.0,1.0,4.3,21.1,1,1,06:12 AM,07:45 PM,09:30 PM,08:15 AM,Waxing Gibbous,78
Sweden,Stockholm,59.33,18.06,Europe/Stockholm,1690309800,2023-07-26 00:00,17.4,63.3,Partly cloudy,8.3,13.4,46,NE,1020.4,30.13,0.0,0.0,54,42,19.0,66.2,8.6,5.3,5.7,10.9,17.5,100.0,58.1,2.0,2.9,12.8,33.0,2,2,06:12 AM,07:45 PM,09:30 PM,08:15 AM,Waxing Gibbous,78
Argentina,Buenos Aires,-34.6,-58.38,America/Argentina/Buenos_Aires,1690309800,2023-07-26 00:00,17.9,64.2,Partly cloudy,3.7,5.9,343,NNW,1013.1,29.92,0.0,0.0,65,59,20.7,69.3,8.1,5.0,3.9,5.7,9.1,100.0,50.4,2.0,1.0,4.0,19.0,1,1,06:12 AM,07:45 PM,09:30 PM,08:15 AM,Waxing Gibbous,78
United States,New York,40.71,-74.01,America/New_York,1690396200,2023-07-27 00:00,26.6,79.9,Sunny,4.0,6.5,57,ENE,1018.6,30.08,0.0,0.0,46,24,28.4,83.1,7.7,4.8,6.0,5.3,8.6,103.4,86.5,6.4,2.5,18.7,20.5,2,2,06:12 AM,07:45 PM,09:30 PM,08:15 AM,Waxing Gibbous,78
United Kingdom,London,51.51,-0.13,Europe/London,1690396200,2023-07-27 00:00,15.1,59.2,Partly cloudy,8.3,13.3,90,E,1014.7,29.96,0.0,0.0,69,41,17.5,63.5,8.1,5.0,5.4,14.4,23.2,100.0,55.4,2.2,1.0,9.9,24.2,1,1,06:12 AM,07:45 PM,09:30 PM,08:15 AM,Waxing Gibbous,78
Japan,Tokyo,35.68,139.69,Asia/Tokyo,1690396200,2023-07-27 00:00,29.0,84.2,Partly cloudy,4.8,7.8,150,SSE,1021.6,30.17,0.0,0.0,52,59,31.0,87.8,8.7,5.4,4.0,7.6,12.3,100.0,84.2,8.3,1.0,17.7,28.8,2,2,06:12 AM,07:45 PM,09:30 PM,08:15 AM,Waxing Gibbous,78
France,Paris,48.85,2.35,Europe/Paris,1690396200,2023-07-27 00:00,22.4,72.3,Partly cloudy,9.2,14.8,189,S,1009.4,29.81,0.0,0.0,63,58,24.4,75.9,9.8,6.1,3.7,16.4,26.4,100.0,68.8,4.8,4.4,13.9,25.1,2,2,06:12 AM,07:45 PM,09:30 PM,08:15 AM,Waxing Gibbous,78
India,New Delhi,28.61,77.21,Asia/Kolkata,1690396200,2023-07-27 00:00,30.2,86.4,Partly cloudy,3.2,5.1,29,NNE,1022.8,30.2,0.0,0.0,80,62,33.8,92.8,8.6,5.3,4.6,4.3,6.9,379.7,86.4,27.7,10.9,68.9,108.4,4,7,06:12 AM,07:45 PM,09:30 PM,08:15 AM,Waxing Gibbous,78
Australia,Sydney,-33.87,151.21,Australia/Sydney,1690396200,2023-07-27 00:00,17.6,63.7,Moderate rain,12.7,20.4,298,WNW,1010.1,29.83,4.3,0.17,72,56,19.6,67.3,6.8,4.2,5.0,17.5,28.2,100.0,54.3,6.9,3.8,7.8,21.4,1,1,06:12 AM,07:45 PM,09:30 PM,08:15 AM,Waxing Gibbous,78
Egypt,Cairo,30.04,31.24,Africa/Cairo,1690396200,2023-07-27 00:00,33.9,93.0,Partly cloudy,6.2,9.9,356,N,1017.0,30.03,0.0,0.0,57,72,36.0,96.8,8.8,5.5,3.2,8.7,14.0,386.9,78.3,34.2,9.7,72.2,116.8,4,8,06:12 AM,07:45 PM,09:30 PM,08:15 AM,Waxing Gibbous,78
Singapore,Singapore,1.35,103.82,Asia/Singapore,1690396200,2023-07-27 00:00,25.8,78.4,Partly cloudy,4.0,6.5,135,SE,1016.3,30.01,0.0,0.0,76,71,29.1,84.4,8.8,5.5,3.2,6.6,10.7,158.5,75.7,13.1,2.6,30.6,49.8,2,4,06:12 AM,07:45 PM,09:30 PM,08:15 AM,Waxing Gibbous,78
Brazil,Rio de Janeiro,-22.91,-43.17,America/Sao_Paulo,1690396200,2023-07-27 00:00,24.0,75.2,Moderate rain,8.1,13.1,214,SW,1009.0,29.8,15.0,0.59,83,100,27.1,80.8,5.3,3.3,1.8,13.5,21.7,121.3,55.7,18.1,5.4,25.9,28.1,2,3,06:12 AM,07:45 PM,09:30 PM,08:15 AM,Waxing Gibbous,78
Canada,Toronto,43.65,-79.38,America/Toronto,1690396200,2023-07-27 00:00,21.5,70.7,Partly cloudy,2.1,3.4,257,WSW,1012.1,29.89,0.0,0.0,62,68,24.3,75.7,7.8,4.8,3.2,2.5,4.1,100.0,51.3,5.9,1.4,10.0,29.0,1,2,06:12 AM,07:45 PM,09:30 PM,08:15 AM,Waxing Gibbous,78
Germany,Berlin,52.52,13.4,Europe/Berlin,1690396200,2023-07-27 00:00,24.5,76.1,Partly cloudy,3.8,6.1,130,SE,1011.0,29.85,0.0,0.0,39,65,26.0,78.8,7.5,4.7,4.7,4.7,7.5,100.0,77.6,6.2,1.1,14.0,26.2,2,2,06:12 AM,07:45 PM,09:30 PM,08:15 AM,Waxing Gibbous,78
United Arab Emirates,Dubai,25.2,55.27,Asia/Dubai,1690396200,2023-07-27 00:00,40.9,105.6,Partly cloudy,16.9,27.2,258,WSW,1022.4,30.19,0.0,0.0,54,52,41.4,106.5,7.9,4.9,5.3,29.8,48.0,100.0,108.4,3.5,2.8,20.0,33.2,2,3,06:12 AM,07:45 PM,09:30 PM,08:15 AM,Waxing Gibbous,78
India,Mumbai,19.07,72.88,Asia/Kolkata,1690396200,2023-07-27 00:00,31.7,89.1,Sunny,7.5,12.1,33,NNE,1015.0,29.97,0.0,0.0,66,30,34.0,93.2,8.8,5.5,6.4,11.5,18.5,230.1,102.4,18.7,8.5,46.5,91.2,3,5,06:12 AM,07:45 PM,09:30 PM,08:15 AM,Waxing Gibbous,78
United States,San Francisco,37.77,-122.42,America/Los_Angeles,1690396200,2023-07-27 00:00,19.1,66.4,Sunny,4.3,7.0,76,ENE,1011.1,29.86,0.0,0.0,46,22,20.8,69.4,9.6,6.0,6.8,6.1,9.8,100.0,72.7,2.0,2.5,10.3,15.5,1,2,06:12 AM,07:45 PM,09:30 PM,08:15 AM,Waxing Gibbous,78
South Africa,Cape Town,-33.92,18.42,Africa/Johannesburg,1690396200,2023-07-27 00:00,13.0,55.4,Moderate rain,8.5,13.7,270,W,1017.9,30.06,4.2,0.17,95,76,16.7,62.1,5.3,3.3,3.2,10.6,17.0,100.0,45.7,12.4,3.5,21.8,35.9,2,3,06:12 AM,07:45 PM,09:30 PM,08:15 AM,Waxing Gibbous,78
South Korea,Seoul,37.56,126.98,Asia/Seoul,1690396200,2023-07-27 00:00,28.5,83.3,Partly cloudy,3.6,5.8,306,NW,1004.1,29.65,0.0,0.0,67,54,31.4,88.5,8.0,5.0,4.9,5.0,8.1,118.6,75.6,5.1,3.5,22.2,47.7,2,3,06:12 AM,07:45 PM,09:30 PM,08:15 AM,Waxing Gibbous,78
Thailand,Bangkok,13.75,100.5,Asia/Bangkok,1690396200,2023-07-27 00:00,31.2,88.2,Partly cloudy,3.4,5.4,112,ESE,1011.2,29.86,0.0,0.0,83,64,34.9,94.8,9.9,6.2,3.8,5.0,8.1,304.9,76.8,30.8,6.5,64.2,111.7,4,7,06:12 AM,07:45 PM,09:30 PM,08:15 AM,Waxing Gibbous,78
Kenya,Nairobi,-1.29,36.82,Africa/Nairobi,1690396200,2023-07-27 00:00,17.9,64.2,Moderate rain,13.0,20.9,280,W,1012.0,29.88,4.7,0.19,89,100,20.7,69.3,6.6,4.1,0.6,18.9,30.4,100.0,43.3,2.1,1.7,4.0,13.2,1,1,06:12 AM,07:45 PM,09:30 PM,08:15 AM,Waxing Gibbous,78
Sweden,Stockholm,59.33,18.06,Europe/Stockholm,1690396200,2023-07-27 00:00,15.2,59.4,Overcast,7.6,12.3,110,ESE,1014.9,29.97,0.0,0.0,76,92,18.0,64.4,7.2,4.5,1.9,9.8,15.7,100.0,42.4,5.8,2.1,11.8,11.1,1,2,06:12 AM,07:45 PM,09:30 PM,08:15 AM,Waxing Gibbous,78
Argentina,Buenos Aires,-34.6,-58.38,America/Argentina/Buenos_Aires,1690396200,2023-07-27 00:00,20.3,68.5,Moderate rain,14.6,23.5,29,NNE,1007.7,29.76,10.6,0.42,68,34,21.8,71.2,5.3,3.3,6.0,19.6,31.6,120.1,81.5,19.7,3.5,24.6,48.0,2,3,06:12 AM,07:45 PM,09:30 PM,08:15 AM,Waxing Gibbous,78
United States,New York,40.71,-74.01,America/New_York,1690482600,2023-07-28 00:00,26.0,78.8,Partly cloudy,8.7,14.0,15,NNE,1008.4,29.78,0.0,0.0,65,69,28.1,82.6,8.3,5.2,3.5,10.7,17.3,109.0,71.2,9.2,3.2,18.8,33.3,2,2,06:12 AM,07:45 PM,09:30 PM,08:15 AM,Waxing Gibbous,78
United Kingdom,London,51.51,-0.13,Europe/London,1690482600,2023-07-28 00:00,20.7,69.3,Partly cloudy,8.6,13.9,86,E,1003.0,29.62,0.0,0.0,65,55,22.8,73.0,9.1,5.7,4.7,12.1,19.5,136.1,65.9,14.0,3.3,26.7,50.0,2,3,06:12 AM,07:45 PM,09:30 PM,08:15 AM,Waxing Gibbous,78
Japan,Tokyo,35.68,139.69,Asia/Tokyo,1690482600,2023-07-28 00:00,30.7,87.3,Overcast,7.3,11.8,183,S,1013.0,29.91,0.0,0.0,73,86,33.4,92.1,8.5,5.3,2.7,11.1,17.9,100.0,69.6,4.9,1.0,5.1,18.0,1,1,06:12 AM,07:45 PM,09:30 PM,08:15 AM,Waxing Gibbous,78
France,Paris,48.85,2.35,Europe/Paris,1690482600,2023-07-28 00:00,22.2,72.0,Patchy rain possible,17.6,28.4,315,NW,1019.2,30.1,2.7,0.11,79,64,23.9,75.0,8.1,5.0,3.9,27.3,43.9,117.3,62.1,6.4,1.5,19.1,35.7,2,2,06:12 AM,07:45 PM,09:30 PM,08:15 AM,Waxing Gibbous,78
India,New Delhi,28.61,77.21,Asia/Kolkata,1690482600,2023-07-28 00:00,32.4,90.3,Partly cloudy,6.7,10.8,280,W,1003.6,29.64,0.0,0.0,54,51,34.2,93.6,9.2,5.7,4.7,8.5,13.6,336.0,85.0,29.8,9.9,66.7,102.9,4,7,06:12 AM,07:45 PM,09:30 PM,08:15 AM,Waxing Gibbous,78
Australia,Sydney,-33.87,151.21,Australia/Sydney,1690482600,2023-07-28 00:00,15.9,60.6,Overcast,9.8,15.8,131,SE,1019.6,30.11,0.0,0.0,79,100,18.6,65.5,8.7,5.4,2.2,14.2,22.8,100.0,44.4,2.0,1.0,7.6,8.0,1,1,06:12 AM,07:45 PM,09:30 PM,08:15 AM,Waxing Gibbous,78
Egypt,Cairo,30.04,31.24,Africa/Cairo,1690482600,2023-07-28 00:00,33.7,92.7,Overcast,1.5,2.4,286,WNW,1022.2,30.19,0.0,0.0,68,78,36.9,98.4,7.0,4.3,3.5,1.9,3.1,227.9,87.9,16.2,7.9,41.6,65.6,3,5,06:12 AM,07:45 PM,09:30 PM,08:15 AM,Waxing Gibbous,78
Singapore,Singapore,1.35,103.82,Asia/Singapore,1690482600,2023-07-28 00:00,29.7,85.5,Partly cloudy,9.4,15.2,287,WNW,1008.2,29.77,0.0,0.0,75,72,32.2,90.0,9.2,5.7,3.8,15.9,25.6,100.0,80.3,2.0,1.0,4.0,25.8,1,1,06:12 AM,07:45 PM,09:30 PM,08:15 AM,Waxing Gibbous,78
Brazil,Rio de Janeiro,-22.91,-43.17,America/Sao_Paulo,1690482600,2023-07-28 00:00,19.8,67.6,Partly cloudy,4.0,6.5,213,SSW,1010.9,29.85,0.0,0.0,75,56,23.0,73.4,7.3,4.5,5.2,6.2,10.0,141.4,66.8,11.7,5.7,24.0,47.8,2,3,06:12 AM,07:45 PM,09:30 PM,08:15 AM,Waxing Gibbous,78
Canada,Toronto,43.65,-79.38,America/Toronto,1690482600,2023-07-28 00:00,27.3,81.1,Partly cloudy,6.3,10.1,105,ESE,1009.0,29.8,0.0,0.0,39,51,28.4,83.1,10.0,6.2,5.4,10.9,17.5,100.0,84.1,2.0,2.9,5.2,17.2,1,1,06:12 AM,07:45 PM,09:30 PM,08:15 AM,Waxing Gibbous,78
Germany,Berlin,52.52,13.4,Europe/Berlin,1690482600,2023-07-28 00:00,20.1,68.2,Patchy rain possible,13.2,21.3,307,NW,1021.1,30.15,1.9,0.07,79,74,22.3,72.1,7.1,4.4,4.5,22.2,35.7,100.0,61.5,8.7,1.0,7.0,19.9,1,1,06:12 AM,07:45 PM,09:30 PM,08:15 AM,Waxing Gibbous,78
United Arab Emirates,Dubai,25.2,55.27,Asia/Dubai,1690482600,2023-07-28 00:00,39.3,102.7,Patchy rain possible,12.2,19.6,263,W,1004.5,29.66,4.0,0.16,64,54,40.9,105.6,9.5,5.9,5.2,17.3,27.8,100.0,105.0,4.1,1.8,4.0,8.0,1,1,06:12 AM,07:45 PM,09:30 PM,08:15 AM,Waxing Gibbous,78
India,Mumbai,19.07,72.88,Asia/Kolkata,1690482600,2023-07-28 00:00,31.4,88.5,Partly cloudy,4.3,6.9,256,WSW,1018.4,30.07,0.0,0.0,62,75,33.9,93.0,8.8,5.5,3.4,6.8,10.9,320.2,73.7,24.5,11.3,57.3,93.1,4,6,06:12 AM,07:45 PM,09:30 PM,08:15 AM,Waxing Gibbous,78
United States,San Francisco,37.77,-122.42,America/Los_Angeles,1690482600,2023-07-28 00:00,20.9,69.6,Partly cloudy,8.1,13.0,320,NW,1000.9,29.56,0.0,0.0,63,47,23.0,73.4,10.0,6.2,5.0,10.3,16.6,100.0,64.5,6.2,2.9,15.4,8.0,2,2,06:12 AM,07:45 PM,09:30 PM,08:15 AM,Waxing Gibbous,78
South Africa,Cape Town,-33.92,18.42,Africa/Johannesburg,1690482600,2023-07-28 00:00,15.2,59.4,Overcast,10.3,16.6,157,SSE,1017.5,30.05,0.0,0.0,64,83,17.1,62.8,9.8,6.1,2.9,16.8,27.1,100.0,42.0,10.1,1.0,15.2,33.3,2,2,06:12 AM,07:45 PM,09:30 PM,08:15 AM,Waxing Gibbous,78
South Korea,Seoul,37.56,126.98,Asia/Seoul,1690482600,2023-07-28 00:00,24.1,75.4,Moderate rain,9.6,15.5,310,NW,1014.9,29.97,6.0,0.24,78,41,26.8,80.2,5.6,3.5,5.1,12.5,20.1,100.0,71.6,11.9,2.1,14.3,10.9,2,2,06:12 AM,07:45 PM,09:30 PM,08:15 AM,Waxing Gibbous,78
Thailand,Bangkok,13.75,100.5,Asia/Bangkok,1690482600,2023-07-28 00:00,30.3,86.5,Partly cloudy,2.8,4.5,116,ESE,1007.9,29.76,0.0,0.0,68,53,33.3,91.9,9.1,5.7,4.4,3.4,5.5,298.9,80.9,23.7,8.2,56.5,99.6,4,6,06:12 AM,07:45 PM,09:30 PM,08:15 AM,Waxing Gibbous,78
Kenya,Nairobi,-1.29,36.82,Africa/Nairobi,1690482600,2023-07-28 00:00,19.0,66.2,Partly cloudy,14.3,23.0,215,SW,1018.4,30.07,0.0,0.0,74,69,20.9,69.6,7.7,4.8,3.7,20.4,32.9,100.0,55.7,7.2,1.0,6.0,8.0,1,1,06:12 AM,07:45 PM,09:30 PM,08:15 AM,Waxing Gibbous,78
Sweden,Stockholm,59.33,18.06,Europe/Stockholm,1690482600,2023-07-28 00:00,19.0,66.2,Partly cloudy,2.1,3.3,6,N,1017.0,30.03,0.0,0.0,47,43,21.1,70.0,10.0,6.2,5.7,3.4,5.4,100.0,66.0,10.0,2.3,13.7,21.1,2,2,06:12 AM,07:45 PM,09:30 PM,08:15 AM,Waxing Gibbous,78
Argentina,Buenos Aires,-34.6,-58.38,America/Argentina/Buenos_Aires,1690482600,2023-07-28 00:00,18.9,66.0,Patchy rain possible,16.0,25.8,76,ENE,1012.4,29.9,0.6,0.02,79,71,20.8,69.4,8.5,5.3,4.0,19.9,32.1,100.0,56.9,2.0,2.8,4.0,8.0,1,1,06:12 AM,07:45 PM,09:30 PM,08:15 AM,Waxing Gibbous,78
United States,New York,40.71,-74.01,America/New_York,1690569000,2023-07-29 00:00,26.2,79.2,Partly cloudy,1.9,3.1,158,SSE,1025.8,30.29,0.0,0.0,52,45,28.6,83.5,8.9,5.5,5.2,3.2,5.2,100.0,72.7,10.7,1.2,10.9,24.1,1,2,06:12 AM,07:45 PM,09:30 PM,08:15 AM,Waxing Gibbous,78
United Kingdom,London,51.51,-0.13,Europe/London,1690569000,2023-07-29 00:00,19.9,67.8,Partly cloudy,10.1,16.2,295,WNW,1020.3,30.13,0.0,0.0,59,36,21.6,70.9,7.5,4.7,6.2,15.2,24.4,129.4,70.6,4.8,6.7,19.8,29.0,2,2,06:12 AM,07:45 PM,09:30 PM,08:15 AM,Waxing Gibbous,78
Japan,Tokyo,35.68,139.69,Asia/Tokyo,1690569000,2023-07-29 00:00,31.4,88.5,Sunny,5.1,8.2,341,NNW,1018.2,30.07,0.0,0.0,38,22,32.6,90.7,10.0,6.2,6.6,6.7,10.8,100.0,103.0,3.4,2.1,12.2,19.9,2,2,06:12 AM,07:45 PM,09:30 PM,08:15 AM,Waxing Gibbous,78
France,Paris,48.85,2.35,Europe/Paris,1690569000,2023-07-29 00:00,25.2,77.4,Sunny,8.3,13.3,233,SW,1015.4,29.98,0.0,0.0,42,12,26.2,79.2,10.0,6.2,7.0,14.2,22.9,100.0,76.8,2.3,3.2,10.4,24.7,1,2,06:12 AM,07:45 PM,09:30 PM,08:15 AM,Waxing Gibbous,78
India,New Delhi,28.61,77.21,Asia/Kolkata,1690569000,2023-07-29 00:00,33.8,92.8,Sunny,8.1,13.0,262,W,1009.8,29.82,0.0,0.0,59,27,35.7,96.3,8.6,5.3,6.6,11.4,18.3,263.7,97.9,19.5,5.2,47.3,91.0,3,5,06:12 AM,07:45 PM,09:30 PM,08:15 AM,Waxing Gibbous,78
Australia,Sydney,-33.87,151.21,Australia/Sydney,1690569000,2023-07-29 00:00,12.3,54.1,Overcast,4.5,7.2,184,S,1009.8,29.82,0.0,0.0,85,85,16.0,60.8,8.0,5.0,2.7,7.4,11.9,100.0,39.5,8.5,1.6,9.4,8.0,1,1,06:12 AM,07:45 PM,09:30 PM,08:15 AM,Waxing Gibbous,78
Egypt,Cairo,30.04,31.24,Africa/Cairo,1690569000,2023-07-29 00:00,36.8,98.2,Patchy rain possible,10.2,16.4,20,NNE,1009.8,29.82,0.1,0.0,82,68,39.6,103.3,7.7,4.8,4.2,14.2,22.9,314.1,102.0,29.0,8.6,59.3,95.9,4,6,06:12 AM,07:45 PM,09:30 PM,08:15 AM,Waxing Gibbous,78
Singapore,Singapore,1.35,103.82,Asia/Singapore,1690569000,2023-07-29 00:00,31.6,88.9,Partly cloudy,5.5,8.8,318,NW,1020.8,30.14,0.0,0.0,57,43,33.7,92.7,10.0,6.2,5.5,8.1,13.1,100.0,91.7,9.1,1.0,11.7,15.6,1,2,06:12 AM,07:45 PM,09:30 PM,08:15 AM,Waxing Gibbous,78
Brazil,Rio de Janeiro,-22.91,-43.17,America/Sao_Paulo,1690569000,2023-07-29 00:00,22.8,73.0,Overcast,18.3,29.5,176,S,1004.8,29.67,0.0,0.0,84,98,24.6,76.3,8.2,5.1,2.7,32.2,51.8,100.0,54.9,5.0,2.0,9.2,19.7,1,1,06:12 AM,07:45 PM,09:30 PM,08:15 AM,Waxing Gibbous,78
Canada,Toronto,43.65,-79.38,America/Toronto,1690569000,2023-07-29 00:00,21.0,69.8,Partly cloudy,12.4,19.9,121,ESE,1009.3,29.8,0.0,0.0,74,66,23.1,73.6,8.8,5.5,3.8,15.4,24.8,100.0,60.8,10.6,1.0,10.3,15.8,1,2,06:12 AM,07:45 PM,09:30 PM,08:15 AM,Waxing Gibbous,78
Germany,Berlin,52.52,13.4,Europe/Berlin,1690569000,2023-07-29 00:00,21.4,70.5,Partly cloudy,5.8,9.3,315,NW,1011.5,29.87,0.0,0.0,70,41,24.2,75.6,10.0,6.2,6.2,8.8,14.1,100.0,78.1,4.7,1.0,8.6,17.7,1,1,06:12 AM,07:45 PM,09:30 PM,08:15 AM,Waxing Gibbous,78
United Arab Emirates,Dubai,25.2,55.27,Asia/Dubai,1690569000,2023-07-29 00:00,36.8,98.2,Moderate rain,7.6,12.2,92,E,1014.7,29.96,5.3,0.21,76,79,39.6,103.3,6.5,4.0,3.2,10.7,17.3,100.0,93.6,2.0,1.0,6.9,13.7,1,1,06:12 AM,07:45 PM,09:30 PM,08:15 AM,Waxing Gibbous,78
India,Mumbai,19.07,72.88,Asia/Kolkata,1690569000,2023-07-29 00:00,32.8,91.0,Partly cloudy,6.6,10.6,166,SSE,1016.0,30.0,0.0,0.0,77,73,35.8,96.4,7.1,4.4,3.3,9.4,15.1,344.4,88.0,29.3,9.3,62.7,98.0,4,7,06:12 AM,07:45 PM,09:30 PM,08:15 AM,Waxing Gibbous,78
United States,San Francisco,37.77,-122.42,America/Los_Angeles,1690569000,2023-07-29 00:00,23.0,73.4,Sunny,7.8,12.6,191,S,1013.1,29.92,0.0,0.0,43,22,24.1,75.4,9.9,6.2,7.4,12.6,20.3,100.0,85.0,2.0,1.0,4.0,8.0,1,1,06:12 AM,07:45 PM,09:30 PM,08:15 AM,Waxing Gibbous,78
South Africa,Cape Town,-33.92,18.42,Africa/Johannesburg,1690569000,2023-07-29 00:00,14.7,58.5,Partly cloudy,4.4,7.1,127,SE,1019.3,30.1,0.0,0.0,72,73,17.7,63.9,9.9,6.2,3.9,7.5,12.1,100.0,53.3,2.1,1.6,8.4,30.1,1,1,06:12 AM,07:45 PM,09:30 PM,08:15 AM,Waxing Gibbous,78
South Korea,Seoul,37.56,126.98,Asia/Seoul,1690569000,2023-07-29 00:00,25.5,77.9,Partly cloudy,1.2,2.0,137,SE,1012.8,29.91,0.0,0.0,66,36,28.6,83.5,8.6,5.3,5.3,2.1,3.3,142.0,74.7,13.2,3.4,26.8,28.5,2,3,06:12 AM,07:45 PM,09:30 PM,08:15 AM,Waxing Gibbous,78
Thailand,Bangkok,13.75,100.5,Asia/Bangkok,1690569000,2023-07-29 00:00,29.4,84.9,Patchy rain possible,8.7,14.0,189,S,1014.6,29.96,2.3,0.09,65,37,31.5,88.7,8.8,5.5,5.6,11.8,19.0,309.2,88.7,26.2,8.9,51.6,63.4,3,6,06:12 AM,07:45 PM,09:30 PM,08:15 AM,Waxing Gibbous,78
Kenya,Nairobi,-1.29,36.82,Africa/Nairobi,1690569000,2023-07-29 00:00,19.3,66.7,Partly cloudy,15.2,24.4,269,W,1016.6,30.02,0.0,0.0,68,66,20.7,69.3,9.4,5.8,3.6,23.0,37.0,100.0,58.4,2.5,1.0,4.0,8.0,1,1,06:12 AM,07:45 PM,09:30 PM,08:15 AM,Waxing Gibbous,78
Sweden,Stockholm,59.33,18.06,Europe/Stockholm,1690569000,2023-07-29 00:00,15.9,60.6,Partly cloudy,2.9,4.7,9,N,1027.1,30.33,0.0,0.0,77,67,19.4,66.9,7.4,4.6,4.4,5.2,8.4,100.0,53.1,5.2,1.0,6.1,8.0,1,1,06:12 AM,07:45 PM,09:30 PM,08:15 AM,Waxing Gibbous,78
Argentina,Buenos Aires,-34.6,-58.38,America/Argentina/Buenos_Aires,1690569000,2023-07-29 00:00,15.0,59.0,Overcast,5.0,8.0,256,WSW,1011.4,29.87,0.0,0.0,83,91,18.5,65.3,7.2,4.5,1.4,8.3,13.4,190.4,44.9,13.2,4.9,35.5,45.0,3,4,06:12 AM,07:45 PM,09:30 PM,08:15 AM,Waxing Gibbous,78
United States,New York,40.71,-74.01,America/New_York,1690655400,2023-07-30 00:00,27.2,81.0,Partly cloudy,12.6,20.2,197,SSW,1002.9,29.62,0.0,0.0,60,62,28.6,83.5,9.9,6.2,4.9,18.5,29.7,100.0,81.3,5.9,1.0,5.7,8.0,1,1,06:12 AM,07:45 PM,09:30 PM,08:15 AM,Waxing Gibbous,78
United Kingdom,London,51.51,-0.13,Europe/London,1690655400,2023-07-30 00:00,22.2,72.0,Partly cloudy,2.2,3.5,275,W,1004.4,29.66,0.0,0.0,56,40,24.7,76.5,8.1,5.0,5.9,3.1,5.0,100.5,67.7,16.0,3.7,21.7,40.4,2,3,06:12 AM,07:45 PM,09:30 PM,08:15 AM,Waxing Gibbous,78
Japan,Tokyo,35.68,139.69,Asia/Tokyo,1690655400,2023-07-30 00:00,23.2,73.8,Overcast,7.3,11.7,165,SSE,1015.5,29.99,0.0,0.0,81,77,26.3,79.3,8.1,5.0,3.4,12.2,19.6,100.0,63.8,3.1,1.0,4.7,8.0,1,1,06:12 AM,07:45 PM,09:30 PM,08:15 AM,Waxing Gibbous,78
France,Paris,48.85,2.35,Europe/Paris,1690655400,2023-07-30 00:00,23.6,74.5,Partly cloudy,5.9,9.5,174,S,1013.5,29.93,0.0,0.0,49,69,25.3,77.5,8.3,5.2,3.3,10.4,16.8,100.0,56.8,10.1,1.0,21.0,14.7,2,3,06:12 AM,07:45 PM,09:30 PM,08:15 AM,Waxing Gibbous,78
India,New Delhi,28.61,77.21,Asia/Kolkata,1690655400,2023-07-30 00:00,35.6,96.1,Partly cloudy,1.9,3.1,196,SSW,1019.8,30.11,0.0,0.0,68,50,38.8,101.8,10.0,6.2,5.0,2.5,4.0,343.0,100.4,41.2,12.7,70.8,123.0,4,8,06:12 AM,07:45 PM,09:30 PM,08:15 AM,Waxing Gibbous,78
Australia,Sydney,-33.87,151.21,Australia/Sydney,1690655400,2023-07-30 00:00,18.7,65.7,Moderate rain,10.7,17.2,185,S,1015.6,29.99,5.1,0.2,82,80,21.4,70.5,7.4,4.6,3.1,13.7,22.0,100.0,52.9,2.9,2.7,17.6,48.3,2,2,06:12 AM,07:45 PM,09:30 PM,08:15 AM,Waxing Gibbous,78
Egypt,Cairo,30.04,31.24,Africa/Cairo,1690655400,2023-07-30 00:00,34.6,94.3,Patchy rain possible,9.0,14.5,181,S,1008.6,29.78,0.8,0.03,63,53,36.6,97.9,7.7,4.8,5.1,15.9,25.6,233.3,89.2,25.9,5.0,43.5,75.9,3,5,06:12 AM,07:45 PM,09:30 PM,08:15 AM,Waxing Gibbous,78
Singapore,Singapore,1.35,103.82,Asia/Singapore,1690655400,2023-07-30 00:00,29.7,85.5,Overcast,1.9,3.0,3,N,1015.9,30.0,0.0,0.0,62,82,32.6,90.7,9.9,6.2,2.9,2.7,4.4,107.0,70.6,11.8,5.0,24.0,40.7,2,3,06:12 AM,07:45 PM,09:30 PM,08:15 AM,Waxing Gibbous,78
Brazil,Rio de Janeiro,-22.91,-43.17,America/Sao_Paulo,1690655400,2023-07-30 00:00,23.9,75.0,Partly cloudy,3.9,6.3,0,N,1008.8,29.79,0.0,0.0,62,39,26.5,79.7,8.9,5.5,5.2,6.0,9.7,100.0,71.8,2.0,1.0,6.7,8.0,1,1,06:12 AM,07:45 PM,09:30 PM,08:15 AM,Waxing Gibbous,78
Canada,Toronto,43.65,-79.38,America/Toronto,1690655400,2023-07-30 00:00,25.0,77.0,Partly cloudy,10.3,16.6,319,NW,1006.7,29.73,0.0,0.0,58,53,26.6,79.9,8.6,5.3,5.2,13.5,21.7,100.0,72.0,10.2,1.9,10.0,8.0,1,2,06:12 AM,07:45 PM,09:30 PM,08:15 AM,Waxing Gibbous,78
Germany,Berlin,52.52,13.4,Europe/Berlin,1690655400,2023-07-30 00:00,23.5,74.3,Sunny,4.2,6.7,28,NNE,1009.2,29.8,0.0,0.0,42,7,25.1,77.2,8.9,5.5,7.3,5.8,9.4,108.2,86.1,11.0,4.2,16.9,18.8,2,2,06:12 AM,07:45 PM,09:30 PM,08:15 AM,Waxing Gibbous,78
United Arab Emirates,Dubai,25.2,55.27,Asia/Dubai,1690655400,2023-07-30 00:00,37.4,99.3,Partly cloudy,7.5,12.1,109,ESE,1017.2,30.04,0.0,0.0,55,42,39.2,102.6,9.6,6.0,5.0,10.1,16.2,100.0,102.8,4.2,1.4,14.6,26.0,2,2,06:12 AM,07:45 PM,09:30 PM,08:15 AM,Waxing Gibbous,78
India,Mumbai,19.07,72.88,Asia/Kolkata,1690655400,2023-07-30 00:00,28.1,82.6,Moderate rain,15.5,24.9,218,SW,998.2,29.48,6.3,0.25,67,70,29.5,85.1,6.3,3.9,3.6,24.7,39.8,187.4,79.5,20.0,5.5,35.5,46.5,3,4,06:12 AM,07:45 PM,09:30 PM,08:15 AM,Waxing Gibbous,78
United States,San Francisco,37.77,-122.42,America/Los_Angeles,1690655400,2023-07-30 00:00,17.4,63.3,Partly cloudy,7.8,12.5,202,SSW,1020.7,30.14,0.0,0.0,73,68,20.0,68.0,9.7,6.0,2.9,12.5,20.1,171.9,51.4,15.1,1.0,27.2,48.4,2,3,06:12 AM,07:45 PM,09:30 PM,08:15 AM,Waxing Gibbous,78
South Africa,Cape Town,-33.92,18.42,Africa/Johannesburg,1690655400,2023-07-30 00:00,11.6,52.9,Patchy rain possible,13.5,21.7,324,NW,1018.9,30.09,0.5,0.02,81,79,13.9,57.0,8.7,5.4,3.7,17.9,28.8,100.0,34.8,11.5,4.1,9.0,8.0,1,1,06:12 AM,07:45 PM,09:30 PM,08:15 AM,Waxing Gibbous,78
South Korea,Seoul,37.56,126.98,Asia/Seoul,1690655400,2023-07-30 00:00,28.1,82.6,Partly cloudy,13.9,22.3,284,WNW,1008.0,29.77,0.0,0.0,63,59,29.5,85.1,8.2,5.1,5.0,18.3,29.4,100.0,84.0,7.2,2.0,16.4,18.0,2,2,06:12 AM,07:45 PM,09:30 PM,08:15 AM,Waxing Gibbous,78
Thailand,Bangkok,13.75,100.5,Asia/Bangkok,1690655400,2023-07-30 00:00,34.9,94.8,Partly cloudy,6.7,10.8,117,ESE,1012.6,29.9,0.0,0.0,71,70,37.6,99.7,9.1,5.7,4.8,9.8,15.8,269.6,93.5,23.7,8.6,51.5,75.7,3,6,06:12 AM,07:45 PM,09:30 PM,08:15 AM,Waxing Gibbous,78
Kenya,Nairobi,-1.29,36.82,Africa/Nairobi,1690655400,2023-07-30 00:00,20.0,68.0,Partly cloudy,9.9,15.9,188,S,1003.6,29.64,0.0,0.0,70,32,22.2,72.0,9.1,5.7,4.7,12.7,20.5,100.0,64.0,4.3,1.0,4.1,8.2,1,1,06:12 AM,07:45 PM,09:30 PM,08:15 AM,Waxing Gibbous,78
Sweden,Stockholm,59.33,18.06,Europe/Stockholm,1690655400,2023-07-30 00:00,17.2,63.0,Partly cloudy,3.0,4.9,43,NE,1004.6,29.67,0.0,0.0,59,46,19.8,67.6,9.1,5.7,5.3,4.5,7.2,100.0,61.1,13.5,8.0,17.0,11.1,2,2,06:12 AM,07:45 PM,09:30 PM,08:15 AM,Waxing Gibbous,78
Argentina,Buenos Aires,-34.6,-58.38,America/Argentina/Buenos_Aires,1690655400,2023-07-30 00:00,12.7,54.9,Patchy rain possible,15.3,24.6,346,NNW,1000.9,29.56,1.9,0.07,91,97,15.3,59.5,8.6,5.3,2.4,26.9,43.3,144.2,38.1,7.6,3.2,22.8,29.9,2,3,06:12 AM,07:45 PM,09:30 PM,08:15 AM,Waxing Gibbous,78
United States,New York,40.71,-74.01,America/New_York,1690741800,2023-07-31 00:00,23.2,73.8,Partly cloudy,7.1,11.4,33,NNE,1017.2,30.04,0.0,0.0,69,75,25.7,78.3,7.9,4.9,3.6,10.6,17.0,110.9,66.1,19.9,2.2,25.5,28.0,2,3,06:12 AM,07:45 PM,09:30 PM,08:15 AM,Waxing Gibbous,78
United Kingdom,London,51.51,-0.13,Europe/London,1690741800,2023-07-31 00:00,19.4,66.9,Overcast,7.9,12.7,75,ENE,1014.5,29.96,0.0,0.0,78,98,22.3,72.1,7.7,4.8,1.3,13.1,21.1,112.1,35.3,9.3,3.7,19.3,26.0,2,2,06:12 AM,07:45 PM,09:30 PM,08:15 AM,Waxing Gibbous,78
Japan,Tokyo,35.68,139.69,Asia/Tokyo,1690741800,2023-07-31 00:00,32.4,90.3,Partly cloudy,15.8,25.4,46,NE,1020.4,30.13,0.0,0.0,63,35,33.5,92.3,9.3,5.8,6.6,24.0,38.6,100.0,100.0,10.9,1.0,8.8,26.5,1,1,06:12 AM,07:45 PM,09:30 PM,08:15 AM,Waxing Gibbous,78
France,Paris,48.85,2.35,Europe/Paris,1690741800,2023-07-31 00:00,21.3,70.3,Partly cloudy,8.1,13.1,227,SW,1011.7,29.88,0.0,0.0,57,34,23.1,73.6,8.3,5.2,5.0,10.4,16.7,111.7,79.5,9.3,2.5,16.9,21.0,2,2,06:12 AM,07:45 PM,09:30 PM,08:15 AM,Waxing Gibbous,78
India,New Delhi,28.61,77.21,Asia/Kolkata,1690741800,2023-07-31 00:00,33.0,91.4,Overcast,10.7,17.2,276,W,1008.4,29.78,0.0,0.0,71,84,35.2,95.4,9.2,5.7,2.5,18.7,30.1,237.1,78.4,20.8,7.1,46.6,81.4,3,5,06:12 AM,07:45 PM,09:30 PM,08:15 AM,Waxing Gibbous,78
Australia,Sydney,-33.87,151.21,Australia/Sydney,1690741800,2023-07-31 00:00,17.5,63.5,Partly cloudy,10.3,16.5,136,SE,1015.7,29.99,0.0,0.0,68,48,19.6,67.3,8.5,5.3,5.4,12.4,19.9,105.8,64.9,10.8,3.1,15.2,11.5,2,2,06:12 AM,07:45 PM,09:30 PM,08:15 AM,Waxing Gibbous,78
Egypt,Cairo,30.04,31.24,Africa/Cairo,1690741800,2023-07-31 00:00,31.3,88.3,Overcast,18.0,29.0,43,NE,1016.3,30.01,0.0,0.0,85,84,33.2,91.8,8.0,5.0,3.1,24.4,39.3,140.0,73.9,9.1,2.8,27.8,25.6,2,3,06:12 AM,07:45 PM,09:30 PM,08:15 AM,Waxing Gibbous,78
Singapore,Singapore,1.35,103.82,Asia/Singapore,1690741800,2023-07-31 00:00,32.9,91.2,Partly cloudy,6.4,10.3,75,ENE,1014.5,29.96,0.0,0.0,81,43,36.1,97.0,7.3,4.5,5.7,9.8,15.8,100.0,98.3,7.1,1.2,15.0,27.9,2,2,06:12 AM,07:45 PM,09:30 PM,08:15 AM,Waxing Gibbous,78
Brazil,Rio de Janeiro,-22.91,-43.17,America/Sao_Paulo,1690741800,2023-07-31 00:00,21.8,71.2,Patchy rain possible,12.5,20.1,334,NNW,1011.5,29.87,1.0,0.04,86,76,24.5,76.1,7.2,4.5,2.6,19.0,30.5,100.0,52.1,9.0,1.0,12.4,17.0,2,2,06:12 AM,07:45 PM,09:30 PM,08:15 AM,Waxing Gibbous,78
Canada,Toronto,43.65,-79.38,America/Toronto,1690741800,2023-07-31 00:00,22.3,72.1,Partly cloudy,4.0,6.4,219,SW,1011.6,29.87,0.0,0.0,58,62,24.7,76.5,9.1,5.7,4.4,5.1,8.2,100.0,57.1,6.6,2.8,9.9,22.7,1,1,06:12 AM,07:45 PM,09:30 PM,08:15 AM,Waxing Gibbous,78
Germany,Berlin,52.52,13.4,Europe/Berlin,1690741800,2023-07-31 00:00,24.5,76.1,Sunny,5.7,9.1,137,SE,1000.9,29.56,0.0,0.0,35,21,25.5,77.9,9.6,6.0,7.0,7.5,12.0,100.0,83.4,4.1,2.8,15.7,21.5,2,2,06:12 AM,07:45 PM,09:30 PM,08:15 AM,Waxing Gibbous,78
United Arab Emirates,Dubai,25.2,55.27,Asia/Dubai,1690741800,2023-07-31 00:00,36.7,98.1,Moderate rain,8.3,13.3,106,ESE,1006.3,29.72,4.3,0.17,76,52,39.4,102.9,5.7,3.5,4.9,12.9,20.8,100.0,98.3,5.9,6.9,14.4,32.6,2,2,06:12 AM,07:45 PM,09:30 PM,08:15 AM,Waxing Gibbous,78
India,Mumbai,19.07,72.88,Asia/Kolkata,1690741800,2023-07-31 00:00,33.6,92.5,Partly cloudy,2.8,4.5,12,NNE,1010.8,29.85,0.0,0.0,58,42,36.1,97.0,10.0,6.2,5.9,4.8,7.7,332.8,89.5,33.7,14.3,67.1,114.2,4,7,06:12 AM,07:45 PM,09:30 PM,08:15 AM,Waxing Gibbous,78
United States,San Francisco,37.77,-122.42,America/Los_Angeles,1690741800,2023-07-31 00:00,21.0,69.8,Sunny,5.8,9.4,219,SW,1010.7,29.85,0.0,0.0,41,29,22.3,72.1,10.0,6.2,6.3,8.9,14.4,100.0,87.0,6.1,1.4,9.2,8.0,1,1,06:12 AM,07:45 PM,09:30 PM,08:15 AM,Waxing Gibbous,78
South Africa,Cape Town,-33.92,18.42,Africa/Johannesburg,1690741800,2023-07-31 00:00,16.4,61.5,Moderate rain,8.5,13.6,267,W,1011.9,29.88,8.7,0.34,79,77,19.3,66.7,5.8,3.6,3.0,11.2,18.0,100.0,46.4,3.1,1.5,20.2,42.7,2,3,06:12 AM,07:45 PM,09:30 PM,08:15 AM,Waxing Gibbous,78
South Korea,Seoul,37.56,126.98,Asia/Seoul,1690741800,2023-07-31 00:00,23.5,74.3,Partly cloudy,8.0,12.8,169,S,1024.9,30.27,0.0,0.0,73,49,26.1,79.0,7.7,4.8,4.7,13.0,21.0,100.0,62.2,2.0,4.6,4.0,8.0,1,1,06:12 AM,07:45 PM,09:30 PM,08:15 AM,Waxing Gibbous,78
Thailand,Bangkok,13.75,100.5,Asia/Bangkok,1690741800,2023-07-31 00:00,30.4,86.7,Partly cloudy,6.5,10.5,309,NW,1014.3,29.95,0.0,0.0,72,38,33.2,91.8,8.1,5.0,5.6,9.2,14.8,269.4,93.8,23.3,7.3,47.1,86.9,3,5,06:12 AM,07:45 PM,09:30 PM,08:15 AM,Waxing Gibbous,78
Kenya,Nairobi,-1.29,36.82,Africa/Nairobi,1690741800,2023-07-31 00:00,17.9,64.2,Partly cloudy,12.5,20.1,123,ESE,1019.9,30.12,0.0,0.0,68,46,19.7,67.5,8.4,5.2,4.6,19.1,30.8,100.0,59.3,2.0,2.8,16.9,11.0,2,2,06:12 AM,07:45 PM,09:30 PM,08:15 AM,Waxing Gibbous,78
Sweden,Stockholm,59.33,18.06,Europe/Stockholm,1690741800,2023-07-31 00:00,8.3,46.9,Moderate rain,14.7,23.7,293,WNW,998.4,29.48,8.2,0.32,91,85,11.0,51.8,7.0,4.3,3.0,23.1,37.2,100.0,31.6,2.0,2.1,16.2,47.5,2,2,06:12 AM,07:45 PM,09:30 PM,08:15 AM,Waxing Gibbous,78
Argentina,Buenos Aires,-34.6,-58.38,America/Argentina/Buenos_Aires,1690741800,2023-07-31 00:00,16.0,60.8,Patchy rain possible,16.3,26.3,296,WNW,1014.9,29.97,2.9,0.11,98,90,18.8,65.8,7.4,4.6,1.9,25.2,40.6,100.0,41.4,6.8,2.8,4.0,13.8,1,1,06:12 AM,07:45 PM,09:30 PM,08:15 AM,Waxing Gibbous,78
United States,New York,40.71,-74.01,America/New_York,1690828200,2023-08-01 00:00,29.0,84.2,Partly cloudy,4.6,7.4,171,S,1012.4,29.9,0.0,0.0,50,52,30.9,87.6,7.2,4.5,5.8,7.0,11.3,100.0,87.0,8.4,1.2,13.3,8.0,2,2,06:12 AM,07:45 PM,09:30 PM,08:15 AM,Waxing Gibbous,78
United Kingdom,London,51.51,-0.13,Europe/London,1690828200,2023-08-01 00:00,17.8,64.0,Sunny,3.2,5.2,252,WSW,1020.6,30.14,0.0,0.0,59,30,20.3,68.5,10.0,6.2,6.9,5.0,8.0,104.4,65.9,10.0,3.4,18.0,24.8,2,2,06:12 AM,07:45 PM,09:30 PM,08:15 AM,Waxing Gibbous,78
Japan,Tokyo,35.68,139.69,Asia/Tokyo,1690828200,2023-08-01 00:00,25.0,77.0,Partly cloudy,11.6,18.7,350,N,1021.1,30.15,0.0,0.0,72,52,27.1,80.8,7.4,4.6,4.5,20.1,32.4,100.0,61.7,2.0,1.0,4.0,34.4,1,1,06:12 AM,07:45 PM,09:30 PM,08:15 AM,Waxing Gibbous,78
France,Paris,48.85,2.35,Europe/Paris,1690828200,2023-08-01 00:00,25.4,77.7,Partly cloudy,5.2,8.4,256,WSW,1013.8,29.94,0.0,0.0,59,48,27.7,81.9,10.0,6.2,5.0,7.3,11.7,140.6,80.6,9.8,7.3,30.6,58.9,2,4,06:12 AM,07:45 PM,09:30 PM,08:15 AM,Waxing Gibbous,78
India,New Delhi,28.61,77.21,Asia/Kolkata,1690828200,2023-08-01 00:00,33.8,92.8,Partly cloudy,6.7,10.8,109,ESE,1013.2,29.92,0.0,0.0,71,48,36.5,97.7,8.5,5.3,5.3,11.2,18.0,296.5,91.4,24.0,8.3,51.7,93.9,3,6,06:12 AM,07:45 PM,09:30 PM,08:15 AM,Waxing Gibbous,78
Australia,Sydney,-33.87,151.21,Australia/Sydney,1690828200,2023-08-01 00:00,16.3,61.3,Partly cloudy,8.6,13.9,27,NNE,1013.0,29.91,0.0,0.0,71,57,18.7,65.7,6.9,4.3,4.3,14.0,22.6,131.1,57.3,2.0,1.0,15.2,39.7,2,2,06:12 AM,07:45 PM,09:30 PM,08:15 AM,Waxing Gibbous,78
Egypt,Cairo,30.04,31.24,Africa/Cairo,1690828200,2023-08-01 00:00,39.1,102.4,Sunny,7.7,12.4,152,SSE,1001.9,29.59,0.0,0.0,52,25,40.7,105.3,8.6,5.3,5.5,9.4,15.1,301.1,105.8,21.1,8.5,53.8,80.1,3,6,06:12 AM,07:45 PM,09:30 PM,08:15 AM,Waxing Gibbous,78
Singapore,Singapore,1.35,103.82,Asia/Singapore,1690828200,2023-08-01 00:00,34.3,93.7,Partly cloudy,7.6,12.3,244,WSW,1021.4,30.16,0.0,0.0,60,50,36.3,97.3,8.3,5.2,4.5,11.5,18.5,102.8,102.0,11.9,3.5,20.8,34.1,2,3,06:12 AM,07:45 PM,09:30 PM,08:15 AM,Waxing Gibbous,78
Brazil,Rio de Janeiro,-22.91,-43.17,America/Sao_Paulo,1690828200,2023-08-01 00:00,24.0,75.2,Patchy rain possible,11.8,19.0,18,NNE,1004.1,29.65,0.8,0.03,76,63,26.3,79.3,9.5,5.9,4.7,15.0,24.2,100.0,70.3,2.0,1.0,4.0,8.0,1,1,06:12 AM,07:45 PM,09:30 PM,08:15 AM,Waxing Gibbous,78
Canada,Toronto,43.65,-79.38,America/Toronto,1690828200,2023-08-01 00:00,24.1,75.4,Partly cloudy,10.1,16.3,91,E,1009.9,29.82,0.0,0.0,63,52,25.9,78.6,9.4,5.8,4.7,13.3,21.4,125.0,68.1,10.6,5.9,23.3,34.3,2,3,06:12 AM,07:45 PM,09:30 PM,08:15 AM,Waxing Gibbous,78
Germany,Berlin,52.52,13.4,Europe/Berlin,1690828200,2023-08-01 00:00,18.6,65.5,Sunny,9.4,15.2,313,NW,1012.9,29.91,0.0,0.0,55,20,20.1,68.2,9.7,6.0,7.6,12.9,20.8,106.5,74.3,14.1,4.2,23.8,50.9,2,3,06:12 AM,07:45 PM,09:30 PM,08:15 AM,Waxing Gibbous,78
United Arab Emirates,Dubai,25.2,55.27,Asia/Dubai,1690828200,2023-08-01 00:00,42.7,108.9,Partly cloudy,5.8,9.4,22,NNE,1018.8,30.09,0.0,0.0,51,58,44.5,112.1,10.0,6.2,4.3,9.3,14.9,100.0,111.6,7.6,1.0,13.9,12.6,2,2,06:12 AM,07:45 PM,09:30 PM,08:15 AM,Waxing Gibbous,78
India,Mumbai,19.07,72.88,Asia/Kolkata,1690828200,2023-08-01 00:00,32.6,90.7,Partly cloudy,13.4,21.5,20,NNE,1014.0,29.94,0.0,0.0,60,63,33.9,93.0,6.9,4.3,4.1,22.8,36.7,173.7,73.9,20.2,7.6,33.7,76.2,2,4,06:12 AM,07:45 PM,09:30 PM,08:15 AM,Waxing Gibbous,78
United States,San Francisco,37.77,-122.42,America/Los_Angeles,1690828200,2023-08-01 00:00,20.0,68.0,Partly cloudy,18.3,29.4,303,WNW,998.9,29.5,0.0,0.0,68,63,21.0,69.8,8.5,5.3,4.0,25.6,41.2,100.0,58.1,4.5,2.9,4.0,26.9,1,1,06:12 AM,07:45 PM,09:30 PM,08:15 AM,Waxing Gibbous,78
South Africa,Cape Town,-33.92,18.42,Africa/Johannesburg,1690828200,2023-08-01 00:00,18.4,65.1,Partly cloudy,5.2,8.3,323,NW,1016.3,30.01,0.0,0.0,56,72,20.5,68.9,8.6,5.3,4.7,8.9,14.3,100.0,57.3,2.0,1.5,4.0,8.0,1,1,06:12 AM,07:45 PM,09:30 PM,08:15 AM,Waxing Gibbous,78
South Korea,Seoul,37.56,126.98,Asia/Seoul,1690828200,2023-08-01 00:00,28.9,84.0,Partly cloudy,12.9,20.8,22,NNE,1006.0,29.71,0.0,0.0,52,47,29.8,85.6,6.0,3.7,5.1,18.3,29.5,107.8,81.1,2.0,2.0,20.6,33.0,2,3,06:12 AM,07:45 PM,09:30 PM,08:15 AM,Waxing Gibbous,78
Thailand,Bangkok,13.75,100.5,Asia/Bangkok,1690828200,2023-08-01 00:00,34.9,94.8,Partly cloudy,17.6,28.3,129,SE,1003.5,29.63,0.0,0.0,59,54,35.6,96.1,7.2,4.5,4.9,31.4,50.6,170.4,92.8,13.3,4.2,31.2,63.2,2,4,06:12 AM,07:45 PM,09:30 PM,08:15 AM,Waxing Gibbous,78
Kenya,Nairobi,-1.29,36.82,Africa/Nairobi,1690828200,2023-08-01 00:00,19.6,67.3,Partly cloudy,3.7,6.0,47,NE,1006.3,29.72,0.0,0.0,59,52,22.1,71.8,8.5,5.3,3.6,5.0,8.0,126.3,49.4,10.0,2.0,18.9,38.6,2,2,06:12 AM,07:45 PM,09:30 PM,08:15 AM,Waxing Gibbous,78
Sweden,Stockholm,59.33,18.06,Europe/Stockholm,1690828200,2023-08-01 00:00,16.8,62.2,Partly cloudy,12.5,20.1,268,W,1017.0,30.03,0.0,0.0,60,38,18.2,64.8,8.1,5.0,5.9,17.4,28.0,100.0,59.9,2.0,1.0,5.1,15.1,1,1,06:12 AM,07:45 PM,09:30 PM,08:15 AM,Waxing Gibbous,78
Argentina,Buenos Aires,-34.6,-58.38,America/Argentina/Buenos_Aires,1690828200,2023-08-01 00:00,16.7,62.1,Partly cloudy,2.5,4.1,86,E,1004.6,29.67,0.0,0.0,62,53,19.5,67.1,7.9,4.9,4.8,3.1,5.0,165.2,61.5,12.0,2.2,25.9,33.3,2,3,06:12 AM,07:45 PM,09:30 PM,08:15 AM,Waxing Gibbous,78
United States,New York,40.71,-74.01,America/New_York,1690914600,2023-08-02 00:00,24.4,75.9,Partly cloudy,4.2,6.7,102,ESE,1008.4,29.78,0.0,0.0,56,45,26.7,80.1,9.6,6.0,4.8,5.2,8.4,102.3,68.6,15.6,4.7,22.9,47.5,2,3,06:12 AM,07:45 PM,09:30 PM,08:15 AM,Waxing Gibbous,78
United Kingdom,London,51.51,-0.13,Europe/London,1690914600,2023-08-02 00:00,20.3,68.5,Partly cloudy,9.0,14.5,249,WSW,1011.3,29.86,0.0,0.0,66,58,22.4,72.3,9.3,5.8,5.0,12.3,19.8,100.0,70.8,2.0,2.5,4.0,8.0,1,1,06:12 AM,07:45 PM,09:30 PM,08:15 AM,Waxing Gibbous,78
Japan,Tokyo,35.68,139.69,Asia/Tokyo,1690914600,2023-08-02 00:00,28.4,83.1,Partly cloudy,6.9,11.1,226,SW,1009.1,29.8,0.0,0.0,60,70,30.5,86.9,8.8,5.5,3.5,9.9,16.0,101.5,75.9,7.5,5.2,18.0,20.8,2,2,06:12 AM,07:45 PM,09:30 PM,08:15 AM,Waxing Gibbous,78
France,Paris,48.85,2.35,Europe/Paris,1690914600,2023-08-02 00:00,22.4,72.3,Partly cloudy,2.9,4.7,57,ENE,1009.6,29.81,0.0,0.0,67,56,25.4,77.7,9.3,5.8,5.5,3.8,6.1,100.0,85.9,12.0,1.8,4.5,8.0,1,1,06:12 AM,07:45 PM,09:30 PM,08:15 AM,Waxing Gibbous,78
India,New Delhi,28.61,77.21,Asia/Kolkata,1690914600,2023-08-02 00:00,36.7,98.1,Partly cloudy,5.3,8.6,127,SE,1013.3,29.92,0.0,0.0,53,58,38.7,101.7,10.0,6.2,4.4,7.4,11.9,311.1,96.1,19.5,9.8,62.4,103.0,4,7,06:12 AM,07:45 PM,09:30 PM,08:15 AM,Waxing Gibbous,78
Australia,Sydney,-33.87,151.21,Australia/Sydney,1690914600,2023-08-02 00:00,16.2,61.2,Partly cloudy,7.9,12.7,181,S,1012.4,29.9,0.0,0.0,75,56,18.9,66.0,7.3,4.5,3.8,12.7,20.4,100.0,44.1,2.0,1.0,11.1,23.1,1,2,06:12 AM,07:45 PM,09:30 PM,08:15 AM,Waxing Gibbous,78
Egypt,Cairo,30.04,31.24,Africa/Cairo,1690914600,2023-08-02 00:00,35.9,96.6,Partly cloudy,13.0,20.9,257,WSW,996.9,29.44,0.0,0.0,80,74,38.2,100.8,9.0,5.6,3.3,16.7,26.8,292.8,89.3,25.0,9.1,49.9,81.8,3,5,06:12 AM,07:45 PM,09:30 PM,08:15 AM,Waxing Gibbous,78
Singapore,Singapore,1.35,103.82,Asia/Singapore,1690914600,2023-08-02 00:00,29.8,85.6,Patchy rain possible,8.0,12.9,303,WNW,1011.8,29.88,1.3,0.05,75,70,32.5,90.5,8.2,5.1,3.2,13.0,20.9,100.0,82.6,2.4,3.7,18.9,37.7,2,2,06:12 AM,07:45 PM,09:30 PM,08:15 AM,Waxing Gibbous,78
Brazil,Rio de Janeiro,-22.91,-43.17,America/Sao_Paulo,1690914600,2023-08-02 00:00,22.4,72.3,Partly cloudy,3.2,5.1,286,WNW,1010.0,29.83,0.0,0.0,90,61,26.5,79.7,7.7,4.8,4.5,4.5,7.3,100.0,59.2,5.7,2.7,5.8,22.4,1,1,06:12 AM,07:45 PM,09:30 PM,08:15 AM,Waxing Gibbous,78
Canada,Toronto,43.65,-79.38,America/Toronto,1690914600,2023-08-02 00:00,24.0,75.2,Partly cloudy,7.6,12.3,233,SW,1003.2,29.62,0.0,0.0,73,71,26.7,80.1,9.5,5.9,3.3,13.5,21.8,100.0,58.9,4.4,2.8,6.4,8.0,1,1,06:12 AM,07:45 PM,09:30 PM,08:15 AM,Waxing Gibbous,78
Germany,Berlin,52.52,13.4,Europe/Berlin,1690914600,2023-08-02 00:00,21.6,70.9,Partly cloudy,6.0,9.6,49,NE,1013.9,29.94,0.0,0.0,62,68,23.9,75.0,10.0,6.2,3.9,10.4,16.8,146.6,62.9,15.3,2.5,26.7,26.0,2,3,06:12 AM,07:45 PM,09:30 PM,08:15 AM,Waxing Gibbous,78
United Arab Emirates,Dubai,25.2,55.27,Asia/Dubai,1690914600,2023-08-02 00:00,37.8,100.0,Heavy rain,10.3,16.6,188,S,1011.8,29.88,15.1,0.59,61,59,39.5,103.1,6.6,4.1,6.2,13.4,21.6,100.0,93.6,2.0,1.0,4.0,29.5,1,1,06:12 AM,07:45 PM,09:30 PM,08:15 AM,Waxing Gibbous,78
India,Mumbai,19.07,72.88,Asia/Kolkata,1690914600,2023-08-02 00:00,27.7,81.9,Patchy rain possible,20.6,33.1,72,ENE,999.2,29.51,2.7,0.11,74,67,28.8,83.8,7.2,4.5,3.5,25.7,41.3,188.2,76.2,18.6,8.7,41.6,56.1,3,5,06:12 AM,07:45 PM,09:30 PM,08:15 AM,Waxing Gibbous,78
United States,San Francisco,37.77,-122.42,America/Los_Angeles,1690914600,2023-08-02 00:00,18.3,64.9,Partly cloudy,9.0,14.5,172,S,1019.5,30.11,0.0,0.0,78,70,21.0,69.8,7.8,4.8,3.9,11.8,19.0,100.0,57.8,2.0,1.0,4.0,12.0,1,1,06:12 AM,07:45 PM,09:30 PM,08:15 AM,Waxing Gibbous,78
South Africa,Cape Town,-33.92,18.42,Africa/Johannesburg,1690914600,2023-08-02 00:00,13.9,57.0,Partly cloudy,5.9,9.5,67,ENE,1005.2,29.68,0.0,0.0,62,59,16.2,61.2,6.9,4.3,4.7,7.5,12.1,157.1,43.4,21.5,4.8,37.9,42.7,3,4,06:12 AM,07:45 PM,09:30 PM,08:15 AM,Waxing Gibbous,78
South Korea,Seoul,37.56,126.98,Asia/Seoul,1690914600,2023-08-02 00:00,26.2,79.2,Partly cloudy,2.5,4.0,148,SSE,1015.4,29.98,0.0,0.0,52,60,28.5,83.3,10.0,6.2,4.5,3.4,5.5,100.0,75.6,2.1,3.8,6.1,8.0,1,1,06:12 AM,07:45 PM,09:30 PM,08:15 AM,Waxing Gibbous,78
Thailand,Bangkok,13.75,100.5,Asia/Bangkok,1690914600,2023-08-02 00:00,29.7,85.5,Overcast,8.0,12.9,208,SSW,1008.5,29.78,0.0,0.0,85,89,32.9,91.2,6.5,4.0,2.7,10.8,17.4,225.6,72.6,18.6,6.2,47.3,78.9,3,5,06:12 AM,07:45 PM,09:30 PM,08:15 AM,Waxing Gibbous,78
Kenya,Nairobi,-1.29,36.82,Africa/Nairobi,1690914600,2023-08-02 00:00,19.6,67.3,Patchy rain possible,14.2,22.9,142,SE,1011.0,29.85,3.2,0.13,79,100,21.7,71.1,7.3,4.5,2.4,20.6,33.1,100.0,57.1,7.4,2.6,13.8,27.3,2,2,06:12 AM,07:45 PM,09:30 PM,08:15 AM,Waxing Gibbous,78
Sweden,Stockholm,59.33,18.06,Europe/Stockholm,1690914600,2023-08-02 00:00,16.5,61.7,Sunny,6.2,9.9,118,ESE,1014.1,29.95,0.0,0.0,29,19,17.2,63.0,9.0,5.6,6.7,9.3,15.0,108.7,63.5,4.0,3.6,14.7,24.9,2,2,06:12 AM,07:45 PM,09:30 PM,08:15 AM,Waxing Gibbous,78
Argentina,Buenos Aires,-34.6,-58.38,America/Argentina/Buenos_Aires,1690914600,2023-08-02 00:00,8.9,48.0,Moderate rain,14.3,23.0,87,E,1016.9,30.03,4.7,0.19,92,62,11.7,53.1,6.7,4.2,4.6,24.1,38.8,123.9,38.0,10.9,1.4,15.7,18.9,2,2,06:12 AM,07:45 PM,09:30 PM,08:15 AM,Waxing Gibbous,78
United States,New York,40.71,-74.01,America/New_York,1691001000,2023-08-03 00:00,24.9,76.8,Sunny,13.3,21.4,229,SW,1030.4,30.43,0.0,0.0,71,22,26.7,80.1,9.3,5.8,5.8,20.7,33.3,100.0,85.8,2.7,1.0,4.0,8.0,1,1,06:12 AM,07:45 PM,09:30 PM,08:15 AM,Waxing Gibbous,78
United Kingdom,London,51.51,-0.13,Europe/London,1691001000,2023-08-03 00:00,20.0,68.0,Partly cloudy,8.8,14.1,195,SSW,1021.0,30.15,0.0,0.0,72,59,22.5,72.5,8.5,5.3,4.6,11.3,18.2,100.0,62.2,11.0,3.0,13.0,19.5,2,2,06:12 AM,07:45 PM,09:30 PM,08:15 AM,Waxing Gibbous,78
Japan,Tokyo,35.68,139.69,Asia/Tokyo,1691001000,2023-08-03 00:00,31.5,88.7,Partly cloudy,2.8,4.5,160,SSE,1011.5,29.87,0.0,0.0,53,57,33.8,92.8,9.0,5.6,5.6,4.3,6.9,100.0,93.7,2.0,2.6,9.8,23.9,1,1,06:12 AM,07:45 PM,09:30 PM,08:15 AM,Waxing Gibbous,78
France,Paris,48.85,2.35,Europe/Paris,1691001000,2023-08-03 00:00,22.4,72.3,Partly cloudy,2.2,3.5,49,NE,1008.4,29.78,0.0,0.0,50,47,24.6,76.3,9.5,5.9,4.8,2.9,4.6,100.0,67.1,7.1,1.5,18.9,51.6,2,2,06:12 AM,07:45 PM,09:30 PM,08:15 AM,Waxing Gibbous,78
India,New Delhi,28.61,77.21,Asia/Kolkata,1691001000,2023-08-03 00:00,33.6,92.5,Partly cloudy,10.1,16.2,99,E,1018.8,30.09,0.0,0.0,82,57,36.4,97.5,9.5,5.9,4.3,17.9,28.8,281.0,94.4,29.0,13.0,55.8,85.3,4,6,06:12 AM,07:45 PM,09:30 PM,08:15 AM,Waxing Gibbous,78
Australia,Sydney,-33.87,151.21,Australia/Sydney,1691001000,2023-08-03 00:00,18.0,64.4,Overcast,9.4,15.2,115,ESE,1008.9,29.79,0.0,0.0,78,78,20.7,69.3,6.3,3.9,2.8,12.1,19.5,100.0,45.8,2.7,1.0,9.0,8.0,1,1,06:12 AM,07:45 PM,09:30 PM,08:15 AM,Waxing Gibbous,78
Egypt,Cairo,30.04,31.24,Africa/Cairo,1691001000,2023-08-03 00:00,36.0,96.8,Partly cloudy,10.4,16.7,200,SSW,1011.1,29.86,0.0,0.0,60,41,37.7,99.9,9.4,5.8,6.1,17.8,28.6,248.4,106.5,21.4,10.2,46.3,66.1,3,5,06:12 AM,07:45 PM,09:30 PM,08:15 AM,Waxing Gibbous,78
Singapore,Singapore,1.35,103.82,Asia/Singapore,1691001000,2023-08-03 00:00,31.1,88.0,Moderate rain,14.9,24.0,343,NNW,1011.4,29.87,12.3,0.48,73,40,32.8,91.0,5.0,3.1,5.5,24.5,39.4,100.0,89.0,6.6,1.4,14.3,29.4,2,2,06:12 AM,07:45 PM,09:30 PM,08:15 AM,Waxing Gibbous,78
Brazil,Rio de Janeiro,-22.91,-43.17,America/Sao_Paulo,1691001000,2023-08-03 00:00,23.4,74.1,Moderate rain,14.4,23.2,121,ESE,1009.1,29.8,4.7,0.19,75,68,25.3,77.5,6.6,4.1,3.1,18.3,29.5,100.0,59.9,6.8,1.0,12.9,15.2,2,2,06:12 AM,07:45 PM,09:30 PM,08:15 AM,Waxing Gibbous,78
Canada,Toronto,43.65,-79.38,America/Toronto,1691001000,2023-08-03 00:00,22.4,72.3,Partly cloudy,12.1,19.5,88,E,1025.2,30.27,0.0,0.0,60,60,23.8,74.8,9.2,5.7,4.3,20.1,32.4,100.0,65.3,5.2,1.0,5.7,8.0,1,1,06:12 AM,07:45 PM,09:30 PM,08:15 AM,Waxing Gibbous,78
Germany,Berlin,52.52,13.4,Europe/Berlin,1691001000,2023-08-03 00:00,26.3,79.3,Sunny,7.6,12.3,356,N,1011.7,29.88,0.0,0.0,37,16,27.2,81.0,9.3,5.8,6.5,12.1,19.5,100.0,88.8,13.9,4.9,16.2,23.8,2,2,06:12 AM,07:45 PM,09:30 PM,08:15 AM,Waxing Gibbous,78
United Arab Emirates,Dubai,25.2,55.27,Asia/Dubai,1691001000,2023-08-03 00:00,38.5,101.3,Partly cloudy,8.0,12.9,356,N,1005.0,29.68,0.0,0.0,64,62,40.7,105.3,9.1,5.7,4.5,14.0,22.6,100.0,97.5,2.0,1.0,4.0,8.0,1,1,06:12 AM,07:45 PM,09:30 PM,08:15 AM,Waxing Gibbous,78
India,Mumbai,19.07,72.88,Asia/Kolkata,1691001000,2023-08-03 00:00,31.4,88.5,Partly cloudy,3.9,6.2,324,NW,1017.5,30.05,0.0,0.0,60,37,33.9,93.0,10.0,6.2,5.5,5.7,9.1,284.2,91.9,24.0,6.7,53.1,64.7,3,6,06:12 AM,07:45 PM,09:30 PM,08:15 AM,Waxing Gibbous,78
United States,San Francisco,37.77,-122.42,America/Los_Angeles,1691001000,2023-08-03 00:00,19.1,66.4,Partly cloudy,9.4,15.2,10,N,1019.2,30.1,0.0,0.0,59,55,20.8,69.4,8.5,5.3,4.4,16.5,26.5,100.0,57.1,2.0,2.6,10.0,8.0,1,2,06:12 AM,07:45 PM,09:30 PM,08:15 AM,Waxing Gibbous,78
South Africa,Cape Town,-33.92,18.42,Africa/Johannesburg,1691001000,2023-08-03 00:00,7.4,45.3,Overcast,3.0,4.9,96,E,1012.1,29.89,0.0,0.0,98,83,11.9,53.4,9.2,5.7,3.9,4.1,6.6,100.0,36.2,2.0,1.0,5.6,20.9,1,1,06:12 AM,07:45 PM,09:30 PM,08:15 AM,Waxing Gibbous,78
South Korea,Seoul,37.56,126.98,Asia/Seoul,1691001000,2023-08-03 00:00,26.3,79.3,Partly cloudy,9.1,14.6,223,SW,1015.3,29.98,0.0,0.0,71,53,28.7,83.7,8.1,5.0,4.6,13.1,21.1,100.0,74.3,9.0,2.3,18.9,63.1,2,2,06:12 AM,07:45 PM,09:30 PM,08:15 AM,Waxing Gibbous,78
Thailand,Bangkok,13.75,100.5,Asia/Bangkok,1691001000,2023-08-03 00:00,32.9,91.2,Partly cloudy,4.9,7.9,187,S,1021.8,30.17,0.0,0.0,63,75,35.4,95.7,9.1,5.7,3.8,6.9,11.1,240.2,84.5,20.6,6.7,47.5,73.9,3,5,06:12 AM,07:45 PM,09:30 PM,08:15 AM,Waxing Gibbous,78
Kenya,Nairobi,-1.29,36.82,Africa/Nairobi,1691001000,2023-08-03 00:00,18.3,64.9,Overcast,5.7,9.2,131,SE,1017.4,30.04,0.0,0.0,74,82,21.3,70.3,8.7,5.4,3.3,9.1,14.7,106.8,46.9,8.3,2.6,21.5,31.1,2,3,06:12 AM,07:45 PM,09:30 PM,08:15 AM,Waxing Gibbous,78
Sweden,Stockholm,59.33,18.06,Europe/Stockholm,1691001000,2023-08-03 00:00,16.4,61.5,Moderate rain,15.0,24.1,97,E,1021.3,30.16,15.0,0.59,67,19,17.8,64.0,3.7,2.3,7.1,21.1,34.0,100.0,68.5,2.0,1.3,17.1,10.3,2,2,06:12 AM,07:45 PM,09:30 PM,08:15 AM,Waxing Gibbous,78
Argentina,Buenos Aires,-34.6,-58.38,America/Argentina/Buenos_Aires,1691001000,2023-08-03 00:00,16.1,61.0,Moderate rain,15.0,24.1,268,W,1007.0,29.74,4.9,0.19,73,39,17.8,64.0,5.5,3.4,6.1,22.7,36.6,129.5,67.7,12.0,4.9,21.9,42.6,2,3,06:12 AM,07:45 PM,09:30 PM,08:15 AM,Waxing Gibbous,78
United States,New York,40.71,-74.01,America/New_York,1691087400,2023-08-04 00:00,25.7,78.3,Partly cloudy,1.2,2.0,295,WNW,1017.5,30.05,0.0,0.0,62,75,28.6,83.5,8.8,5.5,3.3,1.9,3.0,100.0,67.5,2.0,1.0,4.0,8.0,1,1,06:12 AM,07:45 PM,09:30 PM,08:15 AM,Waxing Gibbous,78
United Kingdom,London,51.51,-0.13,Europe/London,1691087400,2023-08-04 00:00,21.0,69.8,Partly cloudy,4.3,7.0,294,WNW,1010.2,29.83,0.0,0.0,57,52,23.3,73.9,8.8,5.5,4.3,6.6,10.7,136.8,64.1,9.8,3.0,24.7,37.6,2,3,06:12 AM,07:45 PM,09:30 PM,08:15 AM,Waxing Gibbous,78
Japan,Tokyo,35.68,139.69,Asia/Tokyo,1691087400,2023-08-04 00:00,27.4,81.3,Overcast,4.3,6.9,327,NNW,1011.0,29.85,0.0,0.0,71,81,30.4,86.7,10.0,6.2,3.8,7.5,12.1,176.4,73.6,17.8,4.9,40.6,69.2,3,5,06:12 AM,07:45 PM,09:30 PM,08:15 AM,Waxing Gibbous,78
France,Paris,48.85,2.35,Europe/Paris,1691087400,2023-08-04 00:00,24.0,75.2,Partly cloudy,2.1,3.3,249,WSW,1021.4,30.16,0.0,0.0,53,64,26.4,79.5,7.4,4.6,4.6,2.7,4.3,100.0,66.4,4.3,1.4,8.4,14.3,1,1,06:12 AM,07:45 PM,09:30 PM,08:15 AM,Waxing Gibbous,78
India,New Delhi,28.61,77.21,Asia/Kolkata,1691087400,2023-08-04 00:00,36.4,97.5,Partly cloudy,1.6,2.5,137,SE,1008.5,29.78,0.0,0.0,68,51,39.6,103.3,7.7,4.8,4.8,2.3,3.7,399.7,94.9,45.9,15.6,79.7,109.3,4,8,06:12 AM,07:45 PM,09:30 PM,08:15 AM,Waxing Gibbous,78
Australia,Sydney,-33.87,151.21,Australia/Sydney,1691087400,2023-08-04 00:00,18.5,65.3,Partly cloudy,7.4,11.9,277,W,1012.0,29.88,0.0,0.0,65,73,20.8,69.4,9.3,5.8,3.8,9.8,15.7,100.0,62.2,6.6,1.0,14.2,21.9,2,2,06:12 AM,07:45 PM,09:30 PM,08:15 AM,Waxing Gibbous,78
Egypt,Cairo,30.04,31.24,Africa/Cairo,1691087400,2023-08-04 00:00,45.4,113.7,Partly cloudy,5.5,8.8,137,SE,1007.4,29.75,0.0,0.0,39,40,46.6,115.9,10.0,6.2,6.4,7.6,12.2,337.6,122.2,25.3,10.9,69.7,107.8,4,7,06:12 AM,07:45 PM,09:30 PM,08:15 AM,Waxing Gibbous,78
Singapore,Singapore,1.35,103.82,Asia/Singapore,1691087400,2023-08-04 00:00,29.9,85.8,Patchy rain possible,14.1,22.7,332,NNW,1013.4,29.93,0.9,0.04,70,82,31.6,88.9,7.9,4.9,2.9,22.6,36.4,100.0,80.9,2.0,1.0,4.3,14.9,1,1,06:12 AM,07:45 PM,09:30 PM,08:15 AM,Waxing Gibbous,78
Brazil,Rio de Janeiro,-22.91,-43.17,America/Sao_Paulo,1691087400,2023-08-04 00:00,19.4,66.9,Overcast,6.3,10.1,149,SSE,1004.4,29.66,0.0,0.0,89,88,23.0,73.4,9.4,5.8,3.0,9.3,14.9,169.9,51.1,3.9,1.0,26.0,42.4,2,3,06:12 AM,07:45 PM,09:30 PM,08:15 AM,Waxing Gibbous,78
Canada,Toronto,43.65,-79.38,America/Toronto,1691087400,2023-08-04 00:00,22.5,72.5,Partly cloudy,4.3,6.9,224,SW,1009.8,29.82,0.0,0.0,66,40,25.2,77.4,9.9,6.2,5.6,6.2,9.9,103.4,68.7,10.1,4.8,17.0,32.3,2,2,06:12 AM,07:45 PM,09:30 PM,08:15 AM,Waxing Gibbous,78
Germany,Berlin,52.52,13.4,Europe/Berlin,1691087400,2023-08-04 00:00,22.4,72.3,Overcast,9.3,15.0,348,NNW,1003.2,29.62,0.0,0.0,68,86,24.6,76.3,7.7,4.8,2.5,16.3,26.3,100.0,59.2,5.0,1.0,6.6,21.8,1,1,06:12 AM,07:45 PM,09:30 PM,08:15 AM,Waxing Gibbous,78
United Arab Emirates,Dubai,25.2,55.27,Asia/Dubai,1691087400,2023-08-04 00:00,39.3,102.7,Partly cloudy,3.5,5.7,142,SE,1018.9,30.09,0.0,0.0,63,37,42.0,107.6,8.5,5.3,5.4,6.3,10.1,100.0,102.3,6.6,2.4,15.4,27.0,2,2,06:12 AM,07:45 PM,09:30 PM,08:15 AM,Waxing Gibbous,78
India,Mumbai,19.07,72.88,Asia/Kolkata,1691087400,2023-08-04 00:00,30.0,86.0,Patchy rain possible,15.8,25.4,195,SSW,1016.5,30.02,0.8,0.03,69,60,31.4,88.5,8.8,5.5,3.5,20.0,32.2,185.3,81.5,13.6,7.0,36.5,61.0,3,4,06:12 AM,07:45 PM,09:30 PM,08:15 AM,Waxing Gibbous,78
United States,San Francisco,37.77,-122.42,America/Los_Angeles,1691087400,2023-08-04 00:00,16.5,61.7,Overcast,17.1,27.6,77,ENE,1011.3,29.86,0.0,0.0,82,97,18.4,65.1,8.4,5.2,1.8,23.2,37.3,100.0,41.7,4.9,1.0,4.0,30.5,1,1,06:12 AM,07:45 PM,09:30 PM,08:15 AM,Waxing Gibbous,78
South Africa,Cape Town,-33.92,18.42,Africa/Johannesburg,1691087400,2023-08-04 00:00,14.5,58.1,Patchy rain possible,26.2,42.1,163,SSE,1013.9,29.94,1.2,0.05,78,83,15.0,59.0,8.0,5.0,2.8,41.9,67.5,100.0,41.1,9.2,4.3,15.4,22.5,2,2,06:12 AM,07:45 PM,09:30 PM,08:15 AM,Waxing Gibbous,78
South Korea,Seoul,37.56,126.98,Asia/Seoul,1691087400,2023-08-04 00:00,27.9,82.2,Sunny,8.1,13.1,66,ENE,1007.7,29.76,0.0,0.0,41,20,28.9,84.0,7.4,4.6,6.1,10.6,17.0,100.0,78.9,7.1,4.2,13.8,22.8,2,2,06:12 AM,07:45 PM,09:30 PM,08:15 AM,Waxing Gibbous,78
Thailand,Bangkok,13.75,100.5,Asia/Bangkok,1691087400,2023-08-04 00:00,34.6,94.3,Partly cloudy,9.6,15.5,224,SW,1017.5,30.05,0.0,0.0,74,56,37.1,98.8,7.8,4.8,5.9,14.7,23.7,237.7,97.6,21.2,8.2,49.9,66.0,3,5,06:12 AM,07:45 PM,09:30 PM,08:15 AM,Waxing Gibbous,78
Kenya,Nairobi,-1.29,36.82,Africa/Nairobi,1691087400,2023-08-04 00:00,18.5,65.3,Overcast,2.9,4.7,32,NNE,1012.4,29.9,0.0,0.0,84,88,22.3,72.1,8.2,5.1,2.9,5.1,8.2,160.0,52.4,7.6,1.5,25.2,30.9,2,3,06:12 AM,07:45 PM,09:30 PM,08:15 AM,Waxing Gibbous,78
Sweden,Stockholm,59.33,18.06,Europe/Stockholm,1691087400,2023-08-04 00:00,15.8,60.4,Partly cloudy,12.6,20.3,224,SW,1018.7,30.08,0.0,0.0,67,58,17.5,63.5,8.2,5.1,5.1,18.7,30.1,100.0,56.3,6.2,1.0,10.0,26.3,1,2,06:12 AM,07:45 PM,09:30 PM,08:15 AM,Waxing Gibbous,78
Argentina,Buenos Aires,-34.6,-58.38,America/Argentina/Buenos_Aires,1691087400,2023-08-04 00:00,17.1,62.8,Patchy rain possible,11.6,18.6,20,NNE,1018.8,30.09,2.0,0.08,91,98,20.2,68.4,7.4,4.6,2.0,17.9,28.8,100.0,49.0,6.8,1.0,5.8,14.7,1,1,06:12 AM,07:45 PM,09:30 PM,08:15 AM,Waxing Gibbous,78
United States,New York,40.71,-74.01,America/New_York,1691173800,2023-08-05 00:00,26.1,79.0,Partly cloudy,2.9,4.6,33,NNE,1009.3,29.8,0.0,0.0,51,45,28.3,82.9,8.4,5.2,5.2,4.1,6.6,100.0,76.8,4.6,1.6,13.7,42.2,2,2,06:12 AM,07:45 PM,09:30 PM,08:15 AM,Waxing Gibbous,78
United Kingdom,London,51.51,-0.13,Europe/London,1691173800,2023-08-05 00:00,19.7,67.5,Partly cloudy,2.7,4.4,253,WSW,1006.5,29.72,0.0,0.0,66,68,22.6,72.7,8.6,5.3,4.0,3.4,5.5,100.0,60.1,2.0,2.5,17.8,32.4,2,2,06:12 AM,07:45 PM,09:30 PM,08:15 AM,Waxing Gibbous,78
Japan,Tokyo,35.68,139.69,Asia/Tokyo,1691173800,2023-08-05 00:00,27.6,81.7,Partly cloudy,1.9,3.0,53,NE,1011.9,29.88,0.0,0.0,58,50,30.3,86.5,9.6,6.0,5.2,2.3,3.7,147.0,78.6,7.8,5.1,28.2,64.6,2,3,06:12 AM,07:45 PM,09:30 PM,08:15 AM,Waxing Gibbous,78
France,Paris,48.85,2.35,Europe/Paris,1691173800,2023-08-05 00:00,25.8,78.4,Sunny,3.7,6.0,225,SW,1007.6,29.75,0.0,0.0,42,18,27.4,81.3,8.2,5.1,7.2,6.6,10.7,153.3,91.5,13.6,5.0,23.1,30.5,2,3,06:12 AM,07:45 PM,09:30 PM,08:15 AM,Waxing Gibbous,78
India,New Delhi,28.61,77.21,Asia/Kolkata,1691173800,2023-08-05 00:00,36.4,97.5,Sunny,9.3,14.9,117,ESE,1004.5,29.66,0.0,0.0,59,30,38.2,100.8,7.7,4.8,6.8,15.2,24.4,253.4,106.2,22.9,5.7,42.4,64.2,3,5,06:12 AM,07:45 PM,09:30 PM,08:15 AM,Waxing Gibbous,78
Australia,Sydney,-33.87,151.21,Australia/Sydney,1691173800,2023-08-05 00:00,11.7,53.1,Partly cloudy,9.1,14.6,185,S,1006.0,29.71,0.0,0.0,73,73,14.2,57.6,7.5,4.7,3.2,11.6,18.6,100.0,37.5,6.3,1.0,14.0,27.6,2,2,06:12 AM,07:45 PM,09:30 PM,08:15 AM,Waxing Gibbous,78
Egypt,Cairo,30.04,31.24,Africa/Cairo,1691173800,2023-08-05 00:00,40.9,105.6,Sunny,5.9,9.5,312,NW,1011.0,29.85,0.0,0.0,52,25,42.7,108.9,10.0,6.2,6.3,10.3,16.6,299.9,125.4,20.0,7.9,56.3,76.0,4,6,06:12 AM,07:45 PM,09:30 PM,08:15 AM,Waxing Gibbous,78
Singapore,Singapore,1.35,103.82,Asia/Singapore,1691173800,2023-08-05 00:00,24.6,76.3,Partly cloudy,10.9,17.6,153,SSE,1028.5,30.37,0.0,0.0,77,70,27.0,80.6,10.0,6.2,3.5,18.8,30.3,100.0,71.0,2.6,1.0,4.0,16.7,1,1,06:12 AM,07:45 PM,09:30 PM,08:15 AM,Waxing Gibbous,78
Brazil,Rio de Janeiro,-22.91,-43.17,America/Sao_Paulo,1691173800,2023-08-05 00:00,22.5,72.5,Patchy rain possible,11.7,18.8,14,NNE,1014.3,29.95,0.1,0.0,87,50,25.3,77.5,7.9,4.9,4.8,19.7,31.7,100.0,69.2,11.3,5.4,18.8,23.6,2,2,06:12 AM,07:45 PM,09:30 PM,08:15 AM,Waxing Gibbous,78
Canada,Toronto,43.65,-79.38,America/Toronto,1691173800,2023-08-05 00:00,25.2,77.4,Partly cloudy,12.9,20.7,62,ENE,1008.0,29.77,0.0,0.0,49,48,26.0,78.8,8.6,5.3,5.2,21.6,34.7,100.0,80.0,2.0,1.0,9.6,8.0,1,1,06:12 AM,07:45 PM,09:30 PM,08:15 AM,Waxing Gibbous,78
Germany,Berlin,52.52,13.4,Europe/Berlin,1691173800,2023-08-05 00:00,23.6,74.5,Partly cloudy,2.5,4.0,45,NE,1003.6,29.64,0.0,0.0,51,32,25.8,78.4,9.8,6.1,6.6,4.3,6.9,151.0,84.8,15.5,2.4,24.9,35.2,2,3,06:12 AM,07:45 PM,09:30 PM,08:15 AM,Waxing Gibbous,78
United Arab Emirates,Dubai,25.2,55.27,Asia/Dubai,1691173800,2023-08-05 00:00,39.5,103.1,Partly cloudy,7.8,12.6,239,WSW,1008.1,29.77,0.0,0.0,66,59,41.8,107.2,9.2,5.7,4.8,12.2,19.6,100.0,106.0,2.0,1.0,7.9,19.7,1,1,06:12 AM,07:45 PM,09:30 PM,08:15 AM,Waxing Gibbous,78
India,Mumbai,19.07,72.88,Asia/Kolkata,1691173800,2023-08-05 00:00,32.7,90.9,Partly cloudy,16.0,25.8,229,SW,1017.6,30.05,0.0,0.0,56,50,33.4,92.1,6.9,4.3,4.5,22.5,36.2,184.5,88.7,12.8,9.6,35.7,56.5,3,4,06:12 AM,07:45 PM,09:30 PM,08:15 AM,Waxing Gibbous,78
United States,San Francisco,37.77,-122.42,America/Los_Angeles,1691173800,2023-08-05 00:00,19.8,67.6,Partly cloudy,8.4,13.5,150,SSE,1003.4,29.63,0.0,0.0,57,51,21.6,70.9,7.9,4.9,4.9,10.1,16.2,110.8,71.1,14.4,2.3,22.8,24.1,2,3,06:12 AM,07:45 PM,09:30 PM,08:15 AM,Waxing Gibbous,78
South Africa,Cape Town,-33.92,18.42,Africa/Johannesburg,1691173800,2023-08-05 00:00,13.1,55.6,Overcast,7.5,12.1,254,WSW,1012.3,29.89,0.0,0.0,82,85,16.2,61.2,7.2,4.5,3.2,10.1,16.3,119.6,40.4,13.4,2.1,21.9,34.2,2,3,06:12 AM,07:45 PM,09:30 PM,08:15 AM,Waxing Gibbous,78
South Korea,Seoul,37.56,126.98,Asia/Seoul,1691173800,2023-08-05 00:00,27.2,81.0,Overcast,8.0,12.8,288,WNW,1022.0,30.18,0.0,0.0,67,89,29.5,85.1,8.7,5.4,2.1,11.6,18.7,108.5,55.8,10.8,2.2,19.7,28.8,2,2,06:12 AM,07:45 PM,09:30 PM,08:15 AM,Waxing Gibbous,78
Thailand,Bangkok,13.75,100.5,Asia/Bangkok,1691173800,2023-08-05 00:00,32.8,91.0,Partly cloudy,5.3,8.5,305,NW,1008.0,29.77,0.0,0.0,61,53,35.2,95.4,7.9,4.9,4.8,8.3,13.4,305.3,90.2,26.2,11.1,60.9,100.0,4,7,06:12 AM,07:45 PM,09:30 PM,08:15 AM,Waxing Gibbous,78
Kenya,Nairobi,-1.29,36.82,Africa/Nairobi,1691173800,2023-08-05 00:00,20.2,68.4,Partly cloudy,5.5,8.9,165,SSE,1007.3,29.75,0.0,0.0,50,73,22.0,71.6,10.0,6.2,3.4,7.6,12.3,100.0,50.1,3.3,1.0,4.0,8.0,1,1,06:12 AM,07:45 PM,09:30 PM,08:15 AM,Waxing Gibbous,78
Sweden,Stockholm,59.33,18.06,Europe/Stockholm,1691173800,2023-08-05 00:00,18.6,65.5,Moderate rain,7.7,12.4,246,WSW,1011.8,29.88,5.1,0.2,69,61,21.1,70.0,8.4,5.2,3.5,13.4,21.6,100.0,51.8,2.1,2.7,16.7,40.8,2,2,06:12 AM,07:45 PM,09:30 PM,08:15 AM,Waxing Gibbous,78
Argentina,Buenos Aires,-34.6,-58.38,America/Argentina/Buenos_Aires,1691173800,2023-08-05 00:00,14.9,58.8,Partly cloudy,6.5,10.5,118,ESE,1019.0,30.09,0.0,0.0,88,65,18.5,65.3,9.2,5.7,4.3,8.1,13.1,100.0,43.7,7.8,1.0,17.3,40.7,2,2,06:12 AM,07:45 PM,09:30 PM,08:15 AM,Waxing Gibbous,78
United States,New York,40.71,-74.01,America/New_York,1691260200,2023-08-06 00:00,29.4,84.9,Partly cloudy,6.8,11.0,45,NE,1014.0,29.94,0.0,0.0,47,61,30.9,87.6,8.8,5.5,4.8,10.9,17.5,100.0,85.0,6.6,1.0,17.3,12.6,2,2,06:12 AM,07:45 PM,09:30 PM,08:15 AM,Waxing Gibbous,78
United Kingdom,London,51.51,-0.13,Europe/London,1691260200,2023-08-06 00:00,19.8,67.6,Partly cloudy,4.5,7.3,106,ESE,1019.3,30.1,0.0,0.0,63,69,22.4,72.3,8.3,5.2,3.3,7.6,12.3,123.1,52.1,7.6,3.8,16.6,29.0,2,2,06:12 AM,07:45 PM,09:30 PM,08:15 AM,Waxing Gibbous,78
Japan,Tokyo,35.68,139.69,Asia/Tokyo,1691260200,2023-08-06 00:00,30.6,87.1,Partly cloudy,8.8,14.1,45,NE,1025.8,30.29,0.0,0.0,63,52,32.6,90.7,9.5,5.9,5.7,13.1,21.1,100.0,91.2,2.0,2.3,4.6,22.1,1,1,06:12 AM,07:45 PM,09:30 PM,08:15 AM,Waxing Gibbous,78
France,Paris,48.85,2.35,Europe/Paris,1691260200,2023-08-06 00:00,23.3,73.9,Partly cloudy,5.2,8.3,16,NNE,1013.6,29.93,0.0,0.0,50,66,25.1,77.2,9.9,6.2,4.4,6.8,11.0,100.0,58.6,5.4,1.3,10.6,8.1,1,2,06:12 AM,07:45 PM,09:30 PM,08:15 AM,Waxing Gibbous,78
India,New Delhi,28.61,77.21,Asia/Kolkata,1691260200,2023-08-06 00:00,32.9,91.2,Patchy rain possible,7.9,12.7,333,NNW,1027.3,30.34,0.8,0.03,77,72,35.7,96.3,6.5,4.0,3.7,13.8,22.2,273.9,87.1,26.5,10.0,64.6,90.7,4,7,06:12 AM,07:45 PM,09:30 PM,08:15 AM,Waxing Gibbous,78
Australia,Sydney,-33.87,151.21,Australia/Sydney,1691260200,2023-08-06 00:00,12.4,54.3,Patchy rain possible,24.0,38.7,274,W,1019.1,30.09,3.8,0.15,98,80,14.2,57.6,7.3,4.5,2.8,40.1,64.6,100.0,49.0,8.6,1.0,4.0,17.7,1,1,06:12 AM,07:45 PM,09:30 PM,08:15 AM,Waxing Gibbous,78
Egypt,Cairo,30.04,31.24,Africa/Cairo,1691260200,2023-08-06 00:00,39.1,102.4,Partly cloudy,1.5,2.4,226,SW,1003.0,29.62,0.0,0.0,50,56,41.4,106.5,7.0,4.3,4.4,2.4,3.8,325.5,101.8,23.9,12.5,61.0,88.2,4,7,06:12 AM,07:45 PM,09:30 PM,08:15 AM,Waxing Gibbous,78
Singapore,Singapore,1.35,103.82,Asia/Singapore,1691260200,2023-08-06 00:00,30.3,86.5,Partly cloudy,15.6,25.1,187,S,1007.3,29.75,0.0,0.0,62,52,31.4,88.5,7.9,4.9,4.6,20.1,32.3,100.0,79.7,9.9,2.6,14.5,15.9,2,2,06:12 AM,07:45 PM,09:30 PM,08:15 AM,Waxing Gibbous,78
Brazil,Rio de Janeiro,-22.91,-43.17,America/Sao_Paulo,1691260200,2023-08-06 00:00,22.6,72.7,Partly cloudy,1.2,2.0,83,E,1012.1,29.89,0.0,0.0,61,41,25.5,77.9,7.6,4.7,5.6,1.9,3.1,100.0,64.4,12.0,7.8,23.2,36.5,2,3,06:12 AM,07:45 PM,09:30 PM,08:15 AM,Waxing Gibbous,78
Canada,Toronto,43.65,-79.38,America/Toronto,1691260200,2023-08-06 00:00,21.9,71.4,Partly cloudy,2.6,4.2,325,NW,1017.7,30.05,0.0,0.0,53,53,24.2,75.6,9.6,6.0,5.0,3.4,5.5,118.4,67.3,5.0,4.6,15.2,27.6,2,2,06:12 AM,07:45 PM,09:30 PM,08:15 AM,Waxing Gibbous,78
Germany,Berlin,52.52,13.4,Europe/Berlin,1691260200,2023-08-06 00:00,23.0,73.4,Overcast,5.7,9.2,53,NE,1007.5,29.75,0.0,0.0,57,86,25.1,77.2,9.6,6.0,2.8,7.6,12.3,100.0,59.6,12.8,4.8,18.2,54.5,2,2,06:12 AM,07:45 PM,09:30 PM,08:15 AM,Waxing Gibbous,78
United Arab Emirates,Dubai,25.2,55.27,Asia/Dubai,1691260200,2023-08-06 00:00,40.9,105.6,Partly cloudy,3.9,6.2,301,WNW,1017.4,30.04,0.0,0.0,57,65,43.3,109.9,8.1,5.0,4.2,5.5,8.8,100.0,100.6,2.0,3.8,4.0,15.0,1,1,06:12 AM,07:45 PM,09:30 PM,08:15 AM,Waxing Gibbous,78
India,Mumbai,19.07,72.88,Asia/Kolkata,1691260200,2023-08-06 00:00,30.2,86.4,Overcast,4.7,7.5,215,SW,1014.3,29.95,0.0,0.0,66,90,32.9,91.2,8.5,5.3,2.2,7.3,11.8,294.2,83.5,27.9,10.2,58.9,95.1,4,6,06:12 AM,07:45 PM,09:30 PM,08:15 AM,Waxing Gibbous,78
United States,San Francisco,37.77,-122.42,America/Los_Angeles,1691260200,2023-08-06 00:00,21.1,70.0,Partly cloudy,11.2,18.0,132,SE,1003.6,29.64,0.0,0.0,56,48,22.5,72.5,9.2,5.7,4.7,14.9,24.0,100.0,64.0,5.1,1.0,10.6,23.6,1,2,06:12 AM,07:45 PM,09:30 PM,08:15 AM,Waxing Gibbous,78
South Africa,Cape Town,-33.92,18.42,Africa/Johannesburg,1691260200,2023-08-06 00:00,14.9,58.8,Overcast,2.8,4.5,263,W,1005.6,29.7,0.0,0.0,64,87,17.7,63.9,7.0,4.3,3.0,4.9,7.9,100.0,46.3,2.0,2.9,8.4,20.5,1,1,06:12 AM,07:45 PM,09:30 PM,08:15 AM,Waxing Gibbous,78
South Korea,Seoul,37.56,126.98,Asia/Seoul,1691260200,2023-08-06 00:00,30.3,86.5,Moderate rain,6.8,10.9,300,WNW,1019.7,30.11,5.4,0.21,67,71,32.8,91.0,7.8,4.8,4.5,11.0,17.7,100.0,79.9,3.5,1.0,6.4,13.3,1,1,06:12 AM,07:45 PM,09:30 PM,08:15 AM,Waxing Gibbous,78
Thailand,Bangkok,13.75,100.5,Asia/Bangkok,1691260200,2023-08-06 00:00,30.4,86.7,Partly cloudy,5.0,8.1,36,NE,1002.3,29.6,0.0,0.0,69,60,33.2,91.8,8.9,5.5,4.8,7.1,11.4,407.1,81.3,26.1,8.4,69.4,109.9,4,7,06:12 AM,07:45 PM,09:30 PM,08:15 AM,Waxing Gibbous,78
Kenya,Nairobi,-1.29,36.82,Africa/Nairobi,1691260200,2023-08-06 00:00,19.2,66.6,Clear,4.7,7.5,210,SSW,1011.2,29.86,0.0,0.0,56,27,21.4,70.5,8.2,5.1,6.3,6.8,11.0,108.3,68.1,13.6,3.8,20.8,27.2,2,3,06:12 AM,07:45 PM,09:30 PM,08:15 AM,Waxing Gibbous,78
Sweden,Stockholm,59.33,18.06,Europe/Stockholm,1691260200,2023-08-06 00:00,17.3,63.1,Moderate rain,12.4,20.0,122,ESE,1012.6,29.9,4.5,0.18,79,59,19.6,67.3,6.1,3.8,3.8,18.6,29.9,100.0,48.5,9.9,3.3,4.0,8.0,1,1,06:12 AM,07:45 PM,09:30 PM,08:15 AM,Waxing Gibbous,78
Argentina,Buenos Aires,-34.6,-58.38,America/Argentina/Buenos_Aires,1691260200,2023-08-06 00:00,19.3,66.7,Partly cloudy,3.2,5.1,281,W,1021.7,30.17,0.0,0.0,68,62,22.3,72.1,7.2,4.5,3.7,3.9,6.3,100.0,54.8,7.1,4.3,16.2,12.4,2,2,06:12 AM,07:45 PM,09:30 PM,08:15 AM,Waxing Gibbous,78
United States,New York,40.71,-74.01,America/New_York,1691346600,2023-08-07 00:00,22.8,73.0,Moderate rain,10.1,16.2,357,N,1011.7,29.88,4.3,0.17,67,53,24.9,76.8,5.6,3.5,5.0,13.8,22.2,100.0,60.4,9.8,3.6,12.7,8.0,2,2,06:12 AM,07:45 PM,09:30 PM,08:15 AM,Waxing Gibbous,78
United Kingdom,London,51.51,-0.13,Europe/London,1691346600,2023-08-07 00:00,18.2,64.8,Patchy rain possible,9.1,14.7,258,WSW,1016.2,30.01,1.1,0.04,79,64,21.0,69.8,8.8,5.5,5.6,11.3,18.2,100.0,55.4,3.8,1.0,4.0,20.6,1,1,06:12 AM,07:45 PM,09:30 PM,08:15 AM,Waxing Gibbous,78
Japan,Tokyo,35.68,139.69,Asia/Tokyo,1691346600,2023-08-07 00:00,33.3,91.9,Sunny,6.7,10.8,36,NE,1017.8,30.06,0.0,0.0,27,20,33.8,92.8,8.4,5.2,6.2,8.3,13.4,100.0,94.3,3.3,4.7,23.2,40.6,2,3,06:12 AM,07:45 PM,09:30 PM,08:15 AM,Waxing Gibbous,78
France,Paris,48.85,2.35,Europe/Paris,1691346600,2023-08-07 00:00,25.8,78.4,Partly cloudy,3.9,6.3,223,SW,1019.4,30.1,0.0,0.0,46,41,27.6,81.7,10.0,6.2,5.7,7.0,11.2,138.1,76.7,6.6,4.7,19.8,34.1,2,2,06:12 AM,07:45 PM,09:30 PM,08:15 AM,Waxing Gibbous,78
India,New Delhi,28.61,77.21,Asia/Kolkata,1691346600,2023-08-07 00:00,34.6,94.3,Partly cloudy,2.3,3.7,13,NNE,1010.4,29.84,0.0,0.0,51,60,36.9,98.4,10.0,6.2,4.3,2.9,4.7,410.8,92.3,28.9,12.5,71.7,112.2,4,8,06:12 AM,07:45 PM,09:30 PM,08:15 AM,Waxing Gibbous,78
Australia,Sydney,-33.87,151.21,Australia/Sydney,1691346600,2023-08-07 00:00,14.8,58.6,Overcast,4.8,7.7,207,SSW,1012.8,29.91,0.0,0.0,88,100,18.6,65.5,8.6,5.3,2.1,6.2,10.0,100.0,44.9,2.0,2.4,6.5,19.1,1,1,06:12 AM,07:45 PM,09:30 PM,08:15 AM,Waxing Gibbous,78
Egypt,Cairo,30.04,31.24,Africa/Cairo,1691346600,2023-08-07 00:00,36.5,97.7,Partly cloudy,16.8,27.1,353,N,1001.6,29.58,0.0,0.0,72,57,37.9,100.2,8.5,5.3,4.5,26.0,41.8,174.2,96.0,9.3,5.9,34.7,56.8,2,4,06:12 AM,07:45 PM,09:30 PM,08:15 AM,Waxing Gibbous,78
Singapore,Singapore,1.35,103.82,Asia/Singapore,1691346600,2023-08-07 00:00,31.6,88.9,Partly cloudy,7.3,11.7,158,SSE,1014.0,29.94,0.0,0.0,68,68,34.1,93.4,9.7,6.0,4.5,10.6,17.1,100.0,98.8,5.7,1.0,6.2,8.0,1,1,06:12 AM,07:45 PM,09:30 PM,08:15 AM,Waxing Gibbous,78
Brazil,Rio de Janeiro,-22.91,-43.17,America/Sao_Paulo,1691346600,2023-08-07 00:00,23.0,73.4,Partly cloudy,8.5,13.7,291,WNW,1016.4,30.01,0.0,0.0,79,56,25.9,78.6,7.7,4.8,4.7,13.5,21.8,100.0,68.5,2.0,1.0,4.0,8.0,1,1,06:12 AM,07:45 PM,09:30 PM,08:15 AM,Waxing Gibbous,78
Canada,Toronto,43.65,-79.38,America/Toronto,1691346600,2023-08-07 00:00,26.0,78.8,Sunny,9.8,15.7,150,SSE,997.4,29.45,0.0,0.0,42,24,26.8,80.2,8.3,5.2,6.8,12.4,19.9,100.0,80.4,6.4,3.6,14.6,9.8,2,2,06:12 AM,07:45 PM,09:30 PM,08:15 AM,Waxing Gibbous,78
Germany,Berlin,52.52,13.4,Europe/Berlin,1691346600,2023-08-07 00:00,25.2,77.4,Overcast,2.3,3.7,133,SE,1025.5,30.28,0.0,0.0,73,91,28.6,83.5,10.0,6.2,2.4,3.5,5.7,100.0,69.2,2.0,1.0,6.1,21.3,1,1,06:12 AM,07:45 PM,09:30 PM,08:15 AM,Waxing Gibbous,78
United Arab Emirates,Dubai,25.2,55.27,Asia/Dubai,1691346600,2023-08-07 00:00,40.4,104.7,Patchy rain possible,18.0,28.9,111,ESE,1025.5,30.28,1.1,0.04,75,72,41.8,107.2,6.5,4.0,3.8,31.4,50.5,100.0,104.0,2.0,2.4,8.1,8.0,1,1,06:12 AM,07:45 PM,09:30 PM,08:15 AM,Waxing Gibbous,78
India,Mumbai,19.07,72.88,Asia/Kolkata,1691346600,2023-08-07 00:00,31.2,88.2,Moderate rain,22.1,35.5,64,ENE,1009.1,29.8,12.1,0.48,75,97,32.1,89.8,5.9,3.7,1.3,38.0,61.1,100.0,72.5,4.0,4.6,21.8,31.3,2,3,06:12 AM,07:45 PM,09:30 PM,08:15 AM,Waxing Gibbous,78
United States,San Francisco,37.77,-122.42,America/Los_Angeles,1691346600,2023-08-07 00:00,18.2,64.8,Partly cloudy,5.5,8.9,318,NW,1007.5,29.75,0.0,0.0,53,54,20.1,68.2,9.2,5.7,5.1,8.9,14.4,118.2,59.8,2.0,3.1,15.4,36.8,2,2,06:12 AM,07:45 PM,09:30 PM,08:15 AM,Waxing Gibbous,78
South Africa,Cape Town,-33.92,18.42,Africa/Johannesburg,1691346600,2023-08-07 00:00,12.7,54.9,Partly cloudy,7.0,11.3,69,ENE,1015.8,30.0,0.0,0.0,85,75,16.0,60.8,7.5,4.7,3.2,11.4,18.3,115.8,38.7,5.3,2.4,21.6,37.7,2,3,06:12 AM,07:45 PM,09:30 PM,08:15 AM,Waxing Gibbous,78
South Korea,Seoul,37.56,126.98,Asia/Seoul,1691346600,2023-08-07 00:00,26.8,80.2,Overcast,4.3,7.0,195,SSW,1010.4,29.84,0.0,0.0,69,84,29.7,85.5,10.0,6.2,2.3,7.3,11.7,109.8,61.0,13.6,5.7,19.0,31.4,2,2,06:12 AM,07:45 PM,09:30 PM,08:15 AM,Waxing Gibbous,78
Thailand,Bangkok,13.75,100.5,Asia/Bangkok,1691346600,2023-08-07 00:00,31.2,88.2,Patchy rain possible,7.6,12.2,103,ESE,1013.5,29.93,1.1,0.04,81,81,34.3,93.7,8.3,5.2,3.4,12.2,19.7,357.4,85.5,30.8,9.4,66.2,117.6,4,7,06:12 AM,07:45 PM,09:30 PM,08:15 AM,Waxing Gibbous,78
Kenya,Nairobi,-1.29,36.82,Africa/Nairobi,1691346600,2023-08-07 00:00,20.5,68.9,Partly cloudy,5.1,8.2,264,W,1007.4,29.75,0.0,0.0,78,66,23.7,74.7,10.0,6.2,3.4,7.1,11.5,180.2,54.4,10.7,1.8,27.9,56.5,2,3,06:12 AM,07:45 PM,09:30 PM,08:15 AM,Waxing Gibbous,78
Sweden,Stockholm,59.33,18.06,Europe/Stockholm,1691346600,2023-08-07 00:00,14.2,57.6,Partly cloudy,15.8,25.4,251,WSW,1010.2,29.83,0.0,0.0,62,46,15.3,59.5,8.6,5.3,5.4,20.8,33.5,113.3,57.1,9.2,3.5,21.0,41.0,2,3,06:12 AM,07:45 PM,09:30 PM,08:15 AM,Waxing Gibbous,78
Argentina,Buenos Aires,-34.6,-58.38,America/Argentina/Buenos_Aires,1691346600,2023-08-07 00:00,16.7,62.1,Partly cloudy,10.6,17.1,61,ENE,1013.1,29.92,0.0,0.0,55,63,18.1,64.6,9.2,5.7,3.9,12.9,20.7,100.0,57.6,7.9,1.0,17.3,45.5,2,2,06:12 AM,07:45 PM,09:30 PM,08:15 AM,Waxing Gibbous,78
United States,New York,40.71,-74.01,America/New_York,1691433000,2023-08-08 00:00,25.5,77.9,Partly cloudy,9.1,14.6,176,S,1016.2,30.01,0.0,0.0,45,31,26.6,79.9,9.0,5.6,6.1,13.0,20.9,100.0,80.5,7.7,1.6,4.0,14.3,1,1,06:12 AM,07:45 PM,09:30 PM,08:15 AM,Waxing Gibbous,78
United Kingdom,London,51.51,-0.13,Europe/London,1691433000,2023-08-08 00:00,17.1,62.8,Partly cloudy,2.8,4.5,209,SSW,1012.5,29.9,0.0,0.0,52,45,19.3,66.7,7.9,4.9,5.3,4.6,7.4,100.0,66.3,2.0,1.0,7.8,8.0,1,1,06:12 AM,07:45 PM,09:30 PM,08:15 AM,Waxing Gibbous,78
Japan,Tokyo,35.68,139.69,Asia/Tokyo,1691433000,2023-08-08 00:00,30.8,87.4,Partly cloudy,5.9,9.5,173,S,1018.2,30.07,0.0,0.0,45,39,32.3,90.1,8.8,5.5,6.3,8.7,14.0,100.0,93.0,8.8,1.0,9.4,8.8,1,1,06:12 AM,07:45 PM,09:30 PM,08:15 AM,Waxing Gibbous,78
France,Paris,48.85,2.35,Europe/Paris,1691433000,2023-08-08 00:00,26.4,79.5,Partly cloudy,8.3,13.4,30,NNE,1013.2,29.92,0.0,0.0,61,56,28.4,83.1,9.4,5.8,4.3,14.5,23.3,100.0,81.6,3.9,1.6,12.7,32.3,2,2,06:12 AM,07:45 PM,09:30 PM,08:15 AM,Waxing Gibbous,78
India,New Delhi,28.61,77.21,Asia/Kolkata,1691433000,2023-08-08 00:00,38.4,101.1,Partly cloudy,4.9,7.9,89,E,1012.0,29.88,0.0,0.0,61,55,40.8,105.4,8.2,5.1,4.8,8.6,13.9,301.0,106.4,25.5,9.3,58.6,96.2,4,6,06:12 AM,07:45 PM,09:30 PM,08:15 AM,Waxing Gibbous,78
Australia,Sydney,-33.87,151.21,Australia/Sydney,1691433000,2023-08-08 00:00,17.5,63.5,Overcast,3.7,5.9,356,N,1017.9,30.06,0.0,0.0,79,78,21.0,69.8,10.0,6.2,3.6,5.3,8.5,112.0,54.3,14.6,3.2,22.1,36.3,2,3,06:12 AM,07:45 PM,09:30 PM,08:15 AM,Waxing Gibbous,78
Egypt,Cairo,30.04,31.24,Africa/Cairo,1691433000,2023-08-08 00:00,39.4,102.9,Partly cloudy,4.2,6.8,278,W,1016.0,30.0,0.0,0.0,67,47,42.2,108.0,7.0,4.3,4.7,5.3,8.6,213.6,100.4,17.8,7.7,42.5,60.1,3,5,06:12 AM,07:45 PM,09:30 PM,08:15 AM,Waxing Gibbous,78
Singapore,Singapore,1.35,103.82,Asia/Singapore,1691433000,2023-08-08 00:00,32.0,89.6,Patchy rain possible,17.0,27.3,166,SSE,1025.0,30.27,2.1,0.08,77,43,33.7,92.7,9.3,5.8,5.3,25.0,40.3,100.0,83.6,3.7,1.0,4.0,8.0,1,1,06:12 AM,07:45 PM,09:30 PM,08:15 AM,Waxing Gibbous,78
Brazil,Rio de Janeiro,-22.91,-43.17,America/Sao_Paulo,1691433000,2023-08-08 00:00,22.2,72.0,Partly cloudy,6.7,10.8,13,NNE,1016.6,30.02,0.0,0.0,65,44,24.6,76.3,9.4,5.8,6.0,9.3,15.0,100.0,80.8,11.4,1.0,12.3,8.2,2,2,06:12 AM,07:45 PM,09:30 PM,08:15 AM,Waxing Gibbous,78
Canada,Toronto,43.65,-79.38,America/Toronto,1691433000,2023-08-08 00:00,27.9,82.2,Partly cloudy,6.6,10.7,260,W,1014.9,29.97,0.0,0.0,44,43,29.2,84.6,7.1,4.4,5.7,10.9,17.5,100.0,84.3,7.0,3.1,16.7,25.1,2,2,06:12 AM,07:45 PM,09:30 PM,08:15 AM,Waxing Gibbous,78
Germany,Berlin,52.52,13.4,Europe/Berlin,1691433000,2023-08-08 00:00,22.5,72.5,Partly cloudy,6.2,10.0,293,WNW,1010.3,29.83,0.0,0.0,64,47,24.9,76.8,8.2,5.1,5.0,8.6,13.8,100.0,70.7,6.0,1.0,8.8,19.2,1,1,06:12 AM,07:45 PM,09:30 PM,08:15 AM,Waxing Gibbous,78
United Arab Emirates,Dubai,25.2,55.27,Asia/Dubai,1691433000,2023-08-08 00:00,39.9,103.8,Partly cloudy,13.5,21.8,35,NE,1008.4,29.78,0.0,0.0,53,69,40.8,105.4,10.0,6.2,3.6,17.7,28.5,100.0,97.5,11.3,3.8,12.7,35.0,2,2,06:12 AM,07:45 PM,09:30 PM,08:15 AM,Waxing Gibbous,78
India,Mumbai,19.07,72.88,Asia/Kolkata,1691433000,2023-08-08 00:00,34.3,93.7,Partly cloudy,1.2,2.0,299,WNW,1015.2,29.98,0.0,0.0,61,33,37.2,99.0,8.9,5.5,5.7,1.7,2.8,329.6,99.3,29.8,8.4,58.5,83.7,4,6,06:12 AM,07:45 PM,09:30 PM,08:15 AM,Waxing Gibbous,78
United States,San Francisco,37.77,-122.42,America/Los_Angeles,1691433000,2023-08-08 00:00,25.3,77.5,Sunny,8.8,14.1,29,NNE,1007.7,29.76,0.0,0.0,43,13,26.3,79.3,9.1,5.7,7.4,14.9,23.9,100.0,88.9,6.1,2.2,4.0,8.0,1,1,06:12 AM,07:45 PM,09:30 PM,08:15 AM,Waxing Gibbous,78
South Africa,Cape Town,-33.92,18.42,Africa/Johannesburg,1691433000,2023-08-08 00:00,11.9,53.4,Partly cloudy,3.5,5.6,54,NE,1011.0,29.85,0.0,0.0,84,75,15.7,60.3,8.4,5.2,3.8,5.2,8.4,161.7,37.5,17.2,1.0,29.1,61.0,2,3,06:12 AM,07:45 PM,09:30 PM,08:15 AM,Waxing Gibbous,78
South Korea,Seoul,37.56,126.98,Asia/Seoul,1691433000,2023-08-08 00:00,28.7,83.7,Partly cloudy,15.5,24.9,142,SE,1019.4,30.1,0.0,0.0,66,38,30.0,86.0,6.9,4.3,6.0,22.5,36.2,136.4,86.9,8.3,3.6,21.8,19.4,2,3,06:12 AM,07:45 PM,09:30 PM,08:15 AM,Waxing Gibbous,78
Thailand,Bangkok,13.75,100.5,Asia/Bangkok,1691433000,2023-08-08 00:00,34.2,93.6,Partly cloudy,9.6,15.5,191,S,1003.0,29.62,0.0,0.0,58,60,35.9,96.6,9.8,6.1,5.3,12.3,19.8,212.7,93.9,15.1,4.3,42.5,56.1,3,5,06:12 AM,07:45 PM,09:30 PM,08:15 AM,Waxing Gibbous,78
Kenya,Nairobi,-1.29,36.82,Africa/Nairobi,1691433000,2023-08-08 00:00,18.3,64.9,Overcast,10.1,16.2,225,SW,1004.8,29.67,0.0,0.0,62,78,20.1,68.2,8.8,5.5,3.7,16.0,25.7,100.0,46.6,6.9,6.1,18.2,34.3,2,2,06:12 AM,07:45 PM,09:30 PM,08:15 AM,Waxing Gibbous,78
Sweden,Stockholm,59.33,18.06,Europe/Stockholm,1691433000,2023-08-08 00:00,16.5,61.7,Partly cloudy,6.2,10.0,267,W,1021.7,30.17,0.0,0.0,51,35,18.2,64.8,10.0,6.2,6.4,7.6,12.3,171.1,63.6,10.0,5.7,21.0,20.4,2,3,06:12 AM,07:45 PM,09:30 PM,08:15 AM,Waxing Gibbous,78
Argentina,Buenos Aires,-34.6,-58.38,America/Argentina/Buenos_Aires,1691433000,2023-08-08 00:00,17.4,63.3,Partly cloudy,2.2,3.5,267,W,1009.6,29.81,0.0,0.0,74,68,20.8,69.4,9.3,5.8,4.6,3.2,5.2,100.0,56.4,12.2,3.3,11.3,13.5,1,2,06:12 AM,07:45 PM,09:30 PM,08:15 AM,Waxing Gibbous,78
United States,New York,40.71,-74.01,America/New_York,1691519400,2023-08-09 00:00,29.6,85.3,Partly cloudy,9.7,15.6,18,NNE,1019.6,30.11,0.0,0.0,63,45,31.5,88.7,10.0,6.2,5.7,14.9,23.9,130.7,92.0,7.8,1.0,25.8,29.1,2,3,06:12 AM,07:45 PM,09:30 PM,08:15 AM,Waxing Gibbous,78
United Kingdom,London,51.51,-0.13,Europe/London,1691519400,2023-08-09 00:00,19.1,66.4,Sunny,12.4,20.0,162,SSE,1013.5,29.93,0.0,0.0,63,30,20.6,69.1,9.9,6.2,5.9,18.3,29.4,100.0,61.8,2.2,1.6,13.8,24.1,2,2,06:12 AM,07:45 PM,09:30 PM,08:15 AM,Waxing Gibbous,78
Japan,Tokyo,35.68,139.69,Asia/Tokyo,1691519400,2023-08-09 00:00,29.3,84.7,Partly cloudy,3.5,5.7,258,WSW,1011.3,29.86,0.0,0.0,54,50,31.5,88.7,9.1,5.7,5.6,6.2,9.9,100.0,86.9,8.5,2.8,25.3,52.6,2,3,06:12 AM,07:45 PM,09:30 PM,08:15 AM,Waxing Gibbous,78
France,Paris,48.85,2.35,Europe/Paris,1691519400,2023-08-09 00:00,25.6,78.1,Partly cloudy,7.3,11.7,51,NE,1008.7,29.79,0.0,0.0,52,43,27.3,81.1,9.5,5.9,5.3,12.1,19.5,100.0,78.6,2.9,1.0,12.0,23.2,2,2,06:12 AM,07:45 PM,09:30 PM,08:15 AM,Waxing Gibbous,78
India,New Delhi,28.61,77.21,Asia/Kolkata,1691519400,2023-08-09 00:00,34.2,93.6,Partly cloudy,11.7,18.8,240,WSW,1024.4,30.25,0.0,0.0,62,56,35.8,96.4,8.3,5.2,4.5,20.3,32.6,269.3,88.3,23.3,10.0,54.3,90.4,3,6,06:12 AM,07:45 PM,09:30 PM,08:15 AM,Waxing Gibbous,78
Australia,Sydney,-33.87,151.21,Australia/Sydney,1691519400,2023-08-09 00:00,14.3,57.7,Moderate rain,11.9,19.2,358,N,1006.9,29.73,5.7,0.22,88,75,17.2,63.0,6.6,4.1,4.1,18.8,30.2,100.0,44.4,10.5,1.7,11.1,9.2,1,2,06:12 AM,07:45 PM,09:30 PM,08:15 AM,Waxing Gibbous,78
Egypt,Cairo,30.04,31.24,Africa/Cairo,1691519400,2023-08-09 00:00,38.6,101.5,Partly cloudy,8.6,13.8,251,WSW,1019.9,30.12,0.0,0.0,71,64,41.0,105.8,8.0,5.0,4.3,12.1,19.4,338.8,108.4,31.9,8.2,58.2,106.0,4,6,06:12 AM,07:45 PM,09:30 PM,08:15 AM,Waxing Gibbous,78
Singapore,Singapore,1.35,103.82,Asia/Singapore,1691519400,2023-08-09 00:00,30.9,87.6,Partly cloudy,5.8,9.3,348,NNW,1003.0,29.62,0.0,0.0,49,53,32.6,90.7,9.2,5.7,5.0,10.2,16.4,100.0,86.8,3.8,2.6,4.0,8.0,1,1,06:12 AM,07:45 PM,09:30 PM,08:15 AM,Waxing Gibbous,78
Brazil,Rio de Janeiro,-22.91,-43.17,America/Sao_Paulo,1691519400,2023-08-09 00:00,23.6,74.5,Partly cloudy,6.3,10.1,200,SSW,1012.2,29.89,0.0,0.0,66,56,26.1,79.0,7.4,4.6,4.2,10.8,17.4,100.0,67.9,2.2,1.0,8.0,30.4,1,1,06:12 AM,07:45 PM,09:30 PM,08:15 AM,Waxing Gibbous,78
Canada,Toronto,43.65,-79.38,America/Toronto,1691519400,2023-08-09 00:00,24.4,75.9,Partly cloudy,7.6,12.2,270,W,1009.2,29.8,0.0,0.0,54,39,26.1,79.0,7.7,4.8,5.6,10.0,16.1,148.6,82.6,13.5,5.7,25.4,46.2,2,3,06:12 AM,07:45 PM,09:30 PM,08:15 AM,Waxing Gibbous,78
Germany,Berlin,52.52,13.4,Europe/Berlin,1691519400,2023-08-09 00:00,19.7,67.5,Overcast,4.4,7.1,87,E,1009.8,29.82,0.0,0.0,69,76,22.6,72.7,8.7,5.4,3.4,6.2,10.0,128.5,54.4,10.2,5.0,26.3,50.3,2,3,06:12 AM,07:45 PM,09:30 PM,08:15 AM,Waxing Gibbous,78
United Arab Emirates,Dubai,25.2,55.27,Asia/Dubai,1691519400,2023-08-09 00:00,37.3,99.1,Partly cloudy,2.5,4.0,113,ESE,1017.1,30.03,0.0,0.0,59,45,39.9,103.8,9.2,5.7,5.8,4.4,7.1,100.0,116.3,2.0,3.3,7.9,8.0,1,1,06:12 AM,07:45 PM,09:30 PM,08:15 AM,Waxing Gibbous,78
India,Mumbai,19.07,72.88,Asia/Kolkata,1691519400,2023-08-09 00:00,32.5,90.5,Moderate rain,10.9,17.6,47,NE,1018.3,30.07,7.6,0.3,84,62,35.3,95.5,7.2,4.5,4.9,18.8,30.3,185.8,86.7,20.4,4.5,40.1,80.0,3,5,06:12 AM,07:45 PM,09:30 PM,08:15 AM,Waxing Gibbous,78
United States,San Francisco,37.77,-122.42,America/Los_Angeles,1691519400,2023-08-09 00:00,18.8,65.8,Patchy rain possible,9.8,15.7,76,ENE,1016.6,30.02,3.6,0.14,70,81,21.0,69.8,8.8,5.5,3.1,12.3,19.8,100.0,54.0,5.2,2.8,15.6,51.1,2,2,06:12 AM,07:45 PM,09:30 PM,08:15 AM,Waxing Gibbous,78
South Africa,Cape Town,-33.92,18.42,Africa/Johannesburg,1691519400,2023-08-09 00:00,16.7,62.1,Overcast,3.2,5.1,301,WNW,1010.3,29.83,0.0,0.0,86,80,20.6,69.1,10.0,6.2,4.1,3.9,6.2,100.0,54.0,2.0,1.0,4.0,8.0,1,1,06:12 AM,07:45 PM,09:30 PM,08:15 AM,Waxing Gibbous,78
South Korea,Seoul,37.56,126.98,Asia/Seoul,1691519400,2023-08-09 00:00,27.9,82.2,Partly cloudy,3.9,6.3,339,NNW,1008.2,29.77,0.0,0.0,58,49,30.3,86.5,9.3,5.8,5.4,5.5,8.9,100.0,73.9,13.6,4.1,17.4,40.9,2,2,06:12 AM,07:45 PM,09:30 PM,08:15 AM,Waxing Gibbous,78
Thailand,Bangkok,13.75,100.5,Asia/Bangkok,1691519400,2023-08-09 00:00,41.9,107.4,Partly cloudy,6.8,11.0,86,E,1026.3,30.31,0.0,0.0,55,51,43.8,110.8,8.5,5.3,6.1,8.8,14.1,259.0,111.2,32.7,7.5,53.1,75.1,3,6,06:12 AM,07:45 PM,09:30 PM,08:15 AM,Waxing Gibbous,78
Kenya,Nairobi,-1.29,36.82,Africa/Nairobi,1691519400,2023-08-09 00:00,10.0,50.0,Patchy rain possible,10.7,17.2,34,NE,1009.3,29.8,2.3,0.09,98,85,13.5,56.3,7.7,4.8,2.6,14.2,22.9,100.0,26.6,12.8,3.2,18.3,38.9,2,2,06:12 AM,07:45 PM,09:30 PM,08:15 AM,Waxing Gibbous,78
Sweden,Stockholm,59.33,18.06,Europe/Stockholm,1691519400,2023-08-09 00:00,17.0,62.6,Partly cloudy,8.2,13.2,188,S,1017.6,30.05,0.0,0.0,60,56,18.9,66.0,8.7,5.4,4.4,11.3,18.2,100.0,50.8,2.0,1.0,7.9,13.6,1,1,06:12 AM,07:45 PM,09:30 PM,08:15 AM,Waxing Gibbous,78
Argentina,Buenos Aires,-34.6,-58.38,America/Argentina/Buenos_Aires,1691519400,2023-08-09 00:00,18.4,65.1,Patchy rain possible,9.7,15.6,152,SSE,1012.6,29.9,0.3,0.01,74,59,20.9,69.6,8.1,5.0,4.3,15.0,24.1,100.0,65.6,10.0,4.3,23.1,30.5,2,3,06:12 AM,07:45 PM,09:30 PM,08:15 AM,Waxing Gibbous,78
United States,New York,40.71,-74.01,America/New_York,1691605800,2023-08-10 00:00,30.8,87.4,Sunny,14.5,23.3,50,NE,1009.8,29.82,0.0,0.0,37,19,30.8,87.4,10.0,6.2,6.3,19.2,30.9,100.0,90.0,2.0,1.0,5.3,14.5,1,1,06:12 AM,07:45 PM,09:30 PM,08:15 AM,Waxing Gibbous,78
United Kingdom,London,51.51,-0.13,Europe/London,1691605800,2023-08-10 00:00,18.4,65.1,Partly cloudy,16.0,25.7,85,E,1016.2,30.01,0.0,0.0,57,52,19.2,66.6,10.0,6.2,6.3,23.7,38.1,100.0,69.1,4.4,2.8,16.1,31.0,2,2,06:12 AM,07:45 PM,09:30 PM,08:15 AM,Waxing Gibbous,78
Japan,Tokyo,35.68,139.69,Asia/Tokyo,1691605800,2023-08-10 00:00,28.4,83.1,Partly cloudy,13.0,20.9,80,E,1015.9,30.0,0.0,0.0,79,47,30.7,87.3,8.0,5.0,5.3,16.2,26.0,100.0,82.4,5.1,1.3,4.0,8.0,1,1,06:12 AM,07:45 PM,09:30 PM,08:15 AM,Waxing Gibbous,78
France,Paris,48.85,2.35,Europe/Paris,1691605800,2023-08-10 00:00,25.2,77.4,Overcast,4.3,6.9,265,W,1010.4,29.84,0.0,0.0,61,80,27.7,81.9,7.9,4.9,3.6,7.0,11.2,119.7,61.4,9.7,2.2,24.1,38.3,2,3,06:12 AM,07:45 PM,09:30 PM,08:15 AM,Waxing Gibbous,78
India,New Delhi,28.61,77.21,Asia/Kolkata,1691605800,2023-08-10 00:00,39.7,103.5,Sunny,14.9,24.0,334,NNW,1021.7,30.17,0.0,0.0,51,25,40.3,104.5,8.4,5.2,6.9,19.5,31.4,157.1,110.7,9.6,7.9,37.1,63.8,3,4,06:12 AM,07:45 PM,09:30 PM,08:15 AM,Waxing Gibbous,78
Australia,Sydney,-33.87,151.21,Australia/Sydney,1691605800,2023-08-10 00:00,14.8,58.6,Partly cloudy,16.0,25.8,297,WNW,1013.9,29.94,0.0,0.0,64,46,15.9,60.6,8.3,5.2,6.0,20.3,32.7,100.0,53.0,2.0,1.0,4.0,8.0,1,1,06:12 AM,07:45 PM,09:30 PM,08:15 AM,Waxing Gibbous,78
Egypt,Cairo,30.04,31.24,Africa/Cairo,1691605800,2023-08-10 00:00,34.4,93.9,Patchy rain possible,12.5,20.1,208,SSW,1021.4,30.16,3.7,0.15,72,61,36.4,97.5,7.0,4.3,3.5,15.3,24.7,280.9,86.8,25.8,7.9,49.3,72.1,3,5,06:12 AM,07:45 PM,09:30 PM,08:15 AM,Waxing Gibbous,78
Singapore,Singapore,1.35,103.82,Asia/Singapore,1691605800,2023-08-10 00:00,30.5,86.9,Partly cloudy,3.1,5.0,92,E,1014.8,29.97,0.0,0.0,81,43,34.2,93.6,8.0,5.0,5.5,4.7,7.5,112.5,85.3,11.9,1.0,18.3,43.0,2,2,06:12 AM,07:45 PM,09:30 PM,08:15 AM,Waxing Gibbous,78
Brazil,Rio de Janeiro,-22.91,-43.17,America/Sao_Paulo,1691605800,2023-08-10 00:00,19.9,67.8,Heavy rain,17.1,27.5,240,WSW,1008.1,29.77,20.5,0.81,86,91,22.0,71.6,3.8,2.4,2.1,26.3,42.4,100.0,52.1,2.0,1.0,4.0,28.8,1,1,06:12 AM,07:45 PM,09:30 PM,08:15 AM,Waxing Gibbous,78
Canada,Toronto,43.65,-79.38,America/Toronto,1691605800,2023-08-10 00:00,19.7,67.5,Partly cloudy,6.3,10.1,80,E,1023.4,30.22,0.0,0.0,69,63,22.3,72.1,7.4,4.6,4.5,8.3,13.4,100.0,67.2,4.7,1.0,5.8,18.3,1,1,06:12 AM,07:45 PM,09:30 PM,08:15 AM,Waxing Gibbous,78
Germany,Berlin,52.52,13.4,Europe/Berlin,1691605800,2023-08-10 00:00,25.0,77.0,Sunny,6.7,10.8,275,W,1009.9,29.82,0.0,0.0,44,6,26.3,79.3,9.7,6.0,7.2,10.4,16.7,116.6,84.7,6.3,3.3,24.6,39.3,2,3,06:12 AM,07:45 PM,09:30 PM,08:15 AM,Waxing Gibbous,78
United Arab Emirates,Dubai,25.2,55.27,Asia/Dubai,1691605800,2023-08-10 00:00,37.7,99.9,Partly cloudy,17.5,28.2,169,S,1010.2,29.83,0.0,0.0,72,44,39.0,102.2,7.3,4.5,5.9,26.2,42.1,100.0,99.5,2.1,1.0,9.0,8.0,1,1,06:12 AM,07:45 PM,09:30 PM,08:15 AM,Waxing Gibbous,78
India,Mumbai,19.07,72.88,Asia/Kolkata,1691605800,2023-08-10 00:00,26.7,80.1,Partly cloudy,6.4,10.3,8,N,1010.9,29.85,0.0,0.0,85,73,30.1,86.2,8.5,5.3,3.8,8.8,14.1,333.5,77.3,33.3,9.9,66.5,114.1,4,7,06:12 AM,07:45 PM,09:30 PM,08:15 AM,Waxing Gibbous,78
United States,San Francisco,37.77,-122.42,America/Los_Angeles,1691605800,2023-08-10 00:00,20.9,69.6,Partly cloudy,12.0,19.3,32,NNE,1009.1,29.8,0.0,0.0,59,72,22.3,72.1,6.3,3.9,4.1,20.1,32.4,112.9,55.5,2.0,2.8,18.0,29.5,2,2,06:12 AM,07:45 PM,09:30 PM,08:15 AM,Waxing Gibbous,78
South Africa,Cape Town,-33.92,18.42,Africa/Johannesburg,1691605800,2023-08-10 00:00,11.0,51.8,Heavy rain,11.1,17.9,335,NNW,994.4,29.36,18.5,0.73,97,84,14.4,57.9,1.4,0.9,2.9,19.3,31.0,100.0,40.7,6.1,1.0,11.7,10.5,1,2,06:12 AM,07:45 PM,09:30 PM,08:15 AM,Waxing Gibbous,78
South Korea,Seoul,37.56,126.98,Asia/Seoul,1691605800,2023-08-10 00:00,29.1,84.4,Sunny,7.1,11.4,209,SSW,1002.8,29.61,0.0,0.0,50,17,30.7,87.3,9.3,5.8,8.1,12.0,19.3,100.0,106.4,2.0,7.0,10.7,21.9,1,2,06:12 AM,07:45 PM,09:30 PM,08:15 AM,Waxing Gibbous,78
Thailand,Bangkok,13.75,100.5,Asia/Bangkok,1691605800,2023-08-10 00:00,33.5,92.3,Partly cloudy,16.2,26.1,304,NW,1011.4,29.87,0.0,0.0,71,42,35.0,95.0,7.6,4.7,5.4,22.7,36.6,207.7,97.7,13.6,7.0,37.4,69.7,3,4,06:12 AM,07:45 PM,09:30 PM,08:15 AM,Waxing Gibbous,78
Kenya,Nairobi,-1.29,36.82,Africa/Nairobi,1691605800,2023-08-10 00:00,20.5,68.9,Patchy rain possible,12.6,20.3,207,SSW,1012.3,29.89,3.1,0.12,85,96,23.1,73.6,6.4,4.0,2.4,19.6,31.5,100.0,54.8,2.8,1.0,11.7,9.9,1,2,06:12 AM,07:45 PM,09:30 PM,08:15 AM,Waxing Gibbous,78
Sweden,Stockholm,59.33,18.06,Europe/Stockholm,1691605800,2023-08-10 00:00,21.6,70.9,Partly cloudy,6.5,10.5,148,SSE,1016.1,30.01,0.0,0.0,40,31,22.8,73.0,8.4,5.2,6.2,10.3,16.5,100.0,76.6,14.1,4.1,17.8,19.9,2,2,06:12 AM,07:45 PM,09:30 PM,08:15 AM,Waxing Gibbous,78
Argentina,Buenos Aires,-34.6,-58.38,America/Argentina/Buenos_Aires,1691605800,2023-08-10 00:00,15.8,60.4,Patchy rain possible,11.6,18.7,212,SSW,1022.4,30.19,2.8,0.11,78,72,18.2,64.8,8.3,5.2,4.4,20.0,32.2,141.0,52.7,12.2,1.6,17.2,23.3,2,2,06:12 AM,07:45 PM,09:30 PM,08:15 AM,Waxing Gibbous,78
United States,New York,40.71,-74.01,America/New_York,1691692200,2023-08-11 00:00,28.0,82.4,Partly cloudy,4.8,7.8,56,NE,1015.1,29.98,0.0,0.0,58,58,30.3,86.5,8.8,5.5,5.4,6.9,11.1,162.7,83.3,10.2,2.7,24.6,39.0,2,3,06:12 AM,07:45 PM,09:30 PM,08:15 AM,Waxing Gibbous,78
United Kingdom,London,51.51,-0.13,Europe/London,1691692200,2023-08-11 00:00,22.3,72.1,Partly cloudy,4.3,7.0,93,E,1008.3,29.78,0.0,0.0,68,67,25.1,77.2,8.2,5.1,4.9,5.7,9.1,180.4,58.5,14.8,3.0,34.2,46.4,2,4,06:12 AM,07:45 PM,09:30 PM,08:15 AM,Waxing Gibbous,78
Japan,Tokyo,35.68,139.69,Asia/Tokyo,1691692200,2023-08-11 00:00,29.8,85.6,Partly cloudy,2.5,4.1,352,N,1014.5,29.96,0.0,0.0,64,45,32.7,90.9,8.3,5.2,4.8,3.9,6.3,100.0,82.7,5.3,1.5,10.5,12.6,1,2,06:12 AM,07:45 PM,09:30 PM,08:15 AM,Waxing Gibbous,78
France,Paris,48.85,2.35,Europe/Paris,1691692200,2023-08-11 00:00,26.4,79.5,Partly cloudy,14.5,23.4,152,SSE,1031.0,30.45,0.0,0.0,45,45,26.8,80.2,10.0,6.2,5.4,23.1,37.2,100.0,81.0,3.6,1.0,8.6,23.0,1,1,06:12 AM,07:45 PM,09:30 PM,08:15 AM,Waxing Gibbous,78
India,New Delhi,28.61,77.21,Asia/Kolkata,1691692200,2023-08-11 00:00,35.8,96.4,Partly cloudy,7.6,12.2,219,SW,1015.0,29.97,0.0,0.0,66,60,38.1,100.6,10.0,6.2,4.2,9.8,15.8,357.3,97.1,30.3,8.4,68.5,97.3,4,7,06:12 AM,07:45 PM,09:30 PM,08:15 AM,Waxing Gibbous,78
Australia,Sydney,-33.87,151.21,Australia/Sydney,1691692200,2023-08-11 00:00,13.8,56.8,Partly cloudy,6.2,10.0,35,NE,1020.7,30.14,0.0,0.0,67,66,16.4,61.5,7.4,4.6,3.5,8.4,13.5,100.0,41.8,11.8,4.7,21.7,37.0,2,3,06:12 AM,07:45 PM,09:30 PM,08:15 AM,Waxing Gibbous,78
Egypt,Cairo,30.04,31.24,Africa/Cairo,1691692200,2023-08-11 00:00,37.8,100.0,Sunny,8.3,13.3,269,W,1014.0,29.94,0.0,0.0,46,23,39.0,102.2,6.9,4.3,6.9,13.9,22.4,345.5,105.7,31.4,7.7,64.3,115.3,4,7,06:12 AM,07:45 PM,09:30 PM,08:15 AM,Waxing Gibbous,78
Singapore,Singapore,1.35,103.82,Asia/Singapore,1691692200,2023-08-11 00:00,32.3,90.1,Sunny,1.8,2.9,335,NNW,1005.6,29.7,0.0,0.0,50,28,34.6,94.3,9.8,6.1,6.8,3.0,4.9,100.0,106.0,7.8,3.5,19.0,42.2,2,2,06:12 AM,07:45 PM,09:30 PM,08:15 AM,Waxing Gibbous,78
Brazil,Rio de Janeiro,-22.91,-43.17,America/Sao_Paulo,1691692200,2023-08-11 00:00,22.1,71.8,Overcast,7.6,12.3,305,NW,1015.6,29.99,0.0,0.0,68,81,24.5,76.1,6.6,4.1,2.5,13.7,22.1,135.0,61.2,13.1,2.7,25.0,52.6,2,3,06:12 AM,07:45 PM,09:30 PM,08:15 AM,Waxing Gibbous,78
Canada,Toronto,43.65,-79.38,America/Toronto,1691692200,2023-08-11 00:00,23.5,74.3,Partly cloudy,6.1,9.8,108,ESE,1012.3,29.89,0.0,0.0,55,55,25.5,77.9,7.3,4.5,5.2,10.1,16.3,100.0,75.6,6.3,1.0,8.1,8.0,1,1,06:12 AM,07:45 PM,09:30 PM,08:15 AM,Waxing Gibbous,78
Germany,Berlin,52.52,13.4,Europe/Berlin,1691692200,2023-08-11 00:00,21.2,70.2,Partly cloudy,5.8,9.4,59,ENE,1019.7,30.11,0.0,0.0,54,46,23.1,73.6,9.4,5.8,5.3,9.3,15.0,100.0,65.7,3.7,1.0,4.0,8.0,1,1,06:12 AM,07:45 PM,09:30 PM,08:15 AM,Waxing Gibbous,78
United Arab Emirates,Dubai,25.2,55.27,Asia/Dubai,1691692200,2023-08-11 00:00,37.0,98.6,Partly cloudy,2.5,4.0,204,SSW,1011.3,29.86,0.0,0.0,65,57,39.9,103.8,6.5,4.0,5.0,3.9,6.2,159.0,104.7,12.5,1.3,29.4,60.8,2,3,06:12 AM,07:45 PM,09:30 PM,08:15 AM,Waxing Gibbous,78
India,Mumbai,19.07,72.88,Asia/Kolkata,1691692200,2023-08-11 00:00,32.5,90.5,Partly cloudy,8.3,13.3,203,SSW,1011.8,29.88,0.0,0.0,48,57,33.8,92.8,8.6,5.3,3.3,10.1,16.3,260.8,75.7,25.9,7.9,53.7,95.6,3,6,06:12 AM,07:45 PM,09:30 PM,08:15 AM,Waxing Gibbous,78
United States,San Francisco,37.77,-122.42,America/Los_Angeles,1691692200,2023-08-11 00:00,15.8,60.4,Partly cloudy,3.1,5.0,197,SSW,1016.5,30.02,0.0,0.0,82,64,19.5,67.1,8.4,5.2,4.2,4.3,7.0,100.0,43.7,8.6,4.0,18.2,21.6,2,2,06:12 AM,07:45 PM,09:30 PM,08:15 AM,Waxing Gibbous,78
South Africa,Cape Town,-33.92,18.42,Africa/Johannesburg,1691692200,2023-08-11 00:00,12.4,54.3,Overcast,13.8,22.2,119,ESE,1013.1,29.92,0.0,0.0,86,100,14.9,58.8,7.9,4.9,1.9,20.1,32.3,134.7,38.2,8.3,2.1,16.7,15.4,2,2,06:12 AM,07:45 PM,09:30 PM,08:15 AM,Waxing Gibbous,78
South Korea,Seoul,37.56,126.98,Asia/Seoul,1691692200,2023-08-11 00:00,27.6,81.7,Partly cloudy,18.0,29.0,286,WNW,1017.7,30.05,0.0,0.0,52,59,27.9,82.2,10.0,6.2,3.8,22.3,35.9,100.0,80.8,2.0,1.0,4.0,8.0,1,1,06:12 AM,07:45 PM,09:30 PM,08:15 AM,Waxing Gibbous,78
Thailand,Bangkok,13.75,100.5,Asia/Bangkok,1691692200,2023-08-11 00:00,33.3,91.9,Partly cloudy,7.9,12.7,105,ESE,1020.5,30.14,0.0,0.0,60,46,35.3,95.5,10.0,6.2,4.4,11.4,18.3,266.4,94.1,16.8,5.1,44.3,53.4,3,5,06:12 AM,07:45 PM,09:30 PM,08:15 AM,Waxing Gibbous,78
Kenya,Nairobi,-1.29,36.82,Africa/Nairobi,1691692200,2023-08-11 00:00,18.5,65.3,Moderate rain,6.4,10.3,117,ESE,1001.5,29.57,12.5,0.49,79,78,21.6,70.9,4.5,2.8,3.2,11.4,18.3,100.0,60.4,2.0,1.5,12.2,12.9,2,2,06:12 AM,07:45 PM,09:30 PM,08:15 AM,Waxing Gibbous,78
Sweden,Stockholm,59.33,18.06,Europe/Stockholm,1691692200,2023-08-11 00:00,21.0,69.8,Patchy rain possible,13.2,21.3,229,SW,1009.4,29.81,0.4,0.02,60,40,22.3,72.1,8.4,5.2,6.4,18.8,30.3,100.0,74.8,2.5,1.0,4.0,16.7,1,1,06:12 AM,07:45 PM,09:30 PM,08:15 AM,Waxing Gibbous,78
Argentina,Buenos Aires,-34.6,-58.38,America/Argentina/Buenos_Aires,1691692200,2023-08-11 00:00,13.8,56.8,Patchy rain possible,10.8,17.4,296,WNW,1014.5,29.96,3.6,0.14,85,100,16.7,62.1,6.0,3.7,2.2,17.3,27.8,100.0,44.2,2.0,2.4,6.4,16.9,1,1,06:12 AM,07:45 PM,09:30 PM,08:15 AM,Waxing Gibbous,78
United States,New York,40.71,-74.01,America/New_York,1691778600,2023-08-12 00:00,27.2,81.0,Partly cloudy,7.4,11.9,345,NNW,1024.0,30.24,0.0,0.0,49,45,28.7,83.7,9.8,6.1,6.0,10.1,16.2,100.0,84.0,8.4,3.5,23.4,53.9,2,3,06:12 AM,07:45 PM,09:30 PM,08:15 AM,Waxing Gibbous,78
United Kingdom,London,51.51,-0.13,Europe/London,1691778600,2023-08-12 00:00,23.5,74.3,Partly cloudy,8.5,13.7,148,SSE,1012.3,29.89,0.0,0.0,59,44,25.4,77.7,9.3,5.8,5.6,13.9,22.3,100.0,79.3,2.1,1.0,16.9,18.7,2,2,06:12 AM,07:45 PM,09:30 PM,08:15 AM,Waxing Gibbous,78
Japan,Tokyo,35.68,139.69,Asia/Tokyo,1691778600,2023-08-12 00:00,33.9,93.0,Partly cloudy,7.8,12.6,142,SE,1023.1,30.21,0.0,0.0,55,60,35.6,96.1,8.3,5.2,4.6,13.9,22.3,100.0,91.8,2.0,3.6,12.7,8.0,2,2,06:12 AM,07:45 PM,09:30 PM,08:15 AM,Waxing Gibbous,78
France,Paris,48.85,2.35,Europe/Paris,1691778600,2023-08-12 00:00,24.3,75.7,Partly cloudy,6.4,10.3,131,SE,1014.5,29.96,0.0,0.0,53,68,26.1,79.0,10.0,6.2,5.1,7.8,12.6,100.0,71.7,2.0,1.5,6.4,12.6,1,1,06:12 AM,07:45 PM,09:30 PM,08:15 AM,Waxing Gibbous,78
India,New Delhi,28.61,77.21,Asia/Kolkata,1691778600,2023-08-12 00:00,34.3,93.7,Sunny,7.1,11.5,261,W,1019.0,30.09,0.0,0.0,46,16,35.7,96.3,8.7,5.4,8.0,8.6,13.8,324.1,101.0,27.9,11.6,61.2,97.3,4,7,06:12 AM,07:45 PM,09:30 PM,08:15 AM,Waxing Gibbous,78
Australia,Sydney,-33.87,151.21,Australia/Sydney,1691778600,2023-08-12 00:00,15.6,60.1,Patchy rain possible,8.9,14.4,200,SSW,1010.0,29.83,2.6,0.1,82,86,18.5,65.3,8.3,5.2,3.9,14.5,23.4,100.0,48.6,2.1,2.2,7.1,8.0,1,1,06:12 AM,07:45 PM,09:30 PM,08:15 AM,Waxing Gibbous,78
Egypt,Cairo,30.04,31.24,Africa/Cairo,1691778600,2023-08-12 00:00,38.4,101.1,Partly cloudy,14.0,22.6,76,ENE,1005.0,29.68,0.0,0.0,63,73,39.7,103.5,9.1,5.7,4.1,24.7,39.7,136.1,92.7,19.0,3.5,31.7,42.8,2,4,06:12 AM,07:45 PM,09:30 PM,08:15 AM,Waxing Gibbous,78
Singapore,Singapore,1.35,103.82,Asia/Singapore,1691778600,2023-08-12 00:00,29.6,85.3,Partly cloudy,14.4,23.2,255,WSW,1006.5,29.72,0.0,0.0,61,62,30.8,87.4,8.8,5.5,4.5,22.7,36.6,100.0,77.5,2.0,3.3,4.0,8.0,1,1,06:12 AM,07:45 PM,09:30 PM,08:15 AM,Waxing Gibbous,78
Brazil,Rio de Janeiro,-22.91,-43.17,America/Sao_Paulo,1691778600,2023-08-12 00:00,23.5,74.3,Patchy rain possible,7.2,11.6,209,SSW,1022.9,30.21,2.0,0.08,68,62,26.0,78.8,8.7,5.4,4.8,8.9,14.3,100.0,78.2,2.0,1.1,4.0,9.4,1,1,06:12 AM,07:45 PM,09:30 PM,08:15 AM,Waxing Gibbous,78
Canada,Toronto,43.65,-79.38,America/Toronto,1691778600,2023-08-12 00:00,25.5,77.9,Partly cloudy,4.2,6.8,149,SSE,1017.5,30.05,0.0,0.0,71,62,28.5,83.3,7.5,4.7,4.7,5.2,8.4,100.0,78.4,2.0,1.0,5.4,8.0,1,1,06:12 AM,07:45 PM,09:30 PM,08:15 AM,Waxing Gibbous,78
Germany,Berlin,52.52,13.4,Europe/Berlin,1691778600,2023-08-12 00:00,22.9,73.2,Partly cloudy,10.4,16.8,277,W,1010.6,29.84,0.0,0.0,45,32,23.8,74.8,8.3,5.2,5.7,15.1,24.3,106.1,74.1,12.4,4.4,21.3,29.2,2,3,06:12 AM,07:45 PM,09:30 PM,08:15 AM,Waxing Gibbous,78
United Arab Emirates,Dubai,25.2,55.27,Asia/Dubai,1691778600,2023-08-12 00:00,42.8,109.0,Partly cloudy,17.0,27.3,234,SW,1006.1,29.71,0.0,0.0,57,40,43.5,110.3,8.9,5.5,5.2,27.4,44.1,100.0,113.4,12.2,1.7,16.3,17.4,2,2,06:12 AM,07:45 PM,09:30 PM,08:15 AM,Waxing Gibbous,78
India,Mumbai,19.07,72.88,Asia/Kolkata,1691778600,2023-08-12 00:00,28.8,83.8,Partly cloudy,3.7,5.9,285,WNW,1014.7,29.96,0.0,0.0,76,62,32.1,89.8,7.9,4.9,4.9,5.6,9.0,299.7,82.9,23.8,9.1,60.4,84.1,4,7,06:12 AM,07:45 PM,09:30 PM,08:15 AM,Waxing Gibbous,78
United States,San Francisco,37.77,-122.42,America/Los_Angeles,1691778600,2023-08-12 00:00,21.9,71.4,Sunny,5.8,9.4,224,SW,1007.7,29.76,0.0,0.0,53,20,23.8,74.8,8.1,5.0,7.0,7.8,12.6,105.8,73.2,13.8,1.0,23.4,44.5,2,3,06:12 AM,07:45 PM,09:30 PM,08:15 AM,Waxing Gibbous,78
South Africa,Cape Town,-33.92,18.42,Africa/Johannesburg,1691778600,2023-08-12 00:00,15.1,59.2,Patchy rain possible,11.2,18.0,38,NE,1010.6,29.84,2.5,0.1,79,77,17.6,63.7,7.5,4.7,3.8,18.9,30.4,104.7,53.6,6.8,1.8,20.9,39.0,2,3,06:12 AM,07:45 PM,09:30 PM,08:15 AM,Waxing Gibbous,78
South Korea,Seoul,37.56,126.98,Asia/Seoul,1691778600,2023-08-12 00:00,32.4,90.3,Partly cloudy,11.9,19.2,12,NNE,1021.4,30.16,0.0,0.0,44,32,33.1,91.6,8.3,5.2,5.9,16.7,26.8,100.0,99.6,5.4,3.4,4.0,8.0,1,1,06:12 AM,07:45 PM,09:30 PM,08:15 AM,Waxing Gibbous,78
Thailand,Bangkok,13.75,100.5,Asia/Bangkok,1691778600,2023-08-12 00:00,36.8,98.2,Patchy rain possible,14.1,22.7,355,N,1008.2,29.77,1.1,0.04,65,59,38.2,100.8,8.9,5.5,4.0,22.1,35.5,180.1,96.9,23.2,6.0,39.5,48.3,3,4,06:12 AM,07:45 PM,09:30 PM,08:15 AM,Waxing Gibbous,78
Kenya,Nairobi,-1.29,36.82,Africa/Nairobi,1691778600,2023-08-12 00:00,18.8,65.8,Overcast,8.9,14.4,95,E,1013.2,29.92,0.0,0.0,71,78,21.2,70.2,9.2,5.7,3.0,14.5,23.4,115.5,51.8,8.8,4.8,20.8,36.0,2,3,06:12 AM,07:45 PM,09:30 PM,08:15 AM,Waxing Gibbous,78
Sweden,Stockholm,59.33,18.06,Europe/Stockholm,1691778600,2023-08-12 00:00,19.2,66.6,Partly cloudy,2.7,4.4,102,ESE,1009.1,29.8,0.0,0.0,52,48,21.4,70.5,8.7,5.4,5.7,3.7,6.0,100.0,69.0,8.1,3.7,15.7,18.4,2,2,06:12 AM,07:45 PM,09:30 PM,08:15 AM,Waxing Gibbous,78
Argentina,Buenos Aires,-34.6,-58.38,America/Argentina/Buenos_Aires,1691778600,2023-08-12 00:00,14.4,57.9,Patchy rain possible,18.4,29.6,276,W,1015.8,30.0,0.1,0.0,88,74,16.4,61.5,7.7,4.8,3.2,29.4,47.3,100.0,43.1,2.0,1.9,8.6,8.0,1,1,06:12 AM,07:45 PM,09:30 PM,08:15 AM,Waxing Gibbous,78
United States,New York,40.71,-74.01,America/New_York,1691865000,2023-08-13 00:00,30.0,86.0,Sunny,4.3,6.9,140,SE,1002.0,29.59,0.0,0.0,45,20,31.7,89.1,7.3,4.5,6.9,6.6,10.6,100.0,84.7,15.8,3.9,22.8,43.1,2,3,06:12 AM,07:45 PM,09:30 PM,08:15 AM,Waxing Gibbous,78
United Kingdom,London,51.51,-0.13,Europe/London,1691865000,2023-08-13 00:00,24.6,76.3,Sunny,11.7,18.8,268,W,1012.5,29.9,0.0,0.0,45,26,25.3,77.5,8.3,5.2,6.1,17.7,28.5,100.0,79.4,2.0,1.0,11.1,11.2,1,2,06:12 AM,07:45 PM,09:30 PM,08:15 AM,Waxing Gibbous,78
Japan,Tokyo,35.68,139.69,Asia/Tokyo,1691865000,2023-08-13 00:00,32.0,89.6,Partly cloudy,6.4,10.3,12,NNE,1013.3,29.92,0.0,0.0,62,59,34.3,93.7,7.2,4.5,4.4,10.7,17.3,132.6,94.5,9.4,3.7,26.3,30.6,2,3,06:12 AM,07:45 PM,09:30 PM,08:15 AM,Waxing Gibbous,78
France,Paris,48.85,2.35,Europe/Paris,1691865000,2023-08-13 00:00,27.3,81.1,Partly cloudy,8.0,12.8,297,WNW,1020.9,30.15,0.0,0.0,55,55,29.0,84.2,8.7,5.4,4.0,11.1,17.9,100.0,70.7,16.4,2.2,14.9,42.3,2,2,06:12 AM,07:45 PM,09:30 PM,08:15 AM,Waxing Gibbous,78
India,New Delhi,28.61,77.21,Asia/Kolkata,1691865000,2023-08-13 00:00,38.8,101.8,Sunny,19.4,31.3,96,E,1003.3,29.63,0.0,0.0,41,0,38.3,100.9,9.6,6.0,8.1,32.0,51.5,213.3,120.0,17.3,2.8,34.9,56.2,2,4,06:12 AM,07:45 PM,09:30 PM,08:15 AM,Waxing Gibbous,78
Australia,Sydney,-33.87,151.21,Australia/Sydney,1691865000,2023-08-13 00:00,10.9,51.6,Moderate rain,29.1,46.9,268,W,1011.6,29.87,4.1,0.16,98,89,12.0,53.6,5.7,3.5,2.1,47.2,76.0,100.0,38.4,2.0,1.8,4.0,12.2,1,1,06:12 AM,07:45 PM,09:30 PM,08:15 AM,Waxing Gibbous,78
Egypt,Cairo,30.04,31.24,Africa/Cairo,1691865000,2023-08-13 00:00,36.7,98.1,Partly cloudy,7.3,11.7,43,NE,1009.0,29.8,0.0,0.0,54,52,38.5,101.3,9.8,6.1,4.7,11.2,18.1,266.2,82.7,19.9,9.9,45.3,64.0,3,5,06:12 AM,07:45 PM,09:30 PM,08:15 AM,Waxing Gibbous,78
Singapore,Singapore,1.35,103.82,Asia/Singapore,1691865000,2023-08-13 00:00,34.6,94.3,Partly cloudy,16.3,26.2,105,ESE,1011.7,29.88,0.0,0.0,43,52,34.7,94.5,7.3,4.5,5.1,26.3,42.3,100.0,95.4,6.2,2.5,10.0,9.9,1,2,06:12 AM,07:45 PM,09:30 PM,08:15 AM,Waxing Gibbous,78
Brazil,Rio de Janeiro,-22.91,-43.17,America/Sao_Paulo,1691865000,2023-08-13 00:00,21.4,70.5,Partly cloudy,1.6,2.5,108,ESE,1018.3,30.07,0.0,0.0,68,51,24.6,76.3,9.5,5.9,6.0,2.4,3.8,100.0,65.6,6.2,3.6,19.2,44.7,2,2,06:12 AM,07:45 PM,09:30 PM,08:15 AM,Waxing Gibbous,78
Canada,Toronto,43.65,-79.38,America/Toronto,1691865000,2023-08-13 00:00,25.8,78.4,Partly cloudy,18.5,29.7,140,SE,1006.7,29.73,0.0,0.0,63,70,26.6,79.9,9.2,5.7,3.9,24.3,39.1,100.0,72.1,12.6,2.8,8.0,18.9,1,1,06:12 AM,07:45 PM,09:30 PM,08:15 AM,Waxing Gibbous,78
Germany,Berlin,52.52,13.4,Europe/Berlin,1691865000,2023-08-13 00:00,23.4,74.1,Partly cloudy,8.8,14.2,85,E,1020.0,30.12,0.0,0.0,60,48,25.3,77.5,8.6,5.3,4.8,15.3,24.7,132.8,74.0,9.4,2.3,24.9,42.7,2,3,06:12 AM,07:45 PM,09:30 PM,08:15 AM,Waxing Gibbous,78
United Arab Emirates,Dubai,25.2,55.27,Asia/Dubai,1691865000,2023-08-13 00:00,49.5,121.1,Sunny,5.0,8.0,162,SSE,1018.7,30.08,0.0,0.0,47,29,51.2,124.2,7.5,4.7,5.7,8.4,13.5,100.0,134.0,7.7,1.5,15.3,29.5,2,2,06:12 AM,07:45 PM,09:30 PM,08:15 AM,Waxing Gibbous,78
India,Mumbai,19.07,72.88,Asia/Kolkata,1691865000,2023-08-13 00:00,31.3,88.3,Partly cloudy,2.2,3.5,99,E,1007.6,29.75,0.0,0.0,67,60,34.4,93.9,10.0,6.2,3.9,3.9,6.2,357.4,82.4,38.0,10.9,71.0,115.5,4,8,06:12 AM,07:45 PM,09:30 PM,08:15 AM,Waxing Gibbous,78
United States,San Francisco,37.77,-122.42,America/Los_Angeles,1691865000,2023-08-13 00:00,19.9,67.8,Partly cloudy,17.7,28.5,297,WNW,1010.1,29.83,0.0,0.0,68,33,21.0,69.8,8.7,5.4,5.7,24.4,39.2,100.0,64.0,8.0,1.0,12.3,14.8,2,2,06:12 AM,07:45 PM,09:30 PM,08:15 AM,Waxing Gibbous,78
South Africa,Cape Town,-33.92,18.42,Africa/Johannesburg,1691865000,2023-08-13 00:00,11.7,53.1,Partly cloudy,13.1,21.1,350,N,1009.8,29.82,0.0,0.0,65,66,13.3,55.9,7.6,4.7,4.3,23.2,37.4,111.5,42.1,8.9,2.4,16.6,24.7,2,2,06:12 AM,07:45 PM,09:30 PM,08:15 AM,Waxing Gibbous,78
South Korea,Seoul,37.56,126.98,Asia/Seoul,1691865000,2023-08-13 00:00,28.4,83.1,Partly cloudy,4.5,7.3,218,SW,1010.6,29.84,0.0,0.0,69,58,31.3,88.3,8.7,5.4,4.1,5.7,9.1,100.0,73.4,2.0,1.4,7.2,10.7,1,1,06:12 AM,07:45 PM,09:30 PM,08:15 AM,Waxing Gibbous,78
Thailand,Bangkok,13.75,100.5,Asia/Bangkok,1691865000,2023-08-13 00:00,33.7,92.7,Overcast,5.1,8.2,125,SE,1008.1,29.77,0.0,0.0,72,100,36.6,97.9,8.5,5.3,1.7,6.8,10.9,241.8,79.9,26.6,11.0,53.1,80.6,3,6,06:12 AM,07:45 PM,09:30 PM,08:15 AM,Waxing Gibbous,78
Kenya,Nairobi,-1.29,36.82,Africa/Nairobi,1691865000,2023-08-13 00:00,20.2,68.4,Overcast,1.7,2.8,139,SE,1014.9,29.97,0.0,0.0,75,80,23.7,74.7,7.3,4.5,3.6,2.9,4.6,129.2,66.3,14.3,1.7,23.5,30.2,2,3,06:12 AM,07:45 PM,09:30 PM,08:15 AM,Waxing Gibbous,78
Sweden,Stockholm,59.33,18.06,Europe/Stockholm,1691865000,2023-08-13 00:00,16.2,61.2,Partly cloudy,6.8,10.9,193,SSW,1016.0,30.0,0.0,0.0,72,57,18.9,66.0,7.9,4.9,4.3,11.4,18.3,100.0,50.6,5.2,1.0,9.3,13.5,1,1,06:12 AM,07:45 PM,09:30 PM,08:15 AM,Waxing Gibbous,78
Argentina,Buenos Aires,-34.6,-58.38,America/Argentina/Buenos_Aires,1691865000,2023-08-13 00:00,20.9,69.6,Partly cloudy,4.4,7.1,181,S,1016.4,30.01,0.0,0.0,62,66,23.4,74.1,8.4,5.2,3.1,6.6,10.6,100.0,64.7,2.0,1.0,4.0,10.3,1,1,06:12 AM,07:45 PM,09:30 PM,08:15 AM,Waxing Gibbous,78
United States,New York,40.71,-74.01,America/New_York,1691951400,2023-08-14 00:00,22.7,72.9,Partly cloudy,6.6,10.6,190,S,1013.7,29.93,0.0,0.0,64,52,25.1,77.2,10.0,6.2,4.8,10.1,16.3,100.0,74.8,2.0,1.0,4.0,8.0,1,1,06:12 AM,07:45 PM,09:30 PM,08:15 AM,Waxing Gibbous,78
United Kingdom,London,51.51,-0.13,Europe/London,1691951400,2023-08-14 00:00,21.1,70.0,Patchy rain possible,18.4,29.6,246,WSW,1007.8,29.76,1.3,0.05,61,47,21.8,71.2,8.6,5.3,5.8,22.1,35.6,100.0,66.7,2.7,1.3,4.0,11.0,1,1,06:12 AM,07:45 PM,09:30 PM,08:15 AM,Waxing Gibbous,78
Japan,Tokyo,35.68,139.69,Asia/Tokyo,1691951400,2023-08-14 00:00,32.6,90.7,Partly cloudy,8.5,13.7,325,NW,1006.7,29.73,0.0,0.0,53,32,34.2,93.6,9.8,6.1,6.0,14.4,23.1,102.5,90.7,10.9,1.0,21.0,44.2,2,3,06:12 AM,07:45 PM,09:30 PM,08:15 AM,Waxing Gibbous,78
France,Paris,48.85,2.35,Europe/Paris,1691951400,2023-08-14 00:00,26.0,78.8,Sunny,1.9,3.1,346,NNW,1013.3,29.92,0.0,0.0,56,28,28.6,83.5,8.0,5.0,5.9,2.6,4.2,100.0,85.9,2.0,3.2,17.1,35.9,2,2,06:12 AM,07:45 PM,09:30 PM,08:15 AM,Waxing Gibbous,78
India,New Delhi,28.61,77.21,Asia/Kolkata,1691951400,2023-08-14 00:00,33.6,92.5,Partly cloudy,3.2,5.1,238,WSW,1013.6,29.93,0.0,0.0,58,51,36.1,97.0,9.8,6.1,4.6,4.5,7.3,298.8,91.8,23.0,11.3,52.7,79.7,3,6,06:12 AM,07:45 PM,09:30 PM,08:15 AM,Waxing Gibbous,78
Australia,Sydney,-33.87,151.21,Australia/Sydney,1691951400,2023-08-14 00:00,13.7,56.7,Patchy rain possible,8.3,13.4,116,ESE,1011.8,29.88,0.4,0.02,88,93,17.0,62.6,8.1,5.0,2.2,12.6,20.2,106.2,42.0,12.3,5.7,20.7,20.9,2,3,06:12 AM,07:45 PM,09:30 PM,08:15 AM,Waxing Gibbous,78
Egypt,Cairo,30.04,31.24,Africa/Cairo,1691951400,2023-08-14 00:00,36.4,97.5,Partly cloudy,4.8,7.7,172,S,1018.9,30.09,0.0,0.0,61,65,38.8,101.8,7.7,4.8,4.9,6.5,10.4,300.2,96.0,27.2,9.2,60.4,99.3,4,7,06:12 AM,07:45 PM,09:30 PM,08:15 AM,Waxing Gibbous,78
Singapore,Singapore,1.35,103.82,Asia/Singapore,1691951400,2023-08-14 00:00,30.8,87.4,Partly cloudy,11.8,19.0,335,NNW,1020.2,30.13,0.0,0.0,74,47,33.0,91.4,10.0,6.2,4.7,20.8,33.5,100.0,89.2,2.4,2.4,12.5,31.8,2,2,06:12 AM,07:45 PM,09:30 PM,08:15 AM,Waxing Gibbous,78
Brazil,Rio de Janeiro,-22.91,-43.17,America/Sao_Paulo,1691951400,2023-08-14 00:00,22.6,72.7,Moderate rain,9.8,15.8,107,ESE,1016.1,30.01,7.2,0.28,78,64,25.2,77.4,7.9,4.9,4.3,17.2,27.7,100.0,64.2,2.0,1.0,7.1,14.6,1,1,06:12 AM,07:45 PM,09:30 PM,08:15 AM,Waxing Gibbous,78
Canada,Toronto,43.65,-79.38,America/Toronto,1691951400,2023-08-14 00:00,15.2,59.4,Overcast,1.5,2.4,297,WNW,1016.2,30.01,0.0,0.0,74,88,18.7,65.7,8.7,5.4,2.1,2.5,4.1,102.1,45.1,11.7,1.0,20.0,43.8,2,3,06:12 AM,07:45 PM,09:30 PM,08:15 AM,Waxing Gibbous,78
Germany,Berlin,52.52,13.4,Europe/Berlin,1691951400,2023-08-14 00:00,26.9,80.4,Partly cloudy,17.4,28.0,115,ESE,1016.9,30.03,0.0,0.0,34,39,26.4,79.5,9.0,5.6,6.6,22.1,35.5,100.0,84.6,3.9,3.0,11.1,8.7,1,2,06:12 AM,07:45 PM,09:30 PM,08:15 AM,Waxing Gibbous,78
United Arab Emirates,Dubai,25.2,55.27,Asia/Dubai,1691951400,2023-08-14 00:00,37.7,99.9,Partly cloudy,4.3,7.0,173,S,1012.2,29.89,0.0,0.0,57,53,40.0,104.0,9.5,5.9,5.3,5.9,9.5,159.8,101.0,2.7,2.2,23.4,47.3,2,3,06:12 AM,07:45 PM,09:30 PM,08:15 AM,Waxing Gibbous,78
India,Mumbai,19.07,72.88,Asia/Kolkata,1691951400,2023-08-14 00:00,34.2,93.6,Partly cloudy,9.4,15.2,270,W,1010.3,29.83,0.0,0.0,58,73,35.9,96.6,10.0,6.2,4.9,15.5,24.9,316.1,83.8,29.6,13.3,56.8,95.5,4,6,06:12 AM,07:45 PM,09:30 PM,08:15 AM,Waxing Gibbous,78
United States,San Francisco,37.77,-122.42,America/Los_Angeles,1691951400,2023-08-14 00:00,16.7,62.1,Patchy rain possible,11.9,19.2,284,WNW,1007.6,29.75,3.4,0.13,77,79,19.0,66.2,8.8,5.5,3.2,18.1,29.2,100.0,54.2,2.0,1.0,4.0,8.0,1,1,06:12 AM,07:45 PM,09:30 PM,08:15 AM,Waxing Gibbous,78
South Africa,Cape Town,-33.92,18.42,Africa/Johannesburg,1691951400,2023-08-14 00:00,14.8,58.6,Partly cloudy,5.2,8.4,203,SSW,1008.5,29.78,0.0,0.0,69,42,17.6,63.7,10.0,6.2,5.2,8.0,12.9,100.0,48.8,3.6,5.5,7.3,10.3,1,1,06:12 AM,07:45 PM,09:30 PM,08:15 AM,Waxing Gibbous,78
South Korea,Seoul,37.56,126.98,Asia/Seoul,1691951400,2023-08-14 00:00,29.9,85.8,Partly cloudy,5.2,8.3,8,N,1001.5,29.57,0.0,0.0,65,65,32.5,90.5,8.5,5.3,4.1,8.2,13.2,108.6,91.1,8.2,3.1,19.9,50.6,2,2,06:12 AM,07:45 PM,09:30 PM,08:15 AM,Waxing Gibbous,78
Thailand,Bangkok,13.75,100.5,Asia/Bangkok,1691951400,2023-08-14 00:00,30.4,86.7,Partly cloudy,4.0,6.4,335,NNW,1018.1,30.06,0.0,0.0,65,44,33.1,91.6,8.6,5.3,5.1,5.7,9.2,303.6,95.2,31.3,10.7,58.7,98.6,4,6,06:12 AM,07:45 PM,09:30 PM,08:15 AM,Waxing Gibbous,78
Kenya,Nairobi,-1.29,36.82,Africa/Nairobi,1691951400,2023-08-14 00:00,19.9,67.8,Partly cloudy,8.8,14.2,144,SE,1016.0,30.0,0.0,0.0,77,64,22.6,72.7,6.7,4.2,4.6,15.0,24.2,111.8,70.8,5.5,2.0,20.1,41.6,2,3,06:12 AM,07:45 PM,09:30 PM,08:15 AM,Waxing Gibbous,78
Sweden,Stockholm,59.33,18.06,Europe/Stockholm,1691951400,2023-08-14 00:00,19.3,66.7,Partly cloudy,3.0,4.8,132,SE,1016.5,30.02,0.0,0.0,65,48,22.2,72.0,8.7,5.4,4.9,4.0,6.4,100.0,60.2,6.2,2.9,16.0,17.7,2,2,06:12 AM,07:45 PM,09:30 PM,08:15 AM,Waxing Gibbous,78
Argentina,Buenos Aires,-34.6,-58.38,America/Argentina/Buenos_Aires,1691951400,2023-08-14 00:00,17.2,63.0,Patchy rain possible,13.4,21.6,126,SE,1017.7,30.05,3.0,0.12,97,89,20.3,68.5,7.7,4.8,2.1,17.7,28.5,156.5,43.7,13.4,5.2,25.5,49.0,2,3,06:12 AM,07:45 PM,09:30 PM,08:15 AM,Waxing Gibbous,78
United States,New York,40.71,-74.01,America/New_York,1692037800,2023-08-15 00:00,26.9,80.4,Moderate rain,17.0,27.3,218,SW,1004.6,29.67,8.6,0.34,64,71,27.9,82.2,7.2,4.5,4.3,27.6,44.4,100.0,67.6,4.3,1.8,4.0,21.5,1,1,06:12 AM,07:45 PM,09:30 PM,08:15 AM,Waxing Gibbous,78
United Kingdom,London,51.51,-0.13,Europe/London,1692037800,2023-08-15 00:00,31.1,88.0,Partly cloudy,6.9,11.1,208,SSW,1013.7,29.93,0.0,0.0,24,39,31.4,88.5,10.0,6.2,5.9,11.4,18.4,100.0,100.8,8.9,1.8,4.6,8.0,1,1,06:12 AM,07:45 PM,09:30 PM,08:15 AM,Waxing Gibbous,78
Japan,Tokyo,35.68,139.69,Asia/Tokyo,1692037800,2023-08-15 00:00,29.3,84.7,Sunny,7.0,11.3,28,NNE,1032.5,30.49,0.0,0.0,70,30,31.9,89.4,7.7,4.8,6.5,11.7,18.9,108.1,79.3,2.0,1.0,17.8,23.3,2,2,06:12 AM,07:45 PM,09:30 PM,08:15 AM,Waxing Gibbous,78
France,Paris,48.85,2.35,Europe/Paris,1692037800,2023-08-15 00:00,25.5,77.9,Partly cloudy,4.3,7.0,71,ENE,1006.1,29.71,0.0,0.0,65,53,28.2,82.8,8.2,5.1,4.5,5.8,9.4,100.0,74.3,7.0,1.0,21.9,33.8,2,3,06:12 AM,07:45 PM,09:30 PM,08:15 AM,Waxing Gibbous,78
India,New Delhi,28.61,77.21,Asia/Kolkata,1692037800,2023-08-15 00:00,34.0,93.2,Partly cloudy,6.2,9.9,347,NNW,1013.8,29.94,0.0,0.0,85,73,37.5,99.5,8.1,5.0,4.2,9.6,15.5,235.2,93.4,21.7,5.0,45.2,84.1,3,5,06:12 AM,07:45 PM,09:30 PM,08:15 AM,Waxing Gibbous,78
Australia,Sydney,-33.87,151.21,Australia/Sydney,1692037800,2023-08-15 00:00,11.6,52.9,Patchy rain possible,19.0,30.6,48,NE,1013.1,29.92,2.7,0.11,85,81,13.4,56.1,8.2,5.1,2.9,26.7,43.0,100.0,30.8,2.0,1.0,11.5,9.8,1,2,06:12 AM,07:45 PM,09:30 PM,08:15 AM,Waxing Gibbous,78
Egypt,Cairo,30.04,31.24,Africa/Cairo,1692037800,2023-08-15 00:00,38.8,101.8,Partly cloudy,8.7,14.0,249,WSW,1016.3,30.01,0.0,0.0,52,31,40.3,104.5,8.8,5.5,6.1,12.3,19.8,327.0,107.1,23.4,5.6,58.5,83.5,4,6,06:12 AM,07:45 PM,09:30 PM,08:15 AM,Waxing Gibbous,78
Singapore,Singapore,1.35,103.82,Asia/Singapore,1692037800,2023-08-15 00:00,29.5,85.1,Partly cloudy,5.3,8.5,171,S,1012.8,29.91,0.0,0.0,56,57,31.6,88.9,9.2,5.7,5.8,8.8,14.1,100.0,87.2,13.2,1.0,11.2,20.7,1,2,06:12 AM,07:45 PM,09:30 PM,08:15 AM,Waxing Gibbous,78
Brazil,Rio de Janeiro,-22.91,-43.17,America/Sao_Paulo,1692037800,2023-08-15 00:00,21.0,69.8,Patchy rain possible,13.4,21.5,131,SE,1016.4,30.01,2.5,0.1,78,59,23.2,73.8,7.6,4.7,5.4,16.6,26.7,100.0,64.2,3.7,1.1,11.2,9.9,1,2,06:12 AM,07:45 PM,09:30 PM,08:15 AM,Waxing Gibbous,78
Canada,Toronto,43.65,-79.38,America/Toronto,1692037800,2023-08-15 00:00,24.5,76.1,Partly cloudy,7.3,11.8,259,W,1008.6,29.78,0.0,0.0,53,60,26.2,79.2,8.8,5.5,5.0,12.2,19.6,100.0,70.9,10.4,1.0,16.6,13.2,2,2,06:12 AM,07:45 PM,09:30 PM,08:15 AM,Waxing Gibbous,78
Germany,Berlin,52.52,13.4,Europe/Berlin,1692037800,2023-08-15 00:00,27.4,81.3,Partly cloudy,8.9,14.4,110,ESE,1020.5,30.14,0.0,0.0,47,53,28.6,83.5,8.2,5.1,5.0,13.7,22.1,100.0,81.3,10.0,1.0,11.5,8.0,1,2,06:12 AM,07:45 PM,09:30 PM,08:15 AM,Waxing Gibbous,78
United Arab Emirates,Dubai,25.2,55.27,Asia/Dubai,1692037800,2023-08-15 00:00,39.4,102.9,Overcast,2.7,4.4,306,NW,1012.7,29.91,0.0,0.0,64,89,42.2,108.0,10.0,6.2,2.3,3.5,5.7,100.0,96.0,2.5,3.7,4.3,14.6,1,1,06:12 AM,07:45 PM,09:30 PM,08:15 AM,Waxing Gibbous,78
India,Mumbai,19.07,72.88,Asia/Kolkata,1692037800,2023-08-15 00:00,34.0,93.2,Partly cloudy,3.4,5.4,286,WNW,1018.1,30.06,0.0,0.0,53,55,36.2,97.2,10.0,6.2,4.7,4.9,7.9,280.9,90.6,29.8,7.6,59.3,81.3,4,6,06:12 AM,07:45 PM,09:30 PM,08:15 AM,Waxing Gibbous,78
United States,San Francisco,37.77,-122.42,America/Los_Angeles,1692037800,2023-08-15 00:00,19.1,66.4,Partly cloudy,13.3,21.4,77,ENE,1011.0,29.85,0.0,0.0,75,38,21.1,70.0,6.5,4.0,5.1,23.9,38.4,100.0,70.3,2.0,2.8,4.0,19.7,1,1,06:12 AM,07:45 PM,09:30 PM,08:15 AM,Waxing Gibbous,78
South Africa,Cape Town,-33.92,18.42,Africa/Johannesburg,1692037800,2023-08-15 00:00,15.3,59.5,Partly cloudy,8.9,14.3,253,WSW,1020.3,30.13,0.0,0.0,65,36,17.4,63.3,9.9,6.2,5.2,12.9,20.8,126.6,53.1,10.4,4.0,17.1,30.9,2,2,06:12 AM,07:45 PM,09:30 PM,08:15 AM,Waxing Gibbous,78
South Korea,Seoul,37.56,126.98,Asia/Seoul,1692037800,2023-08-15 00:00,29.0,84.2,Sunny,5.2,8.3,3,N,1019.8,30.11,0.0,0.0,23,23,29.5,85.1,9.4,5.8,6.9,9.3,14.9,100.0,90.0,2.0,3.8,16.2,23.4,2,2,06:12 AM,07:45 PM,09:30 PM,08:15 AM,Waxing Gibbous,78
Thailand,Bangkok,13.75,100.5,Asia/Bangkok,1692037800,2023-08-15 00:00,34.2,93.6,Moderate rain,17.6,28.3,27,NNE,1010.6,29.84,4.1,0.16,82,79,36.0,96.8,6.1,3.8,3.4,24.0,38.7,112.8,91.7,6.0,4.9,22.8,8.0,2,3,06:12 AM,07:45 PM,09:30 PM,08:15 AM,Waxing Gibbous,78
Kenya,Nairobi,-1.29,36.82,Africa/Nairobi,1692037800,2023-08-15 00:00,20.7,69.3,Clear,6.6,10.6,155,SSE,998.4,29.48,0.0,0.0,68,11,23.3,73.9,7.2,4.5,7.6,8.6,13.8,100.0,78.2,2.0,1.0,8.8,12.2,1,1,06:12 AM,07:45 PM,09:30 PM,08:15 AM,Waxing Gibbous,78
Sweden,Stockholm,59.33,18.06,Europe/Stockholm,1692037800,2023-08-15 00:00,19.3,66.7,Sunny,2.3,3.7,84,E,1011.4,29.87,0.0,0.0,48,28,21.4,70.5,9.6,6.0,5.8,3.3,5.3,100.0,71.0,2.0,1.0,5.1,10.5,1,1,06:12 AM,07:45 PM,09:30 PM,08:15 AM,Waxing Gibbous,78
Argentina,Buenos Aires,-34.6,-58.38,America/Argentina/Buenos_Aires,1692037800,2023-08-15 00:00,15.8,60.4,Moderate rain,24.7,39.7,7,N,1019.7,30.11,4.4,0.17,88,56,17.0,62.6,7.2,4.5,5.1,31.3,50.4,100.0,53.1,4.2,2.1,4.0,44.2,1,1,06:12 AM,07:45 PM,09:30 PM,08:15 AM,Waxing Gibbous,78
United States,New York,40.71,-74.01,America/New_York,1692124200,2023-08-16 00:00,28.6,83.5,Partly cloudy,3.9,6.3,296,WNW,1001.2,29.57,0.0,0.0,50,44,30.6,87.1,9.8,6.1,5.4,4.8,7.7,171.6,88.4,7.2,2.5,26.1,36.0,2,3,06:12 AM,07:45 PM,09:30 PM,08:15 AM,Waxing Gibbous,78
United Kingdom,London,51.51,-0.13,Europe/London,1692124200,2023-08-16 00:00,18.4,65.1,Partly cloudy,3.4,5.5,52,NE,1022.7,30.2,0.0,0.0,66,58,21.3,70.3,8.8,5.5,3.8,4.6,7.4,100.0,47.9,13.8,4.0,19.9,39.0,2,2,06:12 AM,07:45 PM,09:30 PM,08:15 AM,Waxing Gibbous,78
Japan,Tokyo,35.68,139.69,Asia/Tokyo,1692124200,2023-08-16 00:00,30.1,86.2,Partly cloudy,2.5,4.0,173,S,1004.8,29.67,0.0,0.0,38,40,31.7,89.1,8.7,5.4,5.6,3.4,5.5,100.0,84.3,10.3,5.7,10.9,27.3,1,2,06:12 AM,07:45 PM,09:30 PM,08:15 AM,Waxing Gibbous,78
France,Paris,48.85,2.35,Europe/Paris,1692124200,2023-08-16 00:00,26.3,79.3,Partly cloudy,2.0,3.2,65,ENE,1010.6,29.84,0.0,0.0,49,47,28.5,83.3,8.9,5.5,6.1,3.5,5.7,100.0,76.4,5.2,2.2,12.5,23.1,2,2,06:12 AM,07:45 PM,09:30 PM,08:15 AM,Waxing Gibbous,78
India,New Delhi,28.61,77.21,Asia/Kolkata,1692124200,2023-08-16 00:00,35.1,95.2,Partly cloudy,5.2,8.4,273,W,1008.1,29.77,0.0,0.0,71,65,38.0,100.4,9.5,5.9,4.5,7.3,11.7,295.4,93.3,22.6,11.0,57.6,89.3,4,6,06:12 AM,07:45 PM,09:30 PM,08:15 AM,Waxing Gibbous,78
Australia,Sydney,-33.87,151.21,Australia/Sydney,1692124200,2023-08-16 00:00,12.2,54.0,Moderate rain,9.1,14.7,195,SSW,1009.1,29.8,5.6,0.22,86,99,15.3,59.5,7.0,4.3,1.5,13.1,21.1,132.6,37.0,10.4,2.7,26.4,25.6,2,3,06:12 AM,07:45 PM,09:30 PM,08:15 AM,Waxing Gibbous,78
Egypt,Cairo,30.04,31.24,Africa/Cairo,1692124200,2023-08-16 00:00,36.5,97.7,Partly cloudy,4.4,7.1,323,NW,1017.7,30.05,0.0,0.0,64,40,39.1,102.4,8.0,5.0,5.5,7.1,11.5,232.2,103.5,27.1,9.8,48.6,80.5,3,5,06:12 AM,07:45 PM,09:30 PM,08:15 AM,Waxing Gibbous,78
Singapore,Singapore,1.35,103.82,Asia/Singapore,1692124200,2023-08-16 00:00,30.5,86.9,Patchy rain possible,6.8,11.0,125,SE,1015.4,29.98,0.2,0.01,71,49,33.2,91.8,9.5,5.9,4.8,10.4,16.8,100.0,84.7,11.8,2.4,17.6,33.3,2,2,06:12 AM,07:45 PM,09:30 PM,08:15 AM,Waxing Gibbous,78
Brazil,Rio de Janeiro,-22.91,-43.17,America/Sao_Paulo,1692124200,2023-08-16 00:00,24.8,76.6,Partly cloudy,11.1,17.8,123,ESE,1019.2,30.1,0.0,0.0,69,59,26.8,80.2,9.2,5.7,4.7,13.7,22.0,100.0,76.7,6.4,1.0,9.8,15.9,1,1,06:12 AM,07:45 PM,09:30 PM,08:15 AM,Waxing Gibbous,78
Canada,Toronto,43.65,-79.38,America/Toronto,1692124200,2023-08-16 00:00,25.0,77.0,Partly cloudy,3.9,6.3,322,NW,1017.7,30.05,0.0,0.0,61,73,27.5,81.5,7.6,4.7,3.0,6.8,11.0,100.0,60.2,6.8,1.0,4.6,12.9,1,1,06:12 AM,07:45 PM,09:30 PM,08:15 AM,Waxing Gibbous,78
Germany,Berlin,52.52,13.4,Europe/Berlin,1692124200,2023-08-16 00:00,18.7,65.7,Patchy rain possible,10.5,16.9,296,WNW,1014.8,29.97,1.1,0.04,75,70,21.1,70.0,7.7,4.8,3.3,16.4,26.4,100.0,54.2,4.6,1.9,18.6,22.6,2,2,06:12 AM,07:45 PM,09:30 PM,08:15 AM,Waxing Gibbous,78
United Arab Emirates,Dubai,25.2,55.27,Asia/Dubai,1692124200,2023-08-16 00:00,42.3,108.1,Partly cloudy,10.6,17.0,208,SSW,1017.4,30.04,0.0,0.0,53,57,43.6,110.5,8.4,5.2,4.4,18.5,29.7,100.0,111.0,2.0,1.0,7.3,30.7,1,1,06:12 AM,07:45 PM,09:30 PM,08:15 AM,Waxing Gibbous,78
India,Mumbai,19.07,72.88,Asia/Kolkata,1692124200,2023-08-16 00:00,29.7,85.5,Patchy rain possible,10.4,16.8,345,NNW,1011.1,29.86,0.7,0.03,88,100,32.8,91.0,6.9,4.3,1.8,16.9,27.2,301.5,63.2,26.5,8.7,57.8,76.3,4,6,06:12 AM,07:45 PM,09:30 PM,08:15 AM,Waxing Gibbous,78
United States,San Francisco,37.77,-122.42,America/Los_Angeles,1692124200,2023-08-16 00:00,18.2,64.8,Overcast,16.7,26.8,174,S,1006.0,29.71,0.0,0.0,77,82,19.9,67.8,9.1,5.7,3.7,24.9,40.1,125.4,57.0,15.3,4.0,23.0,46.2,2,3,06:12 AM,07:45 PM,09:30 PM,08:15 AM,Waxing Gibbous,78
South Africa,Cape Town,-33.92,18.42,Africa/Johannesburg,1692124200,2023-08-16 00:00,13.2,55.8,Patchy rain possible,14.7,23.6,25,NNE,1012.4,29.9,2.5,0.1,71,63,14.9,58.8,8.4,5.2,3.6,23.7,38.2,100.0,37.8,10.8,1.3,14.2,20.9,2,2,06:12 AM,07:45 PM,09:30 PM,08:15 AM,Waxing Gibbous,78
South Korea,Seoul,37.56,126.98,Asia/Seoul,1692124200,2023-08-16 00:00,28.3,82.9,Partly cloudy,11.7,18.8,117,ESE,1009.7,29.82,0.0,0.0,49,35,29.2,84.6,10.0,6.2,6.1,14.6,23.5,100.0,90.4,3.1,1.0,4.0,12.3,1,1,06:12 AM,07:45 PM,09:30 PM,08:15 AM,Waxing Gibbous,78
Thailand,Bangkok,13.75,100.5,Asia/Bangkok,1692124200,2023-08-16 00:00,33.1,91.6,Partly cloudy,2.5,4.1,212,SSW,1011.2,29.86,0.0,0.0,66,72,36.1,97.0,7.0,4.3,3.6,4.3,7.0,365.7,80.9,29.9,11.1,71.5,104.7,4,8,06:12 AM,07:45 PM,09:30 PM,08:15 AM,Waxing Gibbous,78
Kenya,Nairobi,-1.29,36.82,Africa/Nairobi,1692124200,2023-08-16 00:00,19.3,66.7,Patchy rain possible,15.0,24.2,46,NE,1007.0,29.74,1.0,0.04,74,73,21.1,70.0,7.1,4.4,4.4,25.3,40.7,100.0,57.3,2.0,1.0,4.0,8.0,1,1,06:12 AM,07:45 PM,09:30 PM,08:15 AM,Waxing Gibbous,78
Sweden,Stockholm,59.33,18.06,Europe/Stockholm,1692124200,2023-08-16 00:00,18.1,64.6,Partly cloudy,8.4,13.5,115,ESE,1009.2,29.8,0.0,0.0,66,40,20.3,68.5,6.9,4.3,6.3,11.5,18.5,100.0,61.7,5.9,4.9,10.5,20.1,1,2,06:12 AM,07:45 PM,09:30 PM,08:15 AM,Waxing Gibbous,78
Argentina,Buenos Aires,-34.6,-58.38,America/Argentina/Buenos_Aires,1692124200,2023-08-16 00:00,12.3,54.1,Patchy rain possible,12.4,19.9,281,W,1013.7,29.93,1.2,0.05,82,80,14.8,58.6,7.0,4.3,2.7,20.7,33.3,100.0,38.7,2.0,3.0,4.0,12.2,1,1,06:12 AM,07:45 PM,09:30 PM,08:15 AM,Waxing Gibbous,78
United States,New York,40.71,-74.01,America/New_York,1692210600,2023-08-17 00:00,26.9,80.4,Overcast,3.2,5.1,178,S,998.9,29.5,0.0,0.0,68,92,29.9,85.8,8.8,5.5,3.3,4.9,7.9,133.9,72.5,14.3,4.2,23.1,39.1,2,3,06:12 AM,07:45 PM,09:30 PM,08:15 AM,Waxing Gibbous,78
United Kingdom,London,51.51,-0.13,Europe/London,1692210600,2023-08-17 00:00,16.9,62.4,Partly cloudy,5.7,9.2,270,W,1005.9,29.7,0.0,0.0,77,58,20.0,68.0,7.6,4.7,3.9,9.8,15.7,100.0,49.6,5.8,1.0,17.3,35.1,2,2,06:12 AM,07:45 PM,09:30 PM,08:15 AM,Waxing Gibbous,78
Japan,Tokyo,35.68,139.69,Asia/Tokyo,1692210600,2023-08-17 00:00,32.1,89.8,Partly cloudy,9.4,15.2,270,W,1010.3,29.83,0.0,0.0,60,50,33.9,93.0,9.6,6.0,4.8,14.8,23.8,102.5,90.0,2.0,1.2,14.3,14.4,2,2,06:12 AM,07:45 PM,09:30 PM,08:15 AM,Waxing Gibbous,78
France,Paris,48.85,2.35,Europe/Paris,1692210600,2023-08-17 00:00,27.1,80.8,Partly cloudy,6.8,10.9,317,NW,1014.2,29.95,0.0,0.0,59,68,29.2,84.6,8.5,5.3,4.9,8.9,14.3,100.0,72.9,5.7,1.0,4.0,9.5,1,1,06:12 AM,07:45 PM,09:30 PM,08:15 AM,Waxing Gibbous,78
India,New Delhi,28.61,77.21,Asia/Kolkata,1692210600,2023-08-17 00:00,38.2,100.8,Patchy rain possible,17.8,28.6,29,NNE,1008.1,29.77,1.9,0.07,66,52,39.2,102.6,8.0,5.0,5.0,25.4,40.9,225.0,96.2,15.6,7.7,42.3,49.7,3,5,06:12 AM,07:45 PM,09:30 PM,08:15 AM,Waxing Gibbous,78
Australia,Sydney,-33.87,151.21,Australia/Sydney,1692210600,2023-08-17 00:00,14.7,58.5,Patchy rain possible,13.2,21.3,293,WNW,1009.4,29.81,1.3,0.05,91,79,17.5,63.5,7.0,4.3,3.1,18.6,30.0,100.0,37.0,2.0,1.0,4.0,15.4,1,1,06:12 AM,07:45 PM,09:30 PM,08:15 AM,Waxing Gibbous,78
Egypt,Cairo,30.04,31.24,Africa/Cairo,1692210600,2023-08-17 00:00,34.3,93.7,Partly cloudy,4.6,7.4,138,SE,1017.3,30.04,0.0,0.0,64,46,36.9,98.4,8.3,5.2,5.2,5.8,9.4,269.4,102.5,26.7,8.9,52.9,96.3,3,6,06:12 AM,07:45 PM,09:30 PM,08:15 AM,Waxing Gibbous,78
Singapore,Singapore,1.35,103.82,Asia/Singapore,1692210600,2023-08-17 00:00,30.1,86.2,Sunny,16.2,26.1,155,SSE,1017.0,30.03,0.0,0.0,50,17,30.5,86.9,9.8,6.1,6.5,23.0,37.0,100.0,81.6,2.0,1.0,6.8,14.2,1,1,06:12 AM,07:45 PM,09:30 PM,08:15 AM,Waxing Gibbous,78
Brazil,Rio de Janeiro,-22.91,-43.17,America/Sao_Paulo,1692210600,2023-08-17 00:00,22.7,72.9,Partly cloudy,13.4,21.6,335,NNW,1019.9,30.12,0.0,0.0,75,34,24.7,76.5,8.4,5.2,6.1,18.8,30.2,100.0,63.3,2.0,2.8,5.9,21.6,1,1,06:12 AM,07:45 PM,09:30 PM,08:15 AM,Waxing Gibbous,78
Canada,Toronto,43.65,-79.38,America/Toronto,1692210600,2023-08-17 00:00,22.2,72.0,Partly cloudy,4.5,7.2,61,ENE,1017.0,30.03,0.0,0.0,51,36,24.2,75.6,9.0,5.6,5.2,7.8,12.6,166.5,77.3,12.5,1.7,26.5,53.8,2,3,06:12 AM,07:45 PM,09:30 PM,08:15 AM,Waxing Gibbous,78
Germany,Berlin,52.52,13.4,Europe/Berlin,1692210600,2023-08-17 00:00,21.6,70.9,Sunny,5.9,9.5,71,ENE,1022.9,30.21,0.0,0.0,41,28,22.9,73.2,10.0,6.2,6.5,9.1,14.7,133.1,71.3,14.3,2.9,22.6,31.3,2,3,06:12 AM,07:45 PM,09:30 PM,08:15 AM,Waxing Gibbous,78
United Arab Emirates,Dubai,25.2,55.27,Asia/Dubai,1692210600,2023-08-17 00:00,43.8,110.8,Sunny,7.6,12.3,79,E,1011.3,29.86,0.0,0.0,39,26,44.8,112.6,9.5,5.9,6.6,9.5,15.3,108.4,117.4,12.4,2.7,19.4,37.6,2,2,06:12 AM,07:45 PM,09:30 PM,08:15 AM,Waxing Gibbous,78
India,Mumbai,19.07,72.88,Asia/Kolkata,1692210600,2023-08-17 00:00,32.7,90.9,Heavy rain,9.1,14.6,236,SW,1001.1,29.56,16.4,0.65,64,54,34.7,94.5,3.0,1.9,5.0,16.3,26.2,245.3,82.7,15.2,2.4,40.9,76.9,3,5,06:12 AM,07:45 PM,09:30 PM,08:15 AM,Waxing Gibbous,78
United States,San Francisco,37.77,-122.42,America/Los_Angeles,1692210600,2023-08-17 00:00,19.8,67.6,Partly cloudy,1.9,3.1,177,S,1013.1,29.92,0.0,0.0,66,51,22.9,73.2,7.8,4.8,5.2,2.4,3.9,100.0,69.4,3.4,2.8,10.5,8.0,1,2,06:12 AM,07:45 PM,09:30 PM,08:15 AM,Waxing Gibbous,78
South Africa,Cape Town,-33.92,18.42,Africa/Johannesburg,1692210600,2023-08-17 00:00,0.5,32.9,Overcast,25.3,40.7,1,N,1008.3,29.78,0.0,0.0,98,76,2.1,35.8,7.2,4.5,3.7,35.7,57.5,100.0,10.0,4.7,1.0,4.0,8.0,1,1,06:12 AM,07:45 PM,09:30 PM,08:15 AM,Waxing Gibbous,78
South Korea,Seoul,37.56,126.98,Asia/Seoul,1692210600,2023-08-17 00:00,30.7,87.3,Partly cloudy,7.2,11.6,348,NNW,1009.7,29.82,0.0,0.0,40,39,31.8,89.2,9.3,5.8,6.0,12.1,19.4,100.0,94.2,3.7,1.0,14.3,43.5,2,2,06:12 AM,07:45 PM,09:30 PM,08:15 AM,Waxing Gibbous,78
Thailand,Bangkok,13.75,100.5,Asia/Bangkok,1692210600,2023-08-17 00:00,32.6,90.7,Partly cloudy,5.3,8.6,326,NW,1013.1,29.92,0.0,0.0,51,60,34.5,94.1,10.0,6.2,4.1,7.0,11.2,248.7,84.7,29.4,11.8,57.7,90.9,4,6,06:12 AM,07:45 PM,09:30 PM,08:15 AM,Waxing Gibbous,78
Kenya,Nairobi,-1.29,36.82,Africa/Nairobi,1692210600,2023-08-17 00:00,22.8,73.0,Partly cloudy,9.1,14.7,95,E,1012.2,29.89,0.0,0.0,54,43,24.3,75.7,8.0,5.0,5.3,12.6,20.2,100.0,54.8,6.9,3.8,13.2,24.9,2,2,06:12 AM,07:45 PM,09:30 PM,08:15 AM,Waxing Gibbous,78
Sweden,Stockholm,59.33,18.06,Europe/Stockholm,1692210600,2023-08-17 00:00,10.1,50.2,Moderate rain,8.5,13.6,330,NNW,1017.5,30.05,11.1,0.44,95,100,13.8,56.8,4.8,3.0,1.5,11.7,18.8,100.0,35.2,2.0,3.4,6.7,21.1,1,1,06:12 AM,07:45 PM,09:30 PM,08:15 AM,Waxing Gibbous,78
Argentina,Buenos Aires,-34.6,-58.38,America/Argentina/Buenos_Aires,1692210600,2023-08-17 00:00,12.7,54.9,Overcast,5.8,9.4,316,NW,1022.1,30.18,0.0,0.0,98,83,16.8,62.2,6.4,4.0,3.0,7.6,12.2,100.0,35.0,7.4,4.7,17.4,44.9,2,2,06:12 AM,07:45 PM,09:30 PM,08:15 AM,Waxing Gibbous,78
United States,New York,40.71,-74.01,America/New_York,1692297000,2023-08-18 00:00,24.7,76.5,Partly cloudy,9.9,16.0,3,N,1012.6,29.9,0.0,0.0,77,45,27.3,81.1,8.3,5.2,4.6,13.4,21.5,100.0,74.1,4.2,3.1,8.4,8.0,1,1,06:12 AM,07:45 PM,09:30 PM,08:15 AM,Waxing Gibbous,78
United Kingdom,London,51.51,-0.13,Europe/London,1692297000,2023-08-18 00:00,25.4,77.7,Partly cloudy,11.1,17.8,251,WSW,1018.6,30.08,0.0,0.0,38,40,25.9,78.6,8.3,5.2,6.3,15.2,24.4,100.0,73.2,9.7,3.6,19.7,34.5,2,2,06:12 AM,07:45 PM,09:30 PM,08:15 AM,Waxing Gibbous,78
Japan,Tokyo,35.68,139.69,Asia/Tokyo,1692297000,2023-08-18 00:00,34.5,94.1,Sunny,2.1,3.3,263,W,1012.2,29.89,0.0,0.0,23,14,35.4,95.7,7.6,4.7,7.1,3.2,5.2,131.4,116.7,14.4,3.6,17.0,16.3,2,2,06:12 AM,07:45 PM,09:30 PM,08:15 AM,Waxing Gibbous,78
France,Paris,48.85,2.35,Europe/Paris,1692297000,2023-08-18 00:00,23.7,74.7,Moderate rain,13.5,21.8,305,NW,996.3,29.42,5.8,0.23,62,54,25.1,77.2,7.4,4.6,4.6,21.1,34.0,100.0,58.4,2.4,2.5,4.0,8.0,1,1,06:12 AM,07:45 PM,09:30 PM,08:15 AM,Waxing Gibbous,78
India,New Delhi,28.61,77.21,Asia/Kolkata,1692297000,2023-08-18 00:00,38.6,101.5,Partly cloudy,7.3,11.7,8,N,1008.8,29.79,0.0,0.0,44,52,39.9,103.8,8.9,5.5,5.7,10.3,16.6,286.1,107.9,19.5,11.2,50.8,86.0,3,6,06:12 AM,07:45 PM,09:30 PM,08:15 AM,Waxing Gibbous,78
Australia,Sydney,-33.87,151.21,Australia/Sydney,1692297000,2023-08-18 00:00,13.5,56.3,Partly cloudy,6.6,10.7,193,SSW,1006.6,29.72,0.0,0.0,86,67,16.9,62.4,7.5,4.7,3.7,10.3,16.6,100.0,44.9,9.6,4.1,19.0,20.9,2,2,06:12 AM,07:45 PM,09:30 PM,08:15 AM,Waxing Gibbous,78
Egypt,Cairo,30.04,31.24,Africa/Cairo,1692297000,2023-08-18 00:00,33.4,92.1,Partly cloudy,7.5,12.0,291,WNW,1011.3,29.86,0.0,0.0,76,64,36.2,97.2,10.0,6.2,4.1,11.4,18.4,309.5,79.1,27.4,6.5,62.6,104.4,4,7,06:12 AM,07:45 PM,09:30 PM,08:15 AM,Waxing Gibbous,78
Singapore,Singapore,1.35,103.82,Asia/Singapore,1692297000,2023-08-18 00:00,30.1,86.2,Heavy rain,14.6,23.5,272,W,996.0,29.41,15.3,0.6,91,85,32.8,91.0,3.7,2.3,2.7,20.5,33.0,100.0,79.7,10.9,1.0,20.7,22.0,2,3,06:12 AM,07:45 PM,09:30 PM,08:15 AM,Waxing Gibbous,78
Brazil,Rio de Janeiro,-22.91,-43.17,America/Sao_Paulo,1692297000,2023-08-18 00:00,19.6,67.3,Overcast,7.6,12.3,257,WSW,1004.1,29.65,0.0,0.0,89,91,23.1,73.6,8.4,5.2,2.9,9.4,15.1,100.0,59.3,2.0,1.0,4.0,9.5,1,1,06:12 AM,07:45 PM,09:30 PM,08:15 AM,Waxing Gibbous,78
Canada,Toronto,43.65,-79.38,America/Toronto,1692297000,2023-08-18 00:00,27.7,81.9,Partly cloudy,19.6,31.5,310,NW,1014.1,29.95,0.0,0.0,53,46,27.8,82.0,7.9,4.9,5.1,34.2,55.1,100.0,75.5,2.0,1.0,4.0,19.9,1,1,06:12 AM,07:45 PM,09:30 PM,08:15 AM,Waxing Gibbous,78
Germany,Berlin,52.52,13.4,Europe/Berlin,1692297000,2023-08-18 00:00,26.3,79.3,Partly cloudy,10.7,17.2,127,SE,1007.3,29.75,0.0,0.0,48,39,27.3,81.1,9.6,6.0,5.6,14.4,23.2,100.0,79.1,7.7,5.8,14.8,23.9,2,2,06:12 AM,07:45 PM,09:30 PM,08:15 AM,Waxing Gibbous,78
United Arab Emirates,Dubai,25.2,55.27,Asia/Dubai,1692297000,2023-08-18 00:00,41.6,106.9,Partly cloudy,22.1,35.6,317,NW,1012.8,29.91,0.0,0.0,50,73,41.3,106.3,7.5,4.7,3.8,39.0,62.8,100.0,103.3,2.0,2.4,4.0,14.2,1,1,06:12 AM,07:45 PM,09:30 PM,08:15 AM,Waxing Gibbous,78
India,Mumbai,19.07,72.88,Asia/Kolkata,1692297000,2023-08-18 00:00,34.1,93.4,Partly cloudy,3.9,6.3,150,SSE,1014.1,29.95,0.0,0.0,45,36,35.8,96.4,9.1,5.7,5.9,5.6,9.0,418.6,98.1,32.7,11.4,70.7,117.5,4,8,06:12 AM,07:45 PM,09:30 PM,08:15 AM,Waxing Gibbous,78
United States,San Francisco,37.77,-122.42,America/Los_Angeles,1692297000,2023-08-18 00:00,20.9,69.6,Partly cloudy,3.5,5.7,102,ESE,1015.7,29.99,0.0,0.0,62,46,23.5,74.3,8.7,5.4,5.3,6.3,10.1,143.0,63.0,19.5,2.8,22.7,36.5,2,3,06:12 AM,07:45 PM,09:30 PM,08:15 AM,Waxing Gibbous,78
South Africa,Cape Town,-33.92,18.42,Africa/Johannesburg,1692297000,2023-08-18 00:00,13.5,56.3,Moderate rain,7.3,11.7,178,S,1018.3,30.07,10.8,0.43,76,54,16.4,61.5,5.8,3.6,4.4,10.1,16.3,100.0,50.9,2.0,2.7,13.4,29.2,2,2,06:12 AM,07:45 PM,09:30 PM,08:15 AM,Waxing Gibbous,78
South Korea,Seoul,37.56,126.98,Asia/Seoul,1692297000,2023-08-18 00:00,33.7,92.7,Sunny,11.7,18.9,38,NE,1002.8,29.61,0.0,0.0,34,25,33.9,93.0,9.2,5.7,7.3,19.6,31.6,100.0,98.6,12.6,1.9,17.5,28.7,2,2,06:12 AM,07:45 PM,09:30 PM,08:15 AM,Waxing Gibbous,78
Thailand,Bangkok,13.75,100.5,Asia/Bangkok,1692297000,2023-08-18 00:00,35.2,95.4,Partly cloudy,8.6,13.9,48,NE,1019.5,30.11,0.0,0.0,44,37,36.3,97.3,8.7,5.4,5.6,13.9,22.4,257.3,95.2,21.5,6.7,45.0,65.4,3,5,06:12 AM,07:45 PM,09:30 PM,08:15 AM,Waxing Gibbous,78
Kenya,Nairobi,-1.29,36.82,Africa/Nairobi,1692297000,2023-08-18 00:00,18.6,65.5,Partly cloudy,7.9,12.7,59,ENE,1007.7,29.76,0.0,0.0,75,69,21.3,70.3,6.8,4.2,4.8,14.1,22.7,100.0,68.7,7.2,4.1,8.2,8.0,1,1,06:12 AM,07:45 PM,09:30 PM,08:15 AM,Waxing Gibbous,78
Sweden,Stockholm,59.33,18.06,Europe/Stockholm,1692297000,2023-08-18 00:00,20.0,68.0,Partly cloudy,2.6,4.2,358,N,1016.1,30.01,0.0,0.0,46,50,22.0,71.6,8.9,5.5,4.7,4.7,7.5,100.0,69.3,11.5,1.1,15.0,23.0,2,2,06:12 AM,07:45 PM,09:30 PM,08:15 AM,Waxing Gibbous,78
Argentina,Buenos Aires,-34.6,-58.38,America/Argentina/Buenos_Aires,1692297000,2023-08-18 00:00,13.4,56.1,Overcast,6.2,9.9,41,NE,1009.4,29.81,0.0,0.0,98,82,17.5,63.5,8.0,5.0,3.4,9.4,15.2,100.0,48.1,2.0,1.0,4.0,11.2,1,1,06:12 AM,07:45 PM,09:30 PM,08:15 AM,Waxing Gibbous,78
United States,New York,40.71,-74.01,America/New_York,1692383400,2023-08-19 00:00,25.8,78.4,Partly cloudy,12.2,19.7,27,NNE,1010.6,29.84,0.0,0.0,63,41,27.4,81.3,9.7,6.0,5.2,20.1,32.4,100.0,73.2,9.9,2.7,17.1,47.2,2,2,06:12 AM,07:45 PM,09:30 PM,08:15 AM,Waxing Gibbous,78
United Kingdom,London,51.51,-0.13,Europe/London,1692383400,2023-08-19 00:00,22.2,72.0,Overcast,13.8,22.2,110,ESE,1010.1,29.83,0.0,0.0,75,88,24.2,75.6,9.6,6.0,2.0,16.9,27.2,100.0,60.7,3.2,1.0,10.7,12.3,1,2,06:12 AM,07:45 PM,09:30 PM,08:15 AM,Waxing Gibbous,78
Japan,Tokyo,35.68,139.69,Asia/Tokyo,1692383400,2023-08-19 00:00,28.2,82.8,Partly cloudy,5.3,8.6,136,SE,1014.7,29.96,0.0,0.0,68,45,30.9,87.6,9.7,6.0,5.4,6.8,11.0,139.7,79.3,7.3,1.0,20.5,25.7,2,3,06:12 AM,07:45 PM,09:30 PM,08:15 AM,Waxing Gibbous,78
France,Paris,48.85,2.35,Europe/Paris,1692383400,2023-08-19 00:00,22.8,73.0,Partly cloudy,5.9,9.5,40,NE,1015.8,30.0,0.0,0.0,59,53,25.0,77.0,9.5,5.9,5.6,10.4,16.7,100.0,73.6,2.0,3.6,13.9,20.8,2,2,06:12 AM,07:45 PM,09:30 PM,08:15 AM,Waxing Gibbous,78
India,New Delhi,28.61,77.21,Asia/Kolkata,1692383400,2023-08-19 00:00,36.0,96.8,Partly cloudy,4.7,7.6,122,ESE,1012.8,29.91,0.0,0.0,50,43,37.9,100.2,8.6,5.3,6.3,8.0,12.8,328.0,109.2,24.6,10.2,62.1,90.5,4,7,06:12 AM,07:45 PM,09:30 PM,08:15 AM,Waxing Gibbous,78
Australia,Sydney,-33.87,151.21,Australia/Sydney,1692383400,2023-08-19 00:00,16.2,61.2,Patchy rain possible,8.8,14.1,86,E,1024.8,30.26,0.5,0.02,73,74,18.7,65.7,8.8,5.5,3.7,14.9,23.9,148.3,48.0,15.9,5.7,31.1,28.1,2,4,06:12 AM,07:45 PM,09:30 PM,08:15 AM,Waxing Gibbous,78
Egypt,Cairo,30.04,31.24,Africa/Cairo,1692383400,2023-08-19 00:00,37.8,100.0,Partly cloudy,4.2,6.7,271,W,1016.0,30.0,0.0,0.0,73,48,40.9,105.6,8.0,5.0,4.3,5.2,8.4,293.7,100.8,26.9,8.3,59.7,82.0,4,6,06:12 AM,07:45 PM,09:30 PM,08:15 AM,Waxing Gibbous,78
Singapore,Singapore,1.35,103.82,Asia/Singapore,1692383400,2023-08-19 00:00,28.5,83.3,Partly cloudy,7.7,12.4,205,SSW,1010.3,29.83,0.0,0.0,68,75,30.9,87.6,9.7,6.0,4.0,11.8,19.0,100.0,74.6,8.8,1.0,12.3,12.7,2,2,06:12 AM,07:45 PM,09:30 PM,08:15 AM,Waxing Gibbous,78
Brazil,Rio de Janeiro,-22.91,-43.17,America/Sao_Paulo,1692383400,2023-08-19 00:00,24.9,76.8,Overcast,5.5,8.8,270,W,1007.4,29.75,0.0,0.0,75,80,27.9,82.2,8.0,5.0,3.7,8.3,13.3,100.0,63.9,5.7,1.0,4.0,17.7,1,1,06:12 AM,07:45 PM,09:30 PM,08:15 AM,Waxing Gibbous,78
Canada,Toronto,43.65,-79.38,America/Toronto,1692383400,2023-08-19 00:00,23.6,74.5,Partly cloudy,6.5,10.5,20,NNE,1018.5,30.08,0.0,0.0,55,51,25.5,77.9,8.1,5.0,5.3,8.5,13.7,100.0,69.4,5.3,1.2,9.0,26.6,1,1,06:12 AM,07:45 PM,09:30 PM,08:15 AM,Waxing Gibbous,78
Germany,Berlin,52.52,13.4,Europe/Berlin,1692383400,2023-08-19 00:00,24.8,76.6,Overcast,6.7,10.8,331,NNW,1009.7,29.82,0.0,0.0,73,79,27.6,81.7,7.8,4.8,2.7,9.2,14.8,100.0,61.1,11.6,1.2,16.1,15.6,2,2,06:12 AM,07:45 PM,09:30 PM,08:15 AM,Waxing Gibbous,78
United Arab Emirates,Dubai,25.2,55.27,Asia/Dubai,1692383400,2023-08-19 00:00,36.3,97.3,Patchy rain possible,10.3,16.6,212,SSW,1015.7,29.99,3.8,0.15,67,62,38.3,100.9,6.8,4.2,3.9,13.3,21.4,100.0,97.1,2.0,1.0,8.2,28.4,1,1,06:12 AM,07:45 PM,09:30 PM,08:15 AM,Waxing Gibbous,78
India,Mumbai,19.07,72.88,Asia/Kolkata,1692383400,2023-08-19 00:00,27.8,82.0,Partly cloudy,11.7,18.8,2,N,1019.6,30.11,0.0,0.0,70,45,29.8,85.6,8.4,5.2,5.5,17.3,27.8,238.3,84.4,17.8,8.5,42.7,55.3,3,5,06:12 AM,07:45 PM,09:30 PM,08:15 AM,Waxing Gibbous,78
United States,San Francisco,37.77,-122.42,America/Los_Angeles,1692383400,2023-08-19 00:00,20.5,68.9,Patchy rain possible,11.1,17.8,272,W,1006.9,29.73,2.9,0.11,66,34,22.4,72.3,8.1,5.0,6.1,14.3,23.0,119.9,71.7,7.6,1.0,16.4,33.6,2,2,06:12 AM,07:45 PM,09:30 PM,08:15 AM,Waxing Gibbous,78
South Africa,Cape Town,-33.92,18.42,Africa/Johannesburg,1692383400,2023-08-19 00:00,13.2,55.8,Moderate rain,8.6,13.9,293,WNW,1016.7,30.02,10.4,0.41,83,92,16.2,61.2,5.4,3.4,2.4,13.5,21.7,100.0,33.7,2.0,1.0,4.0,11.0,1,1,06:12 AM,07:45 PM,09:30 PM,08:15 AM,Waxing Gibbous,78
South Korea,Seoul,37.56,126.98,Asia/Seoul,1692383400,2023-08-19 00:00,32.0,89.6,Partly cloudy,2.9,4.7,3,N,1007.9,29.76,0.0,0.0,47,57,34.0,93.2,8.1,5.0,4.3,4.3,7.0,100.0,104.3,10.4,2.1,18.1,24.9,2,2,06:12 AM,07:45 PM,09:30 PM,08:15 AM,Waxing Gibbous,78
Thailand,Bangkok,13.75,100.5,Asia/Bangkok,1692383400,2023-08-19 00:00,35.2,95.4,Partly cloudy,11.1,17.9,218,SW,1013.5,29.93,0.0,0.0,56,58,36.6,97.9,7.4,4.6,4.8,16.7,26.8,235.5,97.1,18.1,7.8,42.9,64.2,3,5,06:12 AM,07:45 PM,09:30 PM,08:15 AM,Waxing Gibbous,78
Kenya,Nairobi,-1.29,36.82,Africa/Nairobi,1692383400,2023-08-19 00:00,16.2,61.2,Overcast,2.5,4.1,253,WSW,1004.7,29.67,0.0,0.0,85,79,20.1,68.2,8.4,5.2,3.0,3.4,5.4,176.2,39.8,18.8,6.4,32.2,58.4,2,4,06:12 AM,07:45 PM,09:30 PM,08:15 AM,Waxing Gibbous,78
Sweden,Stockholm,59.33,18.06,Europe/Stockholm,1692383400,2023-08-19 00:00,21.8,71.2,Sunny,4.5,7.3,252,WSW,1010.1,29.83,0.0,0.0,41,13,23.3,73.9,9.9,6.2,7.4,7.3,11.7,107.9,77.2,11.1,5.8,21.4,28.8,2,3,06:12 AM,07:45 PM,09:30 PM,08:15 AM,Waxing Gibbous,78
Argentina,Buenos Aires,-34.6,-58.38,America/Argentina/Buenos_Aires,1692383400,2023-08-19 00:00,10.8,51.4,Moderate rain,10.9,17.5,250,WSW,1007.9,29.76,8.9,0.35,86,72,13.7,56.7,6.7,4.2,3.8,13.4,21.5,100.0,38.0,4.7,3.6,9.2,27.4,1,1,06:12 AM,07:45 PM,09:30 PM,08:15 AM,Waxing Gibbous,78
United States,New York,40.71,-74.01,America/New_York,1692469800,2023-08-20 00:00,28.0,82.4,Partly cloudy,6.5,10.4,183,S,1016.1,30.01,0.0,0.0,49,61,29.6,85.3,9.8,6.1,4.4,10.4,16.7,148.7,70.6,13.2,1.0,25.4,20.8,2,3,06:12 AM,07:45 PM,09:30 PM,08:15 AM,Waxing Gibbous,78
United Kingdom,London,51.51,-0.13,Europe/London,1692469800,2023-08-20 00:00,20.5,68.9,Partly cloudy,4.1,6.6,287,WNW,1016.5,30.02,0.0,0.0,69,55,23.4,74.1,7.6,4.7,5.0,5.2,8.3,115.1,60.3,9.1,4.4,25.3,25.5,2,3,06:12 AM,07:45 PM,09:30 PM,08:15 AM,Waxing Gibbous,78
Japan,Tokyo,35.68,139.69,Asia/Tokyo,1692469800,2023-08-20 00:00,32.8,91.0,Partly cloudy,10.0,16.1,143,SE,1014.4,29.96,0.0,0.0,52,59,34.1,93.4,9.6,6.0,4.6,12.8,20.6,100.0,94.7,9.0,1.4,4.0,8.0,1,1,06:12 AM,07:45 PM,09:30 PM,08:15 AM,Waxing Gibbous,78
France,Paris,48.85,2.35,Europe/Paris,1692469800,2023-08-20 00:00,22.6,72.7,Overcast,8.4,13.5,153,SSE,1017.1,30.03,0.0,0.0,74,98,25.2,77.4,9.3,5.8,2.2,13.8,22.2,100.0,57.7,2.0,1.0,4.0,8.0,1,1,06:12 AM,07:45 PM,09:30 PM,08:15 AM,Waxing Gibbous,78
India,New Delhi,28.61,77.21,Asia/Kolkata,1692469800,2023-08-20 00:00,33.9,93.0,Partly cloudy,5.3,8.5,34,NE,1015.5,29.99,0.0,0.0,66,49,36.5,97.7,9.9,6.2,6.0,8.3,13.4,224.4,100.4,14.7,5.3,42.8,71.5,3,5,06:12 AM,07:45 PM,09:30 PM,08:15 AM,Waxing Gibbous,78
Australia,Sydney,-33.87,151.21,Australia/Sydney,1692469800,2023-08-20 00:00,12.9,55.2,Patchy rain possible,19.1,30.7,21,NNE,1022.9,30.21,0.8,0.03,82,76,14.5,58.1,9.3,5.8,4.1,25.4,40.9,100.0,45.5,2.0,1.0,6.6,12.3,1,1,06:12 AM,07:45 PM,09:30 PM,08:15 AM,Waxing Gibbous,78
Egypt,Cairo,30.04,31.24,Africa/Cairo,1692469800,2023-08-20 00:00,39.4,102.9,Partly cloudy,8.5,13.6,328,NNW,1024.2,30.24,0.0,0.0,47,44,40.7,105.3,9.4,5.8,5.7,14.8,23.8,206.6,106.9,17.2,8.9,42.7,59.5,3,5,06:12 AM,07:45 PM,09:30 PM,08:15 AM,Waxing Gibbous,78
Singapore,Singapore,1.35,103.82,Asia/Singapore,1692469800,2023-08-20 00:00,30.8,87.4,Overcast,2.7,4.3,108,ESE,1013.5,29.93,0.0,0.0,61,89,33.5,92.3,7.5,4.7,3.2,4.7,7.6,100.0,76.6,4.4,2.4,9.7,25.4,1,1,06:12 AM,07:45 PM,09:30 PM,08:15 AM,Waxing Gibbous,78
Brazil,Rio de Janeiro,-22.91,-43.17,America/Sao_Paulo,1692469800,2023-08-20 00:00,21.3,70.3,Heavy rain,14.9,24.0,191,S,1002.4,29.6,18.1,0.71,86,73,23.7,74.7,3.5,2.2,4.2,24.9,40.0,100.0,60.3,2.0,1.0,10.0,26.9,1,2,06:12 AM,07:45 PM,09:30 PM,08:15 AM,Waxing Gibbous,78
Canada,Toronto,43.65,-79.38,America/Toronto,1692469800,2023-08-20 00:00,24.9,76.8,Partly cloudy,4.7,7.6,4,N,1021.6,30.17,0.0,0.0,35,39,26.0,78.8,8.6,5.3,6.0,6.9,11.1,133.5,87.7,18.3,2.9,23.6,22.5,2,3,06:12 AM,07:45 PM,09:30 PM,08:15 AM,Waxing Gibbous,78
Germany,Berlin,52.52,13.4,Europe/Berlin,1692469800,2023-08-20 00:00,23.4,74.1,Partly cloudy,12.0,19.3,129,SE,1007.7,29.76,0.0,0.0,57,47,24.7,76.5,8.7,5.4,6.0,15.8,25.4,100.0,75.3,4.6,2.0,15.2,28.9,2,2,06:12 AM,07:45 PM,09:30 PM,08:15 AM,Waxing Gibbous,78
United Arab Emirates,Dubai,25.2,55.27,Asia/Dubai,1692469800,2023-08-20 00:00,41.9,107.4,Partly cloudy,6.0,9.7,125,SE,997.9,29.47,0.0,0.0,69,36,44.6,112.3,7.3,4.5,6.1,9.5,15.3,100.0,118.5,7.7,1.0,14.8,22.4,2,2,06:12 AM,07:45 PM,09:30 PM,08:15 AM,Waxing Gibbous,78
India,Mumbai,19.07,72.88,Asia/Kolkata,1692469800,2023-08-20 00:00,26.7,80.1,Overcast,5.8,9.4,278,W,1009.3,29.8,0.0,0.0,87,83,30.3,86.5,9.9,6.2,2.6,8.0,12.8,300.3,68.8,27.6,12.1,57.6,87.2,4,6,06:12 AM,07:45 PM,09:30 PM,08:15 AM,Waxing Gibbous,78
United States,San Francisco,37.77,-122.42,America/Los_Angeles,1692469800,2023-08-20 00:00,16.7,62.1,Patchy rain possible,10.1,16.2,147,SSE,1010.0,29.83,0.5,0.02,80,70,19.4,66.9,9.6,6.0,3.0,16.0,25.7,100.0,57.4,10.9,3.3,15.9,8.0,2,2,06:12 AM,07:45 PM,09:30 PM,08:15 AM,Waxing Gibbous,78
South Africa,Cape Town,-33.92,18.42,Africa/Johannesburg,1692469800,2023-08-20 00:00,10.7,51.3,Heavy rain,7.1,11.4,130,SE,1002.4,29.6,20.4,0.8,93,75,14.4,57.9,1.8,1.1,4.5,8.8,14.2,165.1,40.2,13.1,4.7,23.8,41.6,2,3,06:12 AM,07:45 PM,09:30 PM,08:15 AM,Waxing Gibbous,78
South Korea,Seoul,37.56,126.98,Asia/Seoul,1692469800,2023-08-20 00:00,27.8,82.0,Patchy rain possible,12.2,19.7,271,W,1012.0,29.88,1.5,0.06,64,67,29.4,84.9,9.0,5.6,3.8,20.9,33.7,100.0,79.8,6.6,1.0,10.2,24.6,1,2,06:12 AM,07:45 PM,09:30 PM,08:15 AM,Waxing Gibbous,78
Thailand,Bangkok,13.75,100.5,Asia/Bangkok,1692469800,2023-08-20 00:00,32.8,91.0,Partly cloudy,4.5,7.3,203,SSW,1012.8,29.91,0.0,0.0,71,41,35.8,96.4,7.7,4.8,5.7,7.6,12.2,297.9,95.6,26.4,7.5,52.7,109.2,3,6,06:12 AM,07:45 PM,09:30 PM,08:15 AM,Waxing Gibbous,78
Kenya,Nairobi,-1.29,36.82,Africa/Nairobi,1692469800,2023-08-20 00:00,15.5,59.9,Moderate rain,13.4,21.5,203,SSW,1011.9,29.88,13.6,0.54,91,88,18.3,64.9,4.2,2.6,2.3,17.8,28.6,100.0,49.5,2.0,1.0,10.2,27.5,1,2,06:12 AM,07:45 PM,09:30 PM,08:15 AM,Waxing Gibbous,78
Sweden,Stockholm,59.33,18.06,Europe/Stockholm,1692469800,2023-08-20 00:00,21.8,71.2,Partly cloudy,16.8,27.1,48,NE,1014.3,29.95,0.0,0.0,44,31,21.8,71.2,10.0,6.2,6.1,22.0,35.4,100.0,73.0,8.3,1.2,10.8,12.8,1,2,06:12 AM,07:45 PM,09:30 PM,08:15 AM,Waxing Gibbous,78
Argentina,Buenos Aires,-34.6,-58.38,America/Argentina/Buenos_Aires,1692469800,2023-08-20 00:00,15.8,60.4,Patchy rain possible,9.1,14.7,79,E,1006.9,29.73,1.9,0.07,98,86,19.5,67.1,9.6,6.0,3.3,14.6,23.5,133.4,49.1,5.3,4.0,22.6,38.1,2,3,06:12 AM,07:45 PM,09:30 PM,08:15 AM,Waxing Gibbous,78
United States,New York,40.71,-74.01,America/New_York,1692556200,2023-08-21 00:00,28.7,83.7,Partly cloudy,4.0,6.4,230,SW,1010.6,29.84,0.0,0.0,59,51,31.1,88.0,9.1,5.7,5.1,6.3,10.1,125.6,82.2,9.3,3.9,22.8,29.7,2,3,06:12 AM,07:45 PM,09:30 PM,08:15 AM,Waxing Gibbous,78
United Kingdom,London,51.51,-0.13,Europe/London,1692556200,2023-08-21 00:00,19.9,67.8,Sunny,6.5,10.5,192,SSW,1018.0,30.06,0.0,0.0,58,27,22.0,71.6,9.3,5.8,6.3,11.4,18.4,100.0,76.4,2.0,1.0,5.1,8.0,1,1,06:12 AM,07:45 PM,09:30 PM,08:15 AM,Waxing Gibbous,78
Japan,Tokyo,35.68,139.69,Asia/Tokyo,1692556200,2023-08-21 00:00,28.7,83.7,Partly cloudy,10.0,16.1,317,NW,1016.6,30.02,0.0,0.0,56,62,30.2,86.4,9.3,5.8,4.2,15.0,24.2,107.7,68.7,8.5,2.7,18.6,29.3,2,2,06:12 AM,07:45 PM,09:30 PM,08:15 AM,Waxing Gibbous,78
France,Paris,48.85,2.35,Europe/Paris,1692556200,2023-08-21 00:00,24.4,75.9,Partly cloudy,8.5,13.7,205,SSW,1022.2,30.19,0.0,0.0,58,73,26.2,79.2,9.2,5.7,2.7,12.1,19.5,119.7,63.0,18.8,1.0,18.4,24.8,2,2,06:12 AM,07:45 PM,09:30 PM,08:15 AM,Waxing Gibbous,78
India,New Delhi,28.61,77.21,Asia/Kolkata,1692556200,2023-08-21 00:00,38.0,100.4,Partly cloudy,6.9,11.1,244,WSW,1009.1,29.8,0.0,0.0,51,51,39.7,103.5,9.4,5.8,4.8,12.0,19.3,231.3,102.2,25.9,6.2,50.5,78.9,3,6,06:12 AM,07:45 PM,09:30 PM,08:15 AM,Waxing Gibbous,78
Australia,Sydney,-33.87,151.21,Australia/Sydney,1692556200,2023-08-21 00:00,12.1,53.8,Patchy rain possible,14.9,24.0,154,SSE,1005.9,29.7,2.1,0.08,98,64,15.1,59.2,9.2,5.7,4.0,18.6,30.0,100.0,34.9,7.7,2.9,16.0,27.8,2,2,06:12 AM,07:45 PM,09:30 PM,08:15 AM,Waxing Gibbous,78
Egypt,Cairo,30.04,31.24,Africa/Cairo,1692556200,2023-08-21 00:00,38.0,100.4,Partly cloudy,7.1,11.5,50,NE,1001.2,29.57,0.0,0.0,51,52,39.6,103.3,9.3,5.8,5.2,10.5,16.9,234.6,90.0,20.3,5.5,41.7,66.5,3,5,06:12 AM,07:45 PM,09:30 PM,08:15 AM,Waxing Gibbous,78
Singapore,Singapore,1.35,103.82,Asia/Singapore,1692556200,2023-08-21 00:00,33.6,92.5,Partly cloudy,14.8,23.8,83,E,1017.8,30.06,0.0,0.0,61,70,34.7,94.5,6.7,4.2,4.3,21.8,35.1,100.0,102.2,6.4,4.1,7.2,8.0,1,1,06:12 AM,07:45 PM,09:30 PM,08:15 AM,Waxing Gibbous,78
Brazil,Rio de Janeiro,-22.91,-43.17,America/Sao_Paulo,1692556200,2023-08-21 00:00,23.7,74.7,Partly cloudy,5.5,8.9,327,NNW,1017.5,30.05,0.0,0.0,72,68,26.6,79.9,9.3,5.8,3.9,9.8,15.8,100.0,58.2,2.0,1.0,14.2,8.0,2,2,06:12 AM,07:45 PM,09:30 PM,08:15 AM,Waxing Gibbous,78
Canada,Toronto,43.65,-79.38,America/Toronto,1692556200,2023-08-21 00:00,23.6,74.5,Partly cloudy,1.5,2.4,138,SE,1013.7,29.93,0.0,0.0,63,40,26.6,79.9,10.0,6.2,4.7,2.4,3.9,109.5,63.4,10.9,3.2,18.1,21.0,2,2,06:12 AM,07:45 PM,09:30 PM,08:15 AM,Waxing Gibbous,78
Germany,Berlin,52.52,13.4,Europe/Berlin,1692556200,2023-08-21 00:00,26.4,79.5,Sunny,8.5,13.7,309,NW,1010.4,29.84,0.0,0.0,26,6,26.6,79.9,8.1,5.0,7.7,11.8,19.0,100.0,83.2,6.8,1.0,4.3,8.0,1,1,06:12 AM,07:45 PM,09:30 PM,08:15 AM,Waxing Gibbous,78
United Arab Emirates,Dubai,25.2,55.27,Asia/Dubai,1692556200,2023-08-21 00:00,40.2,104.4,Partly cloudy,10.3,16.6,107,ESE,1012.5,29.9,0.0,0.0,58,65,41.8,107.2,7.3,4.5,3.3,13.8,22.2,100.0,88.8,5.3,3.3,9.2,8.0,1,1,06:12 AM,07:45 PM,09:30 PM,08:15 AM,Waxing Gibbous,78
India,Mumbai,19.07,72.88,Asia/Kolkata,1692556200,2023-08-21 00:00,32.3,90.1,Patchy rain possible,11.4,18.3,190,S,1000.1,29.53,2.5,0.1,60,62,33.8,92.8,7.8,4.8,4.5,19.6,31.6,227.8,80.9,23.2,7.1,40.2,73.2,3,5,06:12 AM,07:45 PM,09:30 PM,08:15 AM,Waxing Gibbous,78
United States,San Francisco,37.77,-122.42,America/Los_Angeles,1692556200,2023-08-21 00:00,20.9,69.6,Partly cloudy,3.0,4.9,20,NNE,1010.3,29.83,0.0,0.0,49,45,23.0,73.4,9.8,6.1,5.4,5.3,8.6,100.0,72.3,6.4,2.7,12.2,24.5,2,2,06:12 AM,07:45 PM,09:30 PM,08:15 AM,Waxing Gibbous,78
South Africa,Cape Town,-33.92,18.42,Africa/Johannesburg,1692556200,2023-08-21 00:00,14.9,58.8,Moderate rain,9.9,15.9,311,NW,1007.2,29.74,12.6,0.5,75,69,17.4,63.3,3.8,2.4,3.8,14.5,23.3,100.0,55.0,6.1,3.4,12.1,23.6,2,2,06:12 AM,07:45 PM,09:30 PM,08:15 AM,Waxing Gibbous,78
South Korea,Seoul,37.56,126.98,Asia/Seoul,1692556200,2023-08-21 00:00,27.4,81.3,Partly cloudy,8.1,13.1,76,ENE,1017.0,30.03,0.0,0.0,46,59,28.7,83.7,7.3,4.5,4.8,14.7,23.6,100.0,86.4,3.1,3.1,7.2,28.5,1,1,06:12 AM,07:45 PM,09:30 PM,08:15 AM,Waxing Gibbous,78
Thailand,Bangkok,13.75,100.5,Asia/Bangkok,1692556200,2023-08-21 00:00,34.1,93.4,Partly cloudy,11.8,19.0,35,NE,1015.2,29.98,0.0,0.0,65,53,35.8,96.4,8.5,5.3,5.4,16.5,26.5,294.8,89.1,18.5,6.2,51.5,92.2,3,6,06:12 AM,07:45 PM,09:30 PM,08:15 AM,Waxing Gibbous,78
Kenya,Nairobi,-1.29,36.82,Africa/Nairobi,1692556200,2023-08-21 00:00,17.4,63.3,Patchy rain possible,18.1,29.1,188,S,1016.0,30.0,2.8,0.11,86,68,19.4,66.9,7.8,4.8,3.9,24.2,39.0,100.0,57.0,4.0,1.0,5.3,25.3,1,1,06:12 AM,07:45 PM,09:30 PM,08:15 AM,Waxing Gibbous,78
Sweden,Stockholm,59.33,18.06,Europe/Stockholm,1692556200,2023-08-21 00:00,20.5,68.9,Partly cloudy,22.1,35.6,186,S,1018.2,30.07,0.0,0.0,42,38,19.8,67.6,9.0,5.6,4.8,31.8,51.1,100.0,64.1,2.0,1.0,7.4,30.7,1,1,06:12 AM,07:45 PM,09:30 PM,08:15 AM,Waxing Gibbous,78
Argentina,Buenos Aires,-34.6,-58.38,America/Argentina/Buenos_Aires,1692556200,2023-08-21 00:00,16.4,61.5,Moderate rain,10.3,16.6,328,NNW,1005.7,29.7,11.3,0.44,89,69,19.5,67.1,5.1,3.2,4.1,13.0,21.0,100.0,55.0,2.5,1.1,4.5,8.0,1,1,06:12 AM,07:45 PM,09:30 PM,08:15 AM,Waxing Gibbous,78
United States,New York,40.71,-74.01,America/New_York,1692642600,2023-08-22 00:00,27.4,81.3,Moderate rain,11.8,19.0,252,WSW,1005.1,29.68,9.7,0.38,76,59,29.7,85.5,5.2,3.2,5.2,19.4,31.3,100.0,74.7,2.0,3.5,4.0,8.0,1,1,06:12 AM,07:45 PM,09:30 PM,08:15 AM,Waxing Gibbous,78
United Kingdom,London,51.51,-0.13,Europe/London,1692642600,2023-08-22 00:00,23.1,73.6,Partly cloudy,5.4,8.7,320,NW,1015.5,29.99,0.0,0.0,48,52,24.8,76.6,8.0,5.0,5.1,6.6,10.7,100.0,67.4,4.7,4.6,4.0,8.6,1,1,06:12 AM,07:45 PM,09:30 PM,08:15 AM,Waxing Gibbous,78
Japan,Tokyo,35.68,139.69,Asia/Tokyo,1692642600,2023-08-22 00:00,31.6,88.9,Partly cloudy,11.2,18.1,309,NW,1019.1,30.09,0.0,0.0,47,45,32.5,90.5,9.5,5.9,5.0,16.4,26.4,100.0,89.0,5.2,3.7,10.0,12.5,1,2,06:12 AM,07:45 PM,09:30 PM,08:15 AM,Waxing Gibbous,78
France,Paris,48.85,2.35,Europe/Paris,1692642600,2023-08-22 00:00,28.1,82.6,Partly cloudy,3.2,5.1,167,SSE,1004.8,29.67,0.0,0.0,51,52,30.2,86.4,7.7,4.8,5.1,5.7,9.1,174.7,89.6,17.6,3.3,30.3,29.6,2,4,06:12 AM,07:45 PM,09:30 PM,08:15 AM,Waxing Gibbous,78
India,New Delhi,28.61,77.21,Asia/Kolkata,1692642600,2023-08-22 00:00,37.1,98.8,Partly cloudy,4.2,6.7,315,NW,1019.5,30.11,0.0,0.0,47,52,38.9,102.0,8.7,5.4,5.1,5.7,9.1,369.6,101.2,32.8,11.3,69.1,112.4,4,7,06:12 AM,07:45 PM,09:30 PM,08:15 AM,Waxing Gibbous,78
Australia,Sydney,-33.87,151.21,Australia/Sydney,1692642600,2023-08-22 00:00,15.1,59.2,Partly cloudy,9.0,14.5,50,NE,1015.5,29.99,0.0,0.0,89,60,18.4,65.1,7.2,4.5,4.0,13.1,21.1,100.0,57.8,7.3,3.5,5.7,14.8,1,1,06:12 AM,07:45 PM,09:30 PM,08:15 AM,Waxing Gibbous,78
Egypt,Cairo,30.04,31.24,Africa/Cairo,1692642600,2023-08-22 00:00,38.7,101.7,Partly cloudy,11.6,18.6,203,SSW,1023.4,30.22,0.0,0.0,58,34,40.1,104.2,8.2,5.1,5.9,16.8,27.0,237.9,106.3,24.8,10.2,47.5,73.1,3,5,06:12 AM,07:45 PM,09:30 PM,08:15 AM,Waxing Gibbous,78
Singapore,Singapore,1.35,103.82,Asia/Singapore,1692642600,2023-08-22 00:00,33.0,91.4,Partly cloudy,6.3,10.2,157,SSE,1020.8,30.14,0.0,0.0,54,34,34.9,94.8,8.1,5.0,6.3,9.8,15.8,127.8,100.2,7.5,2.2,19.9,23.0,2,2,06:12 AM,07:45 PM,09:30 PM,08:15 AM,Waxing Gibbous,78
Brazil,Rio de Janeiro,-22.91,-43.17,America/Sao_Paulo,1692642600,2023-08-22 00:00,22.2,72.0,Partly cloudy,12.0,19.3,117,ESE,1011.9,29.88,0.0,0.0,67,74,24.0,75.2,7.2,4.5,3.7,20.8,33.5,100.0,57.6,13.0,1.0,14.7,22.7,2,2,06:12 AM,07:45 PM,09:30 PM,08:15 AM,Waxing Gibbous,78
Canada,Toronto,43.65,-79.38,America/Toronto,1692642600,2023-08-22 00:00,21.8,71.2,Partly cloudy,6.8,10.9,293,WNW,1012.3,29.89,0.0,0.0,76,68,24.7,76.5,9.1,5.7,3.9,11.1,17.8,194.3,60.0,21.6,6.8,33.8,51.3,2,4,06:12 AM,07:45 PM,09:30 PM,08:15 AM,Waxing Gibbous,78
Germany,Berlin,52.52,13.4,Europe/Berlin,1692642600,2023-08-22 00:00,22.0,71.6,Partly cloudy,8.9,14.3,33,NNE,1014.0,29.94,0.0,0.0,41,39,22.9,73.2,9.0,5.6,6.6,12.4,20.0,100.0,75.9,10.4,2.9,19.4,16.8,2,2,06:12 AM,07:45 PM,09:30 PM,08:15 AM,Waxing Gibbous,78
United Arab Emirates,Dubai,25.2,55.27,Asia/Dubai,1692642600,2023-08-22 00:00,41.3,106.3,Partly cloudy,9.3,14.9,43,NE,1018.1,30.06,0.0,0.0,53,47,42.8,109.0,7.0,4.3,4.9,16.6,26.7,100.0,96.8,6.8,1.0,11.8,14.0,1,2,06:12 AM,07:45 PM,09:30 PM,08:15 AM,Waxing Gibbous,78
India,Mumbai,19.07,72.88,Asia/Kolkata,1692642600,2023-08-22 00:00,34.0,93.2,Partly cloudy,12.1,19.4,303,WNW,1008.4,29.78,0.0,0.0,70,61,35.9,96.6,7.3,4.5,5.5,16.8,27.1,235.3,97.6,21.4,4.3,44.6,67.5,3,5,06:12 AM,07:45 PM,09:30 PM,08:15 AM,Waxing Gibbous,78
United States,San Francisco,37.77,-122.42,America/Los_Angeles,1692642600,2023-08-22 00:00,16.4,61.5,Patchy rain possible,7.3,11.8,50,NE,1013.5,29.93,2.7,0.11,67,48,18.8,65.8,9.2,5.7,4.7,11.4,18.4,100.0,58.2,3.0,1.3,17.4,27.9,2,2,06:12 AM,07:45 PM,09:30 PM,08:15 AM,Waxing Gibbous,78
South Africa,Cape Town,-33.92,18.42,Africa/Johannesburg,1692642600,2023-08-22 00:00,9.5,49.1,Moderate rain,8.9,14.4,245,WSW,1013.9,29.94,4.6,0.18,81,74,12.4,54.3,7.3,4.5,3.3,16.0,25.7,100.0,24.7,7.9,1.0,5.5,8.0,1,1,06:12 AM,07:45 PM,09:30 PM,08:15 AM,Waxing Gibbous,78
South Korea,Seoul,37.56,126.98,Asia/Seoul,1692642600,2023-08-22 00:00,28.9,84.0,Partly cloudy,8.0,12.9,248,WSW,1011.2,29.86,0.0,0.0,66,69,31.2,88.2,7.9,4.9,2.9,12.9,20.8,109.8,74.0,6.9,3.4,18.8,39.9,2,2,06:12 AM,07:45 PM,09:30 PM,08:15 AM,Waxing Gibbous,78
Thailand,Bangkok,13.75,100.5,Asia/Bangkok,1692642600,2023-08-22 00:00,28.8,83.8,Patchy rain possible,10.0,16.1,266,W,1018.5,30.08,2.4,0.09,88,66,31.9,89.4,5.7,3.5,4.8,15.2,24.4,311.0,82.1,33.3,10.4,61.2,95.3,4,7,06:12 AM,07:45 PM,09:30 PM,08:15 AM,Waxing Gibbous,78
Kenya,Nairobi,-1.29,36.82,Africa/Nairobi,1692642600,2023-08-22 00:00,21.7,71.1,Partly cloudy,4.2,6.8,342,NNW,1019.4,30.1,0.0,0.0,60,54,24.2,75.6,8.7,5.4,4.2,5.5,8.8,100.0,65.5,2.0,1.2,4.0,8.0,1,1,06:12 AM,07:45 PM,09:30 PM,08:15 AM,Waxing Gibbous,78
Sweden,Stockholm,59.33,18.06,Europe/Stockholm,1692642600,2023-08-22 00:00,21.8,71.2,Partly cloudy,8.7,14.0,92,E,1013.4,29.93,0.0,0.0,66,54,24.0,75.2,7.5,4.7,4.5,15.4,24.8,119.6,74.4,11.0,6.9,30.9,52.8,2,4,06:12 AM,07:45 PM,09:30 PM,08:15 AM,Waxing Gibbous,78
Argentina,Buenos Aires,-34.6,-58.38,America/Argentina/Buenos_Aires,1692642600,2023-08-22 00:00,16.9,62.4,Partly cloudy,6.6,10.7,252,WSW,1010.6,29.84,0.0,0.0,83,53,20.2,68.4,5.3,3.3,4.8,11.0,17.7,100.0,54.7,2.0,1.0,6.8,23.0,1,1,06:12 AM,07:45 PM,09:30 PM,08:15 AM,Waxing Gibbous,78
United States,New York,40.71,-74.01,America/New_York,1692729000,2023-08-23 00:00,30.0,86.0,Sunny,15.4,24.8,70,ENE,1016.7,30.02,0.0,0.0,36,23,29.8,85.6,8.2,5.1,6.2,19.4,31.2,139.2,96.6,11.8,7.9,27.5,45.3,2,3,06:12 AM,07:45 PM,09:30 PM,08:15 AM,Waxing Gibbous,78
United Kingdom,London,51.51,-0.13,Europe/London,1692729000,2023-08-23 00:00,24.4,75.9,Sunny,3.4,5.5,234,SW,1010.9,29.85,0.0,0.0,53,29,26.6,79.9,6.5,4.0,5.3,5.5,8.8,100.0,75.2,5.1,1.0,7.1,10.4,1,1,06:12 AM,07:45 PM,09:30 PM,08:15 AM,Waxing Gibbous,78
Japan,Tokyo,35.68,139.69,Asia/Tokyo,1692729000,2023-08-23 00:00,34.8,94.6,Partly cloudy,8.2,13.2,216,SW,1010.3,29.83,0.0,0.0,53,63,36.4,97.5,10.0,6.2,5.0,10.3,16.6,100.0,97.2,6.0,2.1,4.9,13.4,1,1,06:12 AM,07:45 PM,09:30 PM,08:15 AM,Waxing Gibbous,78
France,Paris,48.85,2.35,Europe/Paris,1692729000,2023-08-23 00:00,24.5,76.1,Partly cloudy,2.0,3.2,276,W,1020.6,30.14,0.0,0.0,72,33,27.8,82.0,10.0,6.2,6.4,2.5,4.0,100.0,75.4,4.5,1.0,9.1,8.0,1,1,06:12 AM,07:45 PM,09:30 PM,08:15 AM,Waxing Gibbous,78
India,New Delhi,28.61,77.21,Asia/Kolkata,1692729000,2023-08-23 00:00,39.8,103.6,Partly cloudy,13.8,22.2,188,S,1012.4,29.9,0.0,0.0,38,56,39.9,103.8,7.3,4.5,5.0,18.5,29.8,233.5,105.9,14.9,4.3,42.2,67.3,3,5,06:12 AM,07:45 PM,09:30 PM,08:15 AM,Waxing Gibbous,78
Australia,Sydney,-33.87,151.21,Australia/Sydney,1692729000,2023-08-23 00:00,15.8,60.4,Partly cloudy,9.3,15.0,256,WSW,1013.6,29.93,0.0,0.0,79,73,18.6,65.5,7.9,4.9,4.2,16.2,26.1,100.0,58.9,5.4,3.8,4.0,8.0,1,1,06:12 AM,07:45 PM,09:30 PM,08:15 AM,Waxing Gibbous,78
Egypt,Cairo,30.04,31.24,Africa/Cairo,1692729000,2023-08-23 00:00,42.2,108.0,Partly cloudy,5.1,8.2,319,NW,1013.2,29.92,0.0,0.0,41,34,43.6,110.5,7.9,4.9,5.9,8.1,13.1,391.5,113.7,33.8,7.5,73.0,118.4,4,8,06:12 AM,07:45 PM,09:30 PM,08:15 AM,Waxing Gibbous,78
Singapore,Singapore,1.35,103.82,Asia/Singapore,1692729000,2023-08-23 00:00,28.6,83.5,Moderate rain,7.8,12.5,337,NNW,1012.3,29.89,8.9,0.35,80,50,31.6,88.9,4.9,3.0,4.6,13.7,22.1,100.0,83.6,2.5,3.8,12.3,23.7,2,2,06:12 AM,07:45 PM,09:30 PM,08:15 AM,Waxing Gibbous,78
Brazil,Rio de Janeiro,-22.91,-43.17,America/Sao_Paulo,1692729000,2023-08-23 00:00,23.5,74.3,Partly cloudy,3.9,6.3,133,SE,1008.7,29.79,0.0,0.0,68,63,26.4,79.5,7.1,4.4,4.1,5.3,8.5,137.0,62.5,10.8,4.8,25.7,53.3,2,3,06:12 AM,07:45 PM,09:30 PM,08:15 AM,Waxing Gibbous,78
Canada,Toronto,43.65,-79.38,America/Toronto,1692729000,2023-08-23 00:00,25.8,78.4,Patchy rain possible,14.6,23.5,340,NNW,1015.2,29.98,1.9,0.07,70,46,27.4,81.3,7.2,4.5,5.6,22.1,35.6,100.0,80.0,2.0,1.0,6.3,8.0,1,1,06:12 AM,07:45 PM,09:30 PM,08:15 AM,Waxing Gibbous,78
Germany,Berlin,52.52,13.4,Europe/Berlin,1692729000,2023-08-23 00:00,24.2,75.6,Sunny,7.6,12.2,154,SSE,1017.1,30.03,0.0,0.0,63,29,26.4,79.5,8.1,5.0,6.5,10.0,16.1,100.0,82.3,2.0,4.0,4.0,8.0,1,1,06:12 AM,07:45 PM,09:30 PM,08:15 AM,Waxing Gibbous,78
United Arab Emirates,Dubai,25.2,55.27,Asia/Dubai,1692729000,2023-08-23 00:00,42.3,108.1,Partly cloudy,2.8,4.5,231,SW,1004.5,29.66,0.0,0.0,53,50,44.6,112.3,9.8,6.1,5.2,4.3,6.9,100.0,113.8,7.0,2.6,14.7,8.0,2,2,06:12 AM,07:45 PM,09:30 PM,08:15 AM,Waxing Gibbous,78
India,Mumbai,19.07,72.88,Asia/Kolkata,1692729000,2023-08-23 00:00,33.4,92.1,Partly cloudy,5.7,9.1,15,NNE,1026.1,30.3,0.0,0.0,46,52,35.0,95.0,8.4,5.2,4.6,9.8,15.7,218.7,89.3,23.0,8.0,43.9,70.6,3,5,06:12 AM,07:45 PM,09:30 PM,08:15 AM,Waxing Gibbous,78
United States,San Francisco,37.77,-122.42,America/Los_Angeles,1692729000,2023-08-23 00:00,21.0,69.8,Sunny,10.7,17.3,129,SE,1004.8,29.67,0.0,0.0,55,21,22.4,72.3,10.0,6.2,6.6,16.2,26.1,140.0,71.0,2.0,1.0,20.2,31.5,2,3,06:12 AM,07:45 PM,09:30 PM,08:15 AM,Waxing Gibbous,78
South Africa,Cape Town,-33.92,18.42,Africa/Johannesburg,1692729000,2023-08-23 00:00,9.4,48.9,Patchy rain possible,13.8,22.2,303,WNW,1022.5,30.19,2.3,0.09,94,99,12.3,54.1,7.2,4.5,1.7,22.2,35.8,100.0,30.5,2.5,7.1,10.9,31.3,1,2,06:12 AM,07:45 PM,09:30 PM,08:15 AM,Waxing Gibbous,78
South Korea,Seoul,37.56,126.98,Asia/Seoul,1692729000,2023-08-23 00:00,25.9,78.6,Partly cloudy,5.3,8.5,243,WSW,998.4,29.48,0.0,0.0,52,34,27.8,82.0,10.0,6.2,5.2,9.2,14.8,100.0,76.1,5.4,2.7,11.5,25.1,1,2,06:12 AM,07:45 PM,09:30 PM,08:15 AM,Waxing Gibbous,78
Thailand,Bangkok,13.75,100.5,Asia/Bangkok,1692729000,2023-08-23 00:00,34.2,93.6,Partly cloudy,2.3,3.7,83,E,1015.2,29.98,0.0,0.0,58,42,36.8,98.2,8.0,5.0,5.2,3.2,5.1,310.4,94.9,27.2,8.2,62.0,84.8,4,7,06:12 AM,07:45 PM,09:30 PM,08:15 AM,Waxing Gibbous,78
Kenya,Nairobi,-1.29,36.82,Africa/Nairobi,1692729000,2023-08-23 00:00,20.4,68.7,Overcast,15.2,24.4,181,S,1008.5,29.78,0.0,0.0,70,86,21.9,71.4,8.8,5.5,3.1,26.3,42.4,100.0,61.3,9.6,3.5,14.0,11.5,2,2,06:12 AM,07:45 PM,09:30 PM,08:15 AM,Waxing Gibbous,78
Sweden,Stockholm,59.33,18.06,Europe/Stockholm,1692729000,2023-08-23 00:00,18.4,65.1,Partly cloudy,16.1,25.9,291,WNW,997.3,29.45,0.0,0.0,68,57,19.7,67.5,9.3,5.8,4.6,27.2,43.7,111.1,48.8,4.7,2.5,13.4,18.9,2,2,06:12 AM,07:45 PM,09:30 PM,08:15 AM,Waxing Gibbous,78
Argentina,Buenos Aires,-34.6,-58.38,America/Argentina/Buenos_Aires,1692729000,2023-08-23 00:00,13.4,56.1,Patchy rain possible,11.0,17.7,281,W,1010.0,29.83,0.5,0.02,85,53,16.2,61.2,8.4,5.2,4.2,18.6,29.9,100.0,45.5,6.5,1.0,7.7,16.3,1,1,06:12 AM,07:45 PM,09:30 PM,08:15 AM,Waxing Gibbous,78
United States,New York,40.71,-74.01,America/New_York,1692815400,2023-08-24 00:00,29.6,85.3,Partly cloudy,7.0,11.3,25,NNE,1005.7,29.7,0.0,0.0,48,33,31.1,88.0,9.4,5.8,4.9,11.8,19.0,100.0,81.7,13.2,3.4,14.4,18.5,2,2,06:12 AM,07:45 PM,09:30 PM,08:15 AM,Waxing Gibbous,78
United Kingdom,London,51.51,-0.13,Europe/London,1692815400,2023-08-24 00:00,24.2,75.6,Partly cloudy,11.0,17.7,337,NNW,1013.0,29.91,0.0,0.0,57,51,25.6,78.1,8.5,5.3,4.7,17.2,27.7,100.0,69.6,2.0,1.0,4.0,8.0,1,1,06:12 AM,07:45 PM,09:30 PM,08:15 AM,Waxing Gibbous,78
Japan,Tokyo,35.68,139.69,Asia/Tokyo,1692815400,2023-08-24 00:00,31.4,88.5,Partly cloudy,1.7,2.8,302,WNW,1013.4,29.93,0.0,0.0,45,48,33.4,92.1,10.0,6.2,5.2,2.9,4.7,100.0,94.5,14.6,1.0,11.8,24.8,1,2,06:12 AM,07:45 PM,09:30 PM,08:15 AM,Waxing Gibbous,78
France,Paris,48.85,2.35,Europe/Paris,1692815400,2023-08-24 00:00,23.0,73.4,Partly cloudy,6.3,10.1,354,N,1006.9,29.73,0.0,0.0,66,55,25.5,77.9,7.8,4.8,4.8,10.5,16.9,100.0,77.5,2.3,3.6,17.2,42.8,2,2,06:12 AM,07:45 PM,09:30 PM,08:15 AM,Waxing Gibbous,78
India,New Delhi,28.61,77.21,Asia/Kolkata,1692815400,2023-08-24 00:00,39.0,102.2,Partly cloudy,11.9,19.1,165,SSE,1019.9,30.12,0.0,0.0,58,33,40.4,104.7,10.0,6.2,5.1,18.6,30.0,244.6,101.0,23.2,8.2,48.1,66.1,3,5,06:12 AM,07:45 PM,09:30 PM,08:15 AM,Waxing Gibbous,78
Australia,Sydney,-33.87,151.21,Australia/Sydney,1692815400,2023-08-24 00:00,12.9,55.2,Overcast,12.2,19.6,355,N,1018.5,30.08,0.0,0.0,71,91,14.9,58.8,8.3,5.2,3.2,15.4,24.8,100.0,45.7,8.4,1.6,4.0,10.2,1,1,06:12 AM,07:45 PM,09:30 PM,08:15 AM,Waxing Gibbous,78
Egypt,Cairo,30.04,31.24,Africa/Cairo,1692815400,2023-08-24 00:00,40.0,104.0,Partly cloudy,4.0,6.4,169,S,1001.9,29.59,0.0,0.0,64,56,42.7,108.9,10.0,6.2,4.4,6.9,11.1,316.7,104.1,24.1,9.5,55.8,92.1,4,6,06:12 AM,07:45 PM,09:30 PM,08:15 AM,Waxing Gibbous,78
Singapore,Singapore,1.35,103.82,Asia/Singapore,1692815400,2023-08-24 00:00,28.7,83.7,Partly cloudy,3.9,6.2,20,NNE,1014.2,29.95,0.0,0.0,62,56,31.3,88.3,7.2,4.5,4.6,6.4,10.3,130.8,83.7,7.8,1.0,23.4,28.1,2,3,06:12 AM,07:45 PM,09:30 PM,08:15 AM,Waxing Gibbous,78
Brazil,Rio de Janeiro,-22.91,-43.17,America/Sao_Paulo,1692815400,2023-08-24 00:00,21.2,70.2,Overcast,11.9,19.2,173,S,1017.5,30.05,0.0,0.0,53,94,22.3,72.1,9.1,5.7,3.4,21.3,34.2,100.0,61.8,2.0,3.7,7.8,11.0,1,1,06:12 AM,07:45 PM,09:30 PM,08:15 AM,Waxing Gibbous,78
Canada,Toronto,43.65,-79.38,America/Toronto,1692815400,2023-08-24 00:00,24.0,75.2,Partly cloudy,6.4,10.3,102,ESE,1009.5,29.81,0.0,0.0,57,54,26.0,78.8,7.9,4.9,4.8,8.5,13.6,112.2,67.8,5.1,1.0,14.8,33.1,2,2,06:12 AM,07:45 PM,09:30 PM,08:15 AM,Waxing Gibbous,78
Germany,Berlin,52.52,13.4,Europe/Berlin,1692815400,2023-08-24 00:00,24.9,76.8,Partly cloudy,12.2,19.6,207,SSW,1011.6,29.87,0.0,0.0,48,46,25.7,78.3,8.6,5.3,4.4,17.8,28.6,100.0,76.0,5.6,4.5,9.7,8.9,1,1,06:12 AM,07:45 PM,09:30 PM,08:15 AM,Waxing Gibbous,78
United Arab Emirates,Dubai,25.2,55.27,Asia/Dubai,1692815400,2023-08-24 00:00,39.0,102.2,Patchy rain possible,12.0,19.3,246,WSW,1006.0,29.71,1.4,0.06,73,66,41.1,106.0,7.8,4.8,3.2,19.0,30.6,100.0,94.7,3.7,1.5,12.8,31.0,2,2,06:12 AM,07:45 PM,09:30 PM,08:15 AM,Waxing Gibbous,78
India,Mumbai,19.07,72.88,Asia/Kolkata,1692815400,2023-08-24 00:00,35.6,96.1,Partly cloudy,7.3,11.7,27,NNE,1016.5,30.02,0.0,0.0,53,58,37.3,99.1,9.2,5.7,4.8,11.9,19.2,235.8,93.7,21.2,4.0,45.8,65.3,3,5,06:12 AM,07:45 PM,09:30 PM,08:15 AM,Waxing Gibbous,78
United States,San Francisco,37.77,-122.42,America/Los_Angeles,1692815400,2023-08-24 00:00,16.7,62.1,Patchy rain possible,25.2,40.6,304,NW,1015.3,29.98,3.4,0.13,79,62,17.4,63.3,8.0,5.0,5.2,35.9,57.7,100.0,58.4,2.9,1.0,6.2,8.0,1,1,06:12 AM,07:45 PM,09:30 PM,08:15 AM,Waxing Gibbous,78
South Africa,Cape Town,-33.92,18.42,Africa/Johannesburg,1692815400,2023-08-24 00:00,8.8,47.8,Overcast,6.3,10.1,136,SE,1016.6,30.02,0.0,0.0,92,100,12.6,54.7,10.0,6.2,2.3,11.2,18.1,100.0,26.7,10.7,4.9,17.1,31.3,2,2,06:12 AM,07:45 PM,09:30 PM,08:15 AM,Waxing Gibbous,78
South Korea,Seoul,37.56,126.98,Asia/Seoul,1692815400,2023-08-24 00:00,26.3,79.3,Heavy rain,14.4,23.2,250,WSW,1003.7,29.64,18.1,0.71,75,70,28.2,82.8,5.0,3.1,2.9,25.7,41.3,100.0,72.4,2.0,1.0,10.8,20.7,1,2,06:12 AM,07:45 PM,09:30 PM,08:15 AM,Waxing Gibbous,78
Thailand,Bangkok,13.75,100.5,Asia/Bangkok,1692815400,2023-08-24 00:00,34.7,94.5,Sunny,2.6,4.2,124,SE,1020.3,30.13,0.0,0.0,49,18,36.8,98.2,8.5,5.3,7.2,4.0,6.5,304.0,109.2,22.3,9.5,65.1,95.3,4,7,06:12 AM,07:45 PM,09:30 PM,08:15 AM,Waxing Gibbous,78
Kenya,Nairobi,-1.29,36.82,Africa/Nairobi,1692815400,2023-08-24 00:00,18.4,65.1,Patchy rain possible,16.7,26.9,199,SSW,1014.3,29.95,1.5,0.06,86,83,20.5,68.9,9.9,6.2,2.5,20.9,33.7,100.0,53.5,14.8,3.0,16.1,25.7,2,2,06:12 AM,07:45 PM,09:30 PM,08:15 AM,Waxing Gibbous,78
Sweden,Stockholm,59.33,18.06,Europe/Stockholm,1692815400,2023-08-24 00:00,18.5,65.3,Partly cloudy,3.0,4.8,7,N,1011.6,29.87,0.0,0.0,56,41,20.9,69.6,10.0,6.2,6.3,4.0,6.5,100.0,62.9,8.8,1.0,9.2,11.9,1,1,06:12 AM,07:45 PM,09:30 PM,08:15 AM,Waxing Gibbous,78
Argentina,Buenos Aires,-34.6,-58.38,America/Argentina/Buenos_Aires,1692815400,2023-08-24 00:00,12.7,54.9,Moderate rain,7.8,12.5,136,SE,1005.0,29.68,12.3,0.48,88,75,16.1,61.0,4.5,2.8,3.8,12.2,19.7,100.0,34.2,2.0,1.7,4.8,9.0,1,1,06:12 AM,07:45 PM,09:30 PM,08:15 AM,Waxing Gibbous,78
United States,New York,40.71,-74.01,America/New_York,1692901800,2023-08-25 00:00,28.6,83.5,Partly cloudy,3.0,4.9,199,SSW,1010.9,29.85,0.0,0.0,57,49,31.1,88.0,9.2,5.7,5.3,4.0,6.4,114.4,86.8,11.6,3.0,17.6,19.8,2,2,06:12 AM,07:45 PM,09:30 PM,08:15 AM,Waxing Gibbous,78
United Kingdom,London,51.51,-0.13,Europe/London,1692901800,2023-08-25 00:00,22.7,72.9,Moderate rain,15.4,24.8,157,SSE,1007.5,29.75,10.0,0.39,72,50,24.3,75.7,5.6,3.5,5.6,20.6,33.2,100.0,74.8,9.4,1.0,22.7,36.0,2,3,06:12 AM,07:45 PM,09:30 PM,08:15 AM,Waxing Gibbous,78
Japan,Tokyo,35.68,139.69,Asia/Tokyo,1692901800,2023-08-25 00:00,28.0,82.4,Patchy rain possible,11.4,18.4,206,SSW,1000.4,29.54,0.2,0.01,74,56,30.2,86.4,8.4,5.2,5.2,14.2,22.8,100.0,76.4,6.7,4.3,15.7,53.6,2,2,06:12 AM,07:45 PM,09:30 PM,08:15 AM,Waxing Gibbous,78
France,Paris,48.85,2.35,Europe/Paris,1692901800,2023-08-25 00:00,28.4,83.1,Sunny,10.0,16.1,10,N,1021.9,30.18,0.0,0.0,32,22,28.7,83.7,8.2,5.1,6.6,13.2,21.2,100.0,85.8,3.0,1.5,14.0,8.0,2,2,06:12 AM,07:45 PM,09:30 PM,08:15 AM,Waxing Gibbous,78
India,New Delhi,28.61,77.21,Asia/Kolkata,1692901800,2023-08-25 00:00,33.9,93.0,Moderate rain,26.2,42.2,22,NNE,1006.3,29.72,9.0,0.35,62,37,33.6,92.5,7.4,4.6,5.8,35.9,57.7,175.8,95.8,15.1,5.8,36.6,48.4,3,4,06:12 AM,07:45 PM,09:30 PM,08:15 AM,Waxing Gibbous,78
Australia,Sydney,-33.87,151.21,Australia/Sydney,1692901800,2023-08-25 00:00,15.5,59.9,Patchy rain possible,11.3,18.2,11,N,1011.3,29.86,1.7,0.07,68,61,17.4,63.3,7.7,4.8,5.0,18.6,30.0,100.0,53.9,8.1,1.0,11.6,21.4,1,2,06:12 AM,07:45 PM,09:30 PM,08:15 AM,Waxing Gibbous,78
Egypt,Cairo,30.04,31.24,Africa/Cairo,1692901800,2023-08-25 00:00,39.9,103.8,Partly cloudy,7.9,12.7,324,NW,1017.1,30.03,0.0,0.0,71,56,42.4,108.3,8.1,5.0,4.2,14.1,22.7,338.8,103.3,21.0,8.1,57.5,86.3,4,6,06:12 AM,07:45 PM,09:30 PM,08:15 AM,Waxing Gibbous,78
Singapore,Singapore,1.35,103.82,Asia/Singapore,1692901800,2023-08-25 00:00,28.0,82.4,Partly cloudy,4.4,7.1,330,NNW,1001.8,29.58,0.0,0.0,63,65,30.6,87.1,8.6,5.3,3.7,6.7,10.8,100.0,70.2,8.1,1.1,17.6,25.6,2,2,06:12 AM,07:45 PM,09:30 PM,08:15 AM,Waxing Gibbous,78
Brazil,Rio de Janeiro,-22.91,-43.17,America/Sao_Paulo,1692901800,2023-08-25 00:00,25.1,77.2,Overcast,10.4,16.7,257,WSW,1007.4,29.75,0.0,0.0,76,81,27.6,81.7,8.2,5.1,3.4,16.2,26.0,100.0,66.0,2.0,1.0,7.6,35.8,1,1,06:12 AM,07:45 PM,09:30 PM,08:15 AM,Waxing Gibbous,78
Canada,Toronto,43.65,-79.38,America/Toronto,1692901800,2023-08-25 00:00,24.1,75.4,Patchy rain possible,15.0,24.1,218,SW,1006.2,29.71,1.4,0.06,73,74,25.8,78.4,8.7,5.4,3.2,19.7,31.7,120.2,64.1,6.1,2.9,24.6,55.5,2,3,06:12 AM,07:45 PM,09:30 PM,08:15 AM,Waxing Gibbous,78
Germany,Berlin,52.52,13.4,Europe/Berlin,1692901800,2023-08-25 00:00,24.8,76.6,Sunny,8.7,14.0,2,N,1018.4,30.07,0.0,0.0,40,13,25.7,78.3,10.0,6.2,7.5,12.0,19.3,100.0,84.6,2.5,3.4,9.3,12.6,1,1,06:12 AM,07:45 PM,09:30 PM,08:15 AM,Waxing Gibbous,78
United Arab Emirates,Dubai,25.2,55.27,Asia/Dubai,1692901800,2023-08-25 00:00,40.2,104.4,Partly cloudy,13.2,21.2,310,NW,1007.9,29.76,0.0,0.0,78,63,42.4,108.3,7.9,4.9,4.2,18.0,28.9,100.0,95.9,7.7,6.3,18.5,18.5,2,2,06:12 AM,07:45 PM,09:30 PM,08:15 AM,Waxing Gibbous,78
India,Mumbai,19.07,72.88,Asia/Kolkata,1692901800,2023-08-25 00:00,35.1,95.2,Partly cloudy,9.1,14.7,351,N,1014.5,29.96,0.0,0.0,59,48,36.9,98.4,8.9,5.5,5.3,11.6,18.7,255.3,98.0,18.3,12.9,50.6,79.3,3,6,06:12 AM,07:45 PM,09:30 PM,08:15 AM,Waxing Gibbous,78
United States,San Francisco,37.77,-122.42,America/Los_Angeles,1692901800,2023-08-25 00:00,21.7,71.1,Partly cloudy,7.4,11.9,213,SSW,1005.5,29.69,0.0,0.0,54,36,23.4,74.1,9.9,6.2,6.3,8.9,14.4,100.0,75.4,6.4,1.6,21.6,32.2,2,3,06:12 AM,07:45 PM,09:30 PM,08:15 AM,Waxing Gibbous,78
South Africa,Cape Town,-33.92,18.42,Africa/Johannesburg,1692901800,2023-08-25 00:00,11.4,52.5,Partly cloudy,6.3,10.1,165,SSE,1010.1,29.83,0.0,0.0,76,67,14.4,57.9,8.3,5.2,4.2,9.9,16.0,132.1,49.0,4.7,2.4,17.3,23.9,2,2,06:12 AM,07:45 PM,09:30 PM,08:15 AM,Waxing Gibbous,78
South Korea,Seoul,37.56,126.98,Asia/Seoul,1692901800,2023-08-25 00:00,30.7,87.3,Sunny,10.7,17.3,228,SW,1017.5,30.05,0.0,0.0,29,2,30.8,87.4,8.8,5.5,8.7,15.8,25.4,100.0,104.3,5.2,4.1,10.9,30.4,1,2,06:12 AM,07:45 PM,09:30 PM,08:15 AM,Waxing Gibbous,78
Thailand,Bangkok,13.75,100.5,Asia/Bangkok,1692901800,2023-08-25 00:00,35.7,96.3,Partly cloudy,4.1,6.6,35,NE,1006.6,29.72,0.0,0.0,59,51,38.1,100.6,8.7,5.4,4.9,5.0,8.1,320.5,101.9,23.7,6.9,55.7,104.4,4,6,06:12 AM,07:45 PM,09:30 PM,08:15 AM,Waxing Gibbous,78
Kenya,Nairobi,-1.29,36.82,Africa/Nairobi,1692901800,2023-08-25 00:00,17.7,63.9,Overcast,8.0,12.9,129,SE,1010.4,29.84,0.0,0.0,84,86,20.9,69.6,8.4,5.2,3.0,14.0,22.5,100.0,57.0,7.7,4.9,10.9,26.2,1,2,06:12 AM,07:45 PM,09:30 PM,08:15 AM,Waxing Gibbous,78
Sweden,Stockholm,59.33,18.06,Europe/Stockholm,1692901800,2023-08-25 00:00,17.2,63.0,Partly cloudy,5.8,9.4,48,NE,1019.0,30.09,0.0,0.0,73,63,20.1,68.2,8.3,5.2,3.5,8.9,14.3,128.2,52.6,11.3,5.5,28.9,43.8,2,3,06:12 AM,07:45 PM,09:30 PM,08:15 AM,Waxing Gibbous,78
Argentina,Buenos Aires,-34.6,-58.38,America/Argentina/Buenos_Aires,1692901800,2023-08-25 00:00,14.1,57.4,Partly cloudy,6.8,11.0,300,WNW,1004.8,29.67,0.0,0.0,59,61,16.2,61.2,10.0,6.2,4.0,11.6,18.6,100.0,42.8,2.0,2.7,4.0,8.0,1,1,06:12 AM,07:45 PM,09:30 PM,08:15 AM,Waxing Gibbous,78
United States,New York,40.71,-74.01,America/New_York,1692988200,2023-08-26 00:00,30.5,86.9,Partly cloudy,11.6,18.6,327,NNW,1010.9,29.85,0.0,0.0,42,34,31.1,88.0,8.3,5.2,6.0,20.6,33.1,100.0,91.9,5.8,4.4,18.0,28.3,2,2,06:12 AM,07:45 PM,09:30 PM,08:15 AM,Waxing Gibbous,78
United Kingdom,London,51.51,-0.13,Europe/London,1692988200,2023-08-26 00:00,20.1,68.2,Partly cloudy,3.9,6.2,194,SSW,1019.8,30.11,0.0,0.0,61,48,22.7,72.9,9.0,5.6,5.3,6.2,9.9,100.0,69.5,9.3,2.4,13.7,12.5,2,2,06:12 AM,07:45 PM,09:30 PM,08:15 AM,Waxing Gibbous,78
Japan,Tokyo,35.68,139.69,Asia/Tokyo,1692988200,2023-08-26 00:00,36.3,97.3,Partly cloudy,12.6,20.3,314,NW,1021.2,30.16,0.0,0.0,56,33,37.5,99.5,9.6,6.0,5.9,22.4,36.1,100.0,104.2,2.0,1.0,4.0,8.0,1,1,06:12 AM,07:45 PM,09:30 PM,08:15 AM,Waxing Gibbous,78
France,Paris,48.85,2.35,Europe/Paris,1692988200,2023-08-26 00:00,26.9,80.4,Overcast,8.5,13.6,236,SW,1007.0,29.74,0.0,0.0,66,81,29.1,84.4,8.5,5.3,3.3,12.9,20.7,100.0,72.6,5.6,3.5,12.9,13.6,2,2,06:12 AM,07:45 PM,09:30 PM,08:15 AM,Waxing Gibbous,78
India,New Delhi,28.61,77.21,Asia/Kolkata,1692988200,2023-08-26 00:00,39.0,102.2,Partly cloudy,11.9,19.1,25,NNE,1008.8,29.79,0.0,0.0,50,49,40.0,104.0,10.0,6.2,4.6,20.9,33.6,230.0,105.1,30.2,2.1,45.7,73.5,3,5,06:12 AM,07:45 PM,09:30 PM,08:15 AM,Waxing Gibbous,78
Australia,Sydney,-33.87,151.21,Australia/Sydney,1692988200,2023-08-26 00:00,14.8,58.6,Overcast,1.2,2.0,118,ESE,1014.8,29.97,0.0,0.0,83,77,18.8,65.8,7.8,4.8,3.6,1.6,2.5,120.9,52.9,13.1,1.8,25.3,31.4,2,3,06:12 AM,07:45 PM,09:30 PM,08:15 AM,Waxing Gibbous,78
Egypt,Cairo,30.04,31.24,Africa/Cairo,1692988200,2023-08-26 00:00,38.8,101.8,Overcast,8.1,13.1,234,SW,1008.1,29.77,0.0,0.0,74,80,41.5,106.7,8.8,5.5,2.8,12.4,20.0,271.8,89.4,26.6,8.1,51.7,93.2,3,6,06:12 AM,07:45 PM,09:30 PM,08:15 AM,Waxing Gibbous,78
Singapore,Singapore,1.35,103.82,Asia/Singapore,1692988200,2023-08-26 00:00,32.7,90.9,Partly cloudy,10.3,16.6,90,E,1010.7,29.85,0.0,0.0,63,53,34.5,94.1,9.7,6.0,4.9,14.9,24.0,100.0,88.0,2.9,3.3,13.7,8.0,2,2,06:12 AM,07:45 PM,09:30 PM,08:15 AM,Waxing Gibbous,78
Brazil,Rio de Janeiro,-22.91,-43.17,America/Sao_Paulo,1692988200,2023-08-26 00:00,22.0,71.6,Overcast,7.3,11.8,182,S,1016.7,30.02,0.0,0.0,76,94,24.9,76.8,6.1,3.8,3.2,10.4,16.7,115.3,60.1,8.8,5.2,15.8,31.2,2,2,06:12 AM,07:45 PM,09:30 PM,08:15 AM,Waxing Gibbous,78
Canada,Toronto,43.65,-79.38,America/Toronto,1692988200,2023-08-26 00:00,29.1,84.4,Partly cloudy,10.4,16.7,29,NNE,1014.5,29.96,0.0,0.0,25,33,29.0,84.2,9.7,6.0,6.7,15.0,24.1,100.0,91.0,9.9,2.2,10.2,20.3,1,2,06:12 AM,07:45 PM,09:30 PM,08:15 AM,Waxing Gibbous,78
Germany,Berlin,52.52,13.4,Europe/Berlin,1692988200,2023-08-26 00:00,27.4,81.3,Sunny,1.2,2.0,336,NNW,1001.4,29.57,0.0,0.0,47,23,29.6,85.3,9.8,6.1,7.3,1.6,2.6,122.7,95.8,2.8,1.0,14.4,24.2,2,2,06:12 AM,07:45 PM,09:30 PM,08:15 AM,Waxing Gibbous,78
United Arab Emirates,Dubai,25.2,55.27,Asia/Dubai,1692988200,2023-08-26 00:00,47.1,116.8,Partly cloudy,2.2,3.6,160,SSE,1014.2,29.95,0.0,0.0,53,52,49.5,121.1,9.6,6.0,4.7,3.0,4.9,146.7,121.3,15.3,3.0,27.4,27.8,2,3,06:12 AM,07:45 PM,09:30 PM,08:15 AM,Waxing Gibbous,78
India,Mumbai,19.07,72.88,Asia/Kolkata,1692988200,2023-08-26 00:00,32.6,90.7,Partly cloudy,7.5,12.1,310,NW,1011.3,29.86,0.0,0.0,70,49,35.1,95.2,8.7,5.4,4.5,10.4,16.8,288.4,94.7,32.5,6.4,58.0,98.8,4,6,06:12 AM,07:45 PM,09:30 PM,08:15 AM,Waxing Gibbous,78
United States,San Francisco,37.77,-122.42,America/Los_Angeles,1692988200,2023-08-26 00:00,21.9,71.4,Overcast,11.4,18.3,3,N,1008.7,29.79,0.0,0.0,71,84,24.0,75.2,9.2,5.7,3.7,16.2,26.1,100.0,59.0,6.1,1.0,4.0,8.0,1,1,06:12 AM,07:45 PM,09:30 PM,08:15 AM,Waxing Gibbous,78
South Africa,Cape Town,-33.92,18.42,Africa/Johannesburg,1692988200,2023-08-26 00:00,13.4,56.1,Moderate rain,16.5,26.5,197,SSW,1017.0,30.03,6.4,0.25,82,83,15.4,59.7,6.7,4.2,2.8,26.8,43.2,100.0,33.5,5.7,2.4,9.0,16.2,1,1,06:12 AM,07:45 PM,09:30 PM,08:15 AM,Waxing Gibbous,78
South Korea,Seoul,37.56,126.98,Asia/Seoul,1692988200,2023-08-26 00:00,28.7,83.7,Partly cloudy,9.1,14.6,38,NE,1014.3,29.95,0.0,0.0,72,67,31.1,88.0,9.2,5.7,4.2,14.0,22.5,172.6,79.1,12.0,2.6,29.9,33.6,2,3,06:12 AM,07:45 PM,09:30 PM,08:15 AM,Waxing Gibbous,78
Thailand,Bangkok,13.75,100.5,Asia/Bangkok,1692988200,2023-08-26 00:00,37.4,99.3,Partly cloudy,13.1,21.1,215,SW,1018.8,30.09,0.0,0.0,37,40,37.6,99.7,8.6,5.3,6.3,17.9,28.8,233.3,111.2,22.3,3.7,43.5,98.0,3,5,06:12 AM,07:45 PM,09:30 PM,08:15 AM,Waxing Gibbous,78
Kenya,Nairobi,-1.29,36.82,Africa/Nairobi,1692988200,2023-08-26 00:00,19.0,66.2,Moderate rain,7.8,12.6,128,SE,1010.0,29.83,4.3,0.17,79,81,21.9,71.4,6.6,4.1,3.5,11.6,18.7,128.5,52.9,14.1,2.6,20.1,34.8,2,3,06:12 AM,07:45 PM,09:30 PM,08:15 AM,Waxing Gibbous,78
Sweden,Stockholm,59.33,18.06,Europe/Stockholm,1692988200,2023-08-26 00:00,18.5,65.3,Partly cloudy,10.5,16.9,25,NNE,1015.3,29.98,0.0,0.0,74,69,20.8,69.4,8.7,5.4,4.3,17.7,28.5,100.0,60.7,2.0,4.0,4.4,8.0,1,1,06:12 AM,07:45 PM,09:30 PM,08:15 AM,Waxing Gibbous,78
Argentina,Buenos Aires,-34.6,-58.38,America/Argentina/Buenos_Aires,1692988200,2023-08-26 00:00,13.2,55.8,Patchy rain possible,14.2,22.9,114,ESE,1025.8,30.29,0.1,0.0,82,90,15.5,59.9,8.4,5.2,3.6,22.1,35.5,100.0,45.0,6.4,1.6,4.0,8.8,1,1,06:12 AM,07:45 PM,09:30 PM,08:15 AM,Waxing Gibbous,78
United States,New York,40.71,-74.01,America/New_York,1693074600,2023-08-27 00:00,27.3,81.1,Partly cloudy,3.1,5.0,153,SSE,1015.3,29.98,0.0,0.0,54,60,29.6,85.3,9.2,5.7,3.5,5.0,8.0,117.5,65.6,11.3,5.0,25.6,30.5,2,3,06:12 AM,07:45 PM,09:30 PM,08:15 AM,Waxing Gibbous,78
United Kingdom,London,51.51,-0.13,Europe/London,1693074600,2023-08-27 00:00,21.9,71.4,Partly cloudy,7.2,11.6,151,SSE,1015.3,29.98,0.0,0.0,68,53,24.4,75.9,7.7,4.8,5.1,11.2,18.1,100.0,74.9,6.6,1.4,11.9,29.1,1,2,06:12 AM,07:45 PM,09:30 PM,08:15 AM,Waxing Gibbous,78
Japan,Tokyo,35.68,139.69,Asia/Tokyo,1693074600,2023-08-27 00:00,27.5,81.5,Overcast,14.2,22.9,288,WNW,1018.9,30.09,0.0,0.0,74,78,29.4,84.9,7.9,4.9,4.2,25.0,40.3,100.0,76.4,2.0,3.0,4.0,13.0,1,1,06:12 AM,07:45 PM,09:30 PM,08:15 AM,Waxing Gibbous,78
France,Paris,48.85,2.35,Europe/Paris,1693074600,2023-08-27 00:00,25.2,77.4,Partly cloudy,10.3,16.5,318,NW,1015.8,30.0,0.0,0.0,67,63,27.2,81.0,7.0,4.3,3.4,17.8,28.7,100.0,63.9,8.4,4.4,13.5,14.2,2,2,06:12 AM,07:45 PM,09:30 PM,08:15 AM,Waxing Gibbous,78
India,New Delhi,28.61,77.21,Asia/Kolkata,1693074600,2023-08-27 00:00,38.0,100.4,Partly cloudy,4.4,7.1,139,SE,1007.0,29.74,0.0,0.0,67,57,40.8,105.4,9.7,6.0,4.6,7.5,12.1,246.6,101.1,24.4,9.1,52.6,101.6,3,6,06:12 AM,07:45 PM,09:30 PM,08:15 AM,Waxing Gibbous,78
Australia,Sydney,-33.87,151.21,Australia/Sydney,1693074600,2023-08-27 00:00,12.1,53.8,Patchy rain possible,7.3,11.7,28,NNE,1010.3,29.83,3.8,0.15,84,100,15.4,59.7,6.2,3.9,1.7,10.8,17.4,100.0,34.0,8.1,1.1,6.9,8.0,1,1,06:12 AM,07:45 PM,09:30 PM,08:15 AM,Waxing Gibbous,78
Egypt,Cairo,30.04,31.24,Africa/Cairo,1693074600,2023-08-27 00:00,41.4,106.5,Sunny,6.0,9.7,2,N,1017.9,30.06,0.0,0.0,55,28,43.4,110.1,7.5,4.7,6.3,10.6,17.1,278.7,118.7,23.3,7.0,54.3,85.5,3,6,06:12 AM,07:45 PM,09:30 PM,08:15 AM,Waxing Gibbous,78
Singapore,Singapore,1.35,103.82,Asia/Singapore,1693074600,2023-08-27 00:00,27.7,81.9,Partly cloudy,4.0,6.4,269,W,1020.8,30.14,0.0,0.0,73,58,30.8,87.4,7.7,4.8,4.5,7.1,11.5,100.0,83.3,2.0,2.3,17.4,24.5,2,2,06:12 AM,07:45 PM,09:30 PM,08:15 AM,Waxing Gibbous,78
Brazil,Rio de Janeiro,-22.91,-43.17,America/Sao_Paulo,1693074600,2023-08-27 00:00,22.1,71.8,Partly cloudy,19.8,31.9,13,NNE,1015.2,29.98,0.0,0.0,85,67,23.8,74.8,8.2,5.1,4.3,29.0,46.6,143.3,64.0,10.5,2.7,23.9,38.2,2,3,06:12 AM,07:45 PM,09:30 PM,08:15 AM,Waxing Gibbous,78
Canada,Toronto,43.65,-79.38,America/Toronto,1693074600,2023-08-27 00:00,31.9,89.4,Partly cloudy,6.0,9.6,121,ESE,1004.7,29.67,0.0,0.0,40,65,33.1,91.6,9.4,5.8,4.3,8.5,13.7,100.0,94.4,10.9,3.6,14.8,40.0,2,2,06:12 AM,07:45 PM,09:30 PM,08:15 AM,Waxing Gibbous,78
Germany,Berlin,52.52,13.4,Europe/Berlin,1693074600,2023-08-27 00:00,25.1,77.2,Partly cloudy,7.8,12.6,173,S,1012.6,29.9,0.0,0.0,71,36,27.6,81.7,9.0,5.6,6.2,12.5,20.1,157.3,87.6,11.2,6.9,27.1,37.9,2,3,06:12 AM,07:45 PM,09:30 PM,08:15 AM,Waxing Gibbous,78
United Arab Emirates,Dubai,25.2,55.27,Asia/Dubai,1693074600,2023-08-27 00:00,41.5,106.7,Partly cloudy,6.0,9.7,110,ESE,1013.0,29.91,0.0,0.0,48,42,43.1,109.6,8.6,5.3,5.5,8.6,13.9,100.0,110.3,2.1,1.4,17.8,44.5,2,2,06:12 AM,07:45 PM,09:30 PM,08:15 AM,Waxing Gibbous,78
India,Mumbai,19.07,72.88,Asia/Kolkata,1693074600,2023-08-27 00:00,35.8,96.4,Partly cloudy,6.8,11.0,131,SE,1010.0,29.83,0.0,0.0,72,65,38.5,101.3,7.5,4.7,4.3,9.4,15.1,229.9,92.8,23.6,7.6,51.4,97.1,3,6,06:12 AM,07:45 PM,09:30 PM,08:15 AM,Waxing Gibbous,78
United States,San Francisco,37.77,-122.42,America/Los_Angeles,1693074600,2023-08-27 00:00,18.6,65.5,Partly cloudy,5.5,8.9,31,NNE,1009.1,29.8,0.0,0.0,77,66,21.7,71.1,7.3,4.5,3.7,9.0,14.5,100.0,50.4,7.2,1.0,4.0,8.0,1,1,06:12 AM,07:45 PM,09:30 PM,08:15 AM,Waxing Gibbous,78
South Africa,Cape Town,-33.92,18.42,Africa/Johannesburg,1693074600,2023-08-27 00:00,11.3,52.3,Partly cloudy,18.3,29.4,292,WNW,1010.6,29.84,0.0,0.0,82,71,13.0,55.4,8.7,5.4,4.5,29.0,46.6,100.0,43.0,5.8,3.8,17.2,22.3,2,2,06:12 AM,07:45 PM,09:30 PM,08:15 AM,Waxing Gibbous,78
South Korea,Seoul,37.56,126.98,Asia/Seoul,1693074600,2023-08-27 00:00,29.2,84.6,Partly cloudy,3.4,5.5,57,ENE,1014.6,29.96,0.0,0.0,67,65,32.1,89.8,10.0,6.2,3.7,6.0,9.6,100.0,71.1,2.0,1.0,6.0,10.9,1,1,06:12 AM,07:45 PM,09:30 PM,08:15 AM,Waxing Gibbous,78
Thailand,Bangkok,13.75,100.5,Asia/Bangkok,1693074600,2023-08-27 00:00,35.0,95.0,Sunny,1.6,2.6,3,N,1015.7,29.99,0.0,0.0,42,21,36.9,98.4,8.5,5.3,6.7,2.9,4.7,326.3,104.2,29.3,10.8,58.6,93.8,4,6,06:12 AM,07:45 PM,09:30 PM,08:15 AM,Waxing Gibbous,78
Kenya,Nairobi,-1.29,36.82,Africa/Nairobi,1693074600,2023-08-27 00:00,18.5,65.3,Partly cloudy,9.1,14.7,307,NW,1018.9,30.09,0.0,0.0,67,55,20.7,69.3,8.3,5.2,4.9,15.9,25.6,100.0,55.0,2.2,6.3,11.7,46.6,1,2,06:12 AM,07:45 PM,09:30 PM,08:15 AM,Waxing Gibbous,78
Sweden,Stockholm,59.33,18.06,Europe/Stockholm,1693074600,2023-08-27 00:00,19.3,66.7,Overcast,4.0,6.4,58,ENE,1007.3,29.75,0.0,0.0,83,84,22.9,73.2,9.3,5.8,3.3,6.0,9.7,100.0,58.9,6.3,1.8,17.0,9.2,2,2,06:12 AM,07:45 PM,09:30 PM,08:15 AM,Waxing Gibbous,78
Argentina,Buenos Aires,-34.6,-58.38,America/Argentina/Buenos_Aires,1693074600,2023-08-27 00:00,11.9,53.4,Moderate rain,9.7,15.6,163,SSE,1009.8,29.82,8.7,0.34,83,83,14.8,58.6,5.0,3.1,2.8,16.9,27.2,100.0,28.4,2.0,3.3,11.1,8.0,1,2,06:12 AM,07:45 PM,09:30 PM,08:15 AM,Waxing Gibbous,78
United States,New York,40.71,-74.01,America/New_York,1693161000,2023-08-28 00:00,25.2,77.4,Partly cloudy,6.3,10.1,102,ESE,1003.2,29.62,0.0,0.0,64,63,27.6,81.7,9.3,5.8,4.3,9.6,15.4,100.0,78.1,2.0,2.2,6.2,8.6,1,1,06:12 AM,07:45 PM,09:30 PM,08:15 AM,Waxing Gibbous,78
United Kingdom,London,51.51,-0.13,Europe/London,1693161000,2023-08-28 00:00,21.9,71.4,Partly cloudy,12.2,19.7,55,NE,1030.8,30.44,0.0,0.0,56,51,23.1,73.6,9.1,5.7,5.1,20.3,32.6,100.0,72.9,2.0,1.9,4.0,8.0,1,1,06:12 AM,07:45 PM,09:30 PM,08:15 AM,Waxing Gibbous,78
Japan,Tokyo,35.68,139.69,Asia/Tokyo,1693161000,2023-08-28 00:00,32.7,90.9,Sunny,8.3,13.4,292,WNW,1012.5,29.9,0.0,0.0,54,30,34.3,93.7,8.4,5.2,5.6,12.2,19.6,100.0,91.3,3.6,4.4,10.5,28.1,1,2,06:12 AM,07:45 PM,09:30 PM,08:15 AM,Waxing Gibbous,78
France,Paris,48.85,2.35,Europe/Paris,1693161000,2023-08-28 00:00,27.4,81.3,Partly cloudy,15.0,24.1,354,N,1004.4,29.66,0.0,0.0,56,49,28.3,82.9,7.9,4.9,5.1,22.5,36.2,100.0,85.3,2.0,1.0,5.1,35.5,1,1,06:12 AM,07:45 PM,09:30 PM,08:15 AM,Waxing Gibbous,78
India,New Delhi,28.61,77.21,Asia/Kolkata,1693161000,2023-08-28 00:00,37.1,98.8,Partly cloudy,6.9,11.1,207,SSW,1018.2,30.07,0.0,0.0,50,67,38.7,101.7,8.0,5.0,4.1,10.1,16.2,265.2,90.1,20.2,6.4,49.4,76.7,3,5,06:12 AM,07:45 PM,09:30 PM,08:15 AM,Waxing Gibbous,78
Australia,Sydney,-33.87,151.21,Australia/Sydney,1693161000,2023-08-28 00:00,15.8,60.4,Partly cloudy,15.5,25.0,201,SSW,1025.6,30.29,0.0,0.0,76,42,17.6,63.7,8.7,5.4,5.9,23.5,37.9,100.0,56.2,13.4,1.0,12.2,21.4,2,2,06:12 AM,07:45 PM,09:30 PM,08:15 AM,Waxing Gibbous,78
Egypt,Cairo,30.04,31.24,Africa/Cairo,1693161000,2023-08-28 00:00,35.2,95.4,Partly cloudy,9.1,14.7,148,SSE,1014.2,29.95,0.0,0.0,67,33,37.4,99.3,8.6,5.3,6.3,12.4,19.9,361.1,97.6,27.3,9.1,65.0,106.3,4,7,06:12 AM,07:45 PM,09:30 PM,08:15 AM,Waxing Gibbous,78
Singapore,Singapore,1.35,103.82,Asia/Singapore,1693161000,2023-08-28 00:00,28.1,82.6,Moderate rain,9.8,15.8,252,WSW,1010.9,29.85,6.3,0.25,73,76,30.5,86.9,4.7,2.9,4.2,13.4,21.5,100.0,81.9,3.4,1.5,9.6,8.0,1,1,06:12 AM,07:45 PM,09:30 PM,08:15 AM,Waxing Gibbous,78
Brazil,Rio de Janeiro,-22.91,-43.17,America/Sao_Paulo,1693161000,2023-08-28 00:00,24.2,75.6,Partly cloudy,13.4,21.5,309,NW,1004.9,29.67,0.0,0.0,77,61,26.3,79.3,9.5,5.9,4.7,20.6,33.1,131.6,70.6,16.8,5.3,16.2,30.0,2,2,06:12 AM,07:45 PM,09:30 PM,08:15 AM,Waxing Gibbous,78
Canada,Toronto,43.65,-79.38,America/Toronto,1693161000,2023-08-28 00:00,25.9,78.6,Partly cloudy,2.3,3.7,93,E,1011.9,29.88,0.0,0.0,60,53,28.6,83.5,9.0,5.6,4.9,2.8,4.5,125.5,77.2,7.5,2.7,23.6,42.5,2,3,06:12 AM,07:45 PM,09:30 PM,08:15 AM,Waxing Gibbous,78
Germany,Berlin,52.52,13.4,Europe/Berlin,1693161000,2023-08-28 00:00,29.8,85.6,Partly cloudy,1.2,2.0,180,S,1013.7,29.93,0.0,0.0,36,34,31.4,88.5,8.0,5.0,6.1,1.9,3.0,122.0,83.9,10.7,1.3,20.0,36.5,2,3,06:12 AM,07:45 PM,09:30 PM,08:15 AM,Waxing Gibbous,78
United Arab Emirates,Dubai,25.2,55.27,Asia/Dubai,1693161000,2023-08-28 00:00,41.4,106.5,Partly cloudy,10.7,17.3,163,SSE,1019.5,30.11,0.0,0.0,54,44,42.7,108.9,9.2,5.7,6.4,18.3,29.5,178.7,116.5,15.6,5.3,31.9,51.6,2,4,06:12 AM,07:45 PM,09:30 PM,08:15 AM,Waxing Gibbous,78
India,Mumbai,19.07,72.88,Asia/Kolkata,1693161000,2023-08-28 00:00,32.2,90.0,Patchy rain possible,15.5,25.0,80,E,1016.3,30.01,0.5,0.02,81,60,34.2,93.6,8.5,5.3,4.6,24.5,39.5,199.3,87.3,16.0,4.3,39.0,69.8,3,4,06:12 AM,07:45 PM,09:30 PM,08:15 AM,Waxing Gibbous,78
United States,San Francisco,37.77,-122.42,America/Los_Angeles,1693161000,2023-08-28 00:00,23.1,73.6,Partly cloudy,6.6,10.7,245,WSW,1008.3,29.78,0.0,0.0,49,44,24.7,76.5,8.7,5.4,4.8,9.9,16.0,100.0,69.8,7.3,2.7,14.9,23.2,2,2,06:12 AM,07:45 PM,09:30 PM,08:15 AM,Waxing Gibbous,78
South Africa,Cape Town,-33.92,18.42,Africa/Johannesburg,1693161000,2023-08-28 00:00,8.6,47.5,Patchy rain possible,9.9,16.0,259,W,1007.2,29.74,0.1,0.0,96,100,12.1,53.8,9.2,5.7,2.7,14.2,22.9,100.0,26.3,2.0,3.5,8.1,14.9,1,1,06:12 AM,07:45 PM,09:30 PM,08:15 AM,Waxing Gibbous,78
South Korea,Seoul,37.56,126.98,Asia/Seoul,1693161000,2023-08-28 00:00,31.2,88.2,Partly cloudy,13.2,21.2,12,NNE,1016.8,30.03,0.0,0.0,49,49,32.0,89.6,8.1,5.0,4.5,18.0,28.9,100.0,87.9,3.7,1.0,4.0,21.6,1,1,06:12 AM,07:45 PM,09:30 PM,08:15 AM,Waxing Gibbous,78
Thailand,Bangkok,13.75,100.5,Asia/Bangkok,1693161000,2023-08-28 00:00,35.3,95.5,Heavy rain,15.5,24.9,23,NNE,1005.2,29.68,26.7,1.05,65,75,36.6,97.9,1.0,0.6,3.1,25.8,41.5,172.9,92.4,17.7,6.7,37.5,61.8,3,4,06:12 AM,07:45 PM,09:30 PM,08:15 AM,Waxing Gibbous,78
Kenya,Nairobi,-1.29,36.82,Africa/Nairobi,1693161000,2023-08-28 00:00,19.1,66.4,Patchy rain possible,12.7,20.4,32,NNE,1007.2,29.74,3.9,0.15,98,69,22.4,72.3,5.9,3.7,3.2,16.9,27.2,114.5,55.4,9.4,1.0,20.3,28.7,2,3,06:12 AM,07:45 PM,09:30 PM,08:15 AM,Waxing Gibbous,78
Sweden,Stockholm,59.33,18.06,Europe/Stockholm,1693161000,2023-08-28 00:00,21.8,71.2,Partly cloudy,4.3,7.0,32,NNE,1009.1,29.8,0.0,0.0,53,38,23.9,75.0,8.6,5.3,6.3,7.7,12.4,152.4,78.0,12.2,1.3,25.0,48.0,2,3,06:12 AM,07:45 PM,09:30 PM,08:15 AM,Waxing Gibbous,78
Argentina,Buenos Aires,-34.6,-58.38,America/Argentina/Buenos_Aires,1693161000,2023-08-28 00:00,13.2,55.8,Moderate rain,9.8,15.8,105,ESE,1013.8,29.94,4.4,0.17,79,58,15.9,60.6,7.3,4.5,3.9,12.6,20.2,100.0,41.4,7.2,1.7,15.8,20.6,2,2,06:12 AM,07:45 PM,09:30 PM,08:15 AM,Waxing Gibbous,78
United States,New York,40.71,-74.01,America/New_York,1693247400,2023-08-29 00:00,25.6,78.1,Patchy rain possible,11.1,17.9,146,SE,1009.0,29.8,0.4,0.02,78,78,28.1,82.6,10.0,6.2,3.6,19.8,31.8,100.0,73.3,2.0,3.4,11.5,27.5,1,2,06:12 AM,07:45 PM,09:30 PM,08:15 AM,Waxing Gibbous,78
United Kingdom,London,51.51,-0.13,Europe/London,1693247400,2023-08-29 00:00,23.4,74.1,Partly cloudy,3.7,5.9,126,SE,1008.8,29.79,0.0,0.0,75,59,26.7,80.1,7.5,4.7,4.8,5.9,9.5,123.8,61.1,10.9,2.5,18.9,31.9,2,2,06:12 AM,07:45 PM,09:30 PM,08:15 AM,Waxing Gibbous,78
Japan,Tokyo,35.68,139.69,Asia/Tokyo,1693247400,2023-08-29 00:00,28.6,83.5,Partly cloudy,11.3,18.2,130,SE,1005.1,29.68,0.0,0.0,75,60,30.9,87.6,8.0,5.0,4.9,18.6,30.0,100.8,81.3,11.1,6.2,17.0,33.8,2,2,06:12 AM,07:45 PM,09:30 PM,08:15 AM,Waxing Gibbous,78
France,Paris,48.85,2.35,Europe/Paris,1693247400,2023-08-29 00:00,25.6,78.1,Partly cloudy,2.9,4.7,162,SSE,1024.8,30.26,0.0,0.0,56,46,28.0,82.4,8.7,5.4,5.1,4.1,6.6,101.5,70.0,2.8,1.1,19.8,36.9,2,2,06:12 AM,07:45 PM,09:30 PM,08:15 AM,Waxing Gibbous,78
India,New Delhi,28.61,77.21,Asia/Kolkata,1693247400,2023-08-29 00:00,41.1,106.0,Partly cloudy,7.3,11.7,41,NE,1011.2,29.86,0.0,0.0,47,56,42.5,108.5,9.4,5.8,3.5,8.9,14.3,226.6,97.7,18.0,7.9,45.1,67.1,3,5,06:12 AM,07:45 PM,09:30 PM,08:15 AM,Waxing Gibbous,78
Australia,Sydney,-33.87,151.21,Australia/Sydney,1693247400,2023-08-29 00:00,17.4,63.3,Partly cloudy,9.3,14.9,347,NNW,1019.1,30.09,0.0,0.0,73,59,19.9,67.8,7.4,4.6,5.0,15.0,24.2,150.2,59.4,10.4,5.5,26.5,46.7,2,3,06:12 AM,07:45 PM,09:30 PM,08:15 AM,Waxing Gibbous,78
Egypt,Cairo,30.04,31.24,Africa/Cairo,1693247400,2023-08-29 00:00,39.9,103.8,Partly cloudy,6.2,9.9,335,NNW,1014.5,29.96,0.0,0.0,50,56,41.6,106.9,8.1,5.0,5.5,9.4,15.2,286.1,111.3,19.1,5.2,57.9,87.3,4,6,06:12 AM,07:45 PM,09:30 PM,08:15 AM,Waxing Gibbous,78
Singapore,Singapore,1.35,103.82,Asia/Singapore,1693247400,2023-08-29 00:00,32.1,89.8,Partly cloudy,9.8,15.8,321,NW,1006.3,29.72,0.0,0.0,67,71,34.2,93.6,8.1,5.0,3.1,17.0,27.4,100.0,74.6,11.1,7.1,21.9,39.3,2,3,06:12 AM,07:45 PM,09:30 PM,08:15 AM,Waxing Gibbous,78
Brazil,Rio de Janeiro,-22.91,-43.17,America/Sao_Paulo,1693247400,2023-08-29 00:00,20.2,68.4,Moderate rain,6.7,10.8,10,N,998.7,29.49,5.1,0.2,84,62,23.5,74.3,6.0,3.7,4.2,10.2,16.4,100.0,66.6,2.0,4.3,4.2,15.4,1,1,06:12 AM,07:45 PM,09:30 PM,08:15 AM,Waxing Gibbous,78
Canada,Toronto,43.65,-79.38,America/Toronto,1693247400,2023-08-29 00:00,22.8,73.0,Patchy rain possible,18.5,29.8,145,SE,1007.5,29.75,0.2,0.01,67,56,23.8,74.8,9.2,5.7,3.8,31.1,50.1,109.2,62.7,4.0,3.7,20.4,16.5,2,3,06:12 AM,07:45 PM,09:30 PM,08:15 AM,Waxing Gibbous,78
Germany,Berlin,52.52,13.4,Europe/Berlin,1693247400,2023-08-29 00:00,24.4,75.9,Partly cloudy,3.8,6.1,252,WSW,1011.8,29.88,0.0,0.0,42,46,26.0,78.8,10.0,6.2,5.9,5.7,9.2,199.1,84.3,10.9,5.7,34.2,58.0,2,4,06:12 AM,07:45 PM,09:30 PM,08:15 AM,Waxing Gibbous,78
United Arab Emirates,Dubai,25.2,55.27,Asia/Dubai,1693247400,2023-08-29 00:00,39.7,103.5,Sunny,8.1,13.1,236,SW,1011.7,29.88,0.0,0.0,55,25,41.4,106.5,10.0,6.2,7.1,12.7,20.5,100.0,115.5,2.0,1.0,7.2,8.0,1,1,06:12 AM,07:45 PM,09:30 PM,08:15 AM,Waxing Gibbous,78
India,Mumbai,19.07,72.88,Asia/Kolkata,1693247400,2023-08-29 00:00,28.7,83.7,Overcast,4.3,7.0,335,NNW,1006.8,29.73,0.0,0.0,79,93,32.1,89.8,8.2,5.1,2.4,6.8,10.9,318.1,78.0,23.1,8.0,56.7,91.4,4,6,06:12 AM,07:45 PM,09:30 PM,08:15 AM,Waxing Gibbous,78
United States,San Francisco,37.77,-122.42,America/Los_Angeles,1693247400,2023-08-29 00:00,22.2,72.0,Partly cloudy,7.0,11.3,214,SW,1015.8,30.0,0.0,0.0,55,64,24.0,75.2,7.9,4.9,4.3,8.8,14.2,100.0,58.2,8.9,1.0,13.6,21.0,2,2,06:12 AM,07:45 PM,09:30 PM,08:15 AM,Waxing Gibbous,78
South Africa,Cape Town,-33.92,18.42,Africa/Johannesburg,1693247400,2023-08-29 00:00,13.1,55.6,Partly cloudy,5.0,8.0,143,SE,1020.4,30.13,0.0,0.0,74,63,16.2,61.2,10.0,6.2,4.1,8.1,13.0,100.0,38.3,8.6,2.5,16.0,11.6,2,2,06:12 AM,07:45 PM,09:30 PM,08:15 AM,Waxing Gibbous,78
South Korea,Seoul,37.56,126.98,Asia/Seoul,1693247400,2023-08-29 00:00,29.3,84.7,Partly cloudy,6.6,10.7,86,E,1001.3,29.57,0.0,0.0,50,58,30.9,87.6,9.6,6.0,4.9,11.9,19.1,139.2,80.4,5.2,4.4,24.0,69.5,2,3,06:12 AM,07:45 PM,09:30 PM,08:15 AM,Waxing Gibbous,78
Thailand,Bangkok,13.75,100.5,Asia/Bangkok,1693247400,2023-08-29 00:00,29.3,84.7,Overcast,7.1,11.5,296,WNW,1014.9,29.97,0.0,0.0,65,90,31.6,88.9,8.0,5.0,1.0,10.9,17.5,323.1,69.3,29.3,9.3,64.3,102.2,4,7,06:12 AM,07:45 PM,09:30 PM,08:15 AM,Waxing Gibbous,78
Kenya,Nairobi,-1.29,36.82,Africa/Nairobi,1693247400,2023-08-29 00:00,17.5,63.5,Patchy rain possible,6.6,10.7,90,E,1011.6,29.87,1.5,0.06,82,61,20.7,69.3,7.4,4.6,4.3,11.8,19.0,125.9,59.1,7.0,8.3,24.1,20.6,2,3,06:12 AM,07:45 PM,09:30 PM,08:15 AM,Waxing Gibbous,78
Sweden,Stockholm,59.33,18.06,Europe/Stockholm,1693247400,2023-08-29 00:00,21.7,71.1,Partly cloudy,20.8,33.5,42,NE,1017.8,30.06,0.0,0.0,52,67,21.6,70.9,9.8,6.1,3.9,34.9,56.2,100.0,65.6,4.5,2.2,4.0,8.0,1,1,06:12 AM,07:45 PM,09:30 PM,08:15 AM,Waxing Gibbous,78
Argentina,Buenos Aires,-34.6,-58.38,America/Argentina/Buenos_Aires,1693247400,2023-08-29 00:00,8.4,47.1,Partly cloudy,7.5,12.1,272,W,1014.8,29.97,0.0,0.0,92,66,12.0,53.6,7.8,4.8,5.2,10.5,16.9,100.0,46.3,2.0,2.8,13.8,8.0,2,2,06:12 AM,07:45 PM,09:30 PM,08:15 AM,Waxing Gibbous,78
United States,New York,40.71,-74.01,America/New_York,1693333800,2023-08-30 00:00,26.6,79.9,Partly cloudy,3.6,5.8,283,WNW,1014.0,29.94,0.0,0.0,56,40,28.9,84.0,7.7,4.8,5.2,6.3,10.2,100.0,73.2,9.7,2.5,14.7,8.0,2,2,06:12 AM,07:45 PM,09:30 PM,08:15 AM,Waxing Gibbous,78
United Kingdom,London,51.51,-0.13,Europe/London,1693333800,2023-08-30 00:00,21.5,70.7,Partly cloudy,2.4,3.8,51,NE,1018.4,30.07,0.0,0.0,69,58,24.6,76.3,8.9,5.5,5.4,3.4,5.4,100.0,67.6,2.0,1.0,8.9,8.0,1,1,06:12 AM,07:45 PM,09:30 PM,08:15 AM,Waxing Gibbous,78
Japan,Tokyo,35.68,139.69,Asia/Tokyo,1693333800,2023-08-30 00:00,33.2,91.8,Sunny,2.7,4.4,54,NE,1005.4,29.69,0.0,0.0,29,25,34.3,93.7,10.0,6.2,6.0,3.8,6.1,123.0,93.1,17.0,2.8,26.6,28.5,2,3,06:12 AM,07:45 PM,09:30 PM,08:15 AM,Waxing Gibbous,78
France,Paris,48.85,2.35,Europe/Paris,1693333800,2023-08-30 00:00,27.5,81.5,Partly cloudy,6.0,9.6,230,SW,1011.3,29.86,0.0,0.0,44,64,28.9,84.0,10.0,6.2,3.8,9.9,15.9,104.9,84.5,8.2,1.0,18.8,13.2,2,2,06:12 AM,07:45 PM,09:30 PM,08:15 AM,Waxing Gibbous,78
India,New Delhi,28.61,77.21,Asia/Kolkata,1693333800,2023-08-30 00:00,37.6,99.7,Sunny,8.9,14.3,336,NNW,1014.5,29.96,0.0,0.0,45,26,38.7,101.7,9.9,6.2,6.3,15.5,24.9,259.4,108.3,22.5,6.9,45.5,60.3,3,5,06:12 AM,07:45 PM,09:30 PM,08:15 AM,Waxing Gibbous,78
Australia,Sydney,-33.87,151.21,Australia/Sydney,1693333800,2023-08-30 00:00,15.0,59.0,Patchy rain possible,10.3,16.5,294,WNW,998.7,29.49,1.2,0.05,81,91,17.7,63.9,8.8,5.5,2.2,13.4,21.6,100.0,43.5,4.2,2.5,9.4,18.5,1,1,06:12 AM,07:45 PM,09:30 PM,08:15 AM,Waxing Gibbous,78
Egypt,Cairo,30.04,31.24,Africa/Cairo,1693333800,2023-08-30 00:00,40.7,105.3,Partly cloudy,15.0,24.2,237,WSW,1022.4,30.19,0.0,0.0,43,56,40.9,105.6,8.3,5.2,4.6,24.6,39.6,236.8,102.1,26.2,6.3,49.4,59.6,3,5,06:12 AM,07:45 PM,09:30 PM,08:15 AM,Waxing Gibbous,78
Singapore,Singapore,1.35,103.82,Asia/Singapore,1693333800,2023-08-30 00:00,26.8,80.2,Moderate rain,12.1,19.5,228,SW,1001.4,29.57,10.0,0.39,68,47,28.6,83.5,4.3,2.7,4.7,20.5,33.0,108.1,80.3,2.0,1.5,14.9,23.8,2,2,06:12 AM,07:45 PM,09:30 PM,08:15 AM,Waxing Gibbous,78
Brazil,Rio de Janeiro,-22.91,-43.17,America/Sao_Paulo,1693333800,2023-08-30 00:00,20.7,69.3,Overcast,13.6,21.9,135,SE,1016.2,30.01,0.0,0.0,90,100,23.4,74.1,8.8,5.5,1.4,17.8,28.6,100.0,49.9,2.0,2.3,4.0,8.0,1,1,06:12 AM,07:45 PM,09:30 PM,08:15 AM,Waxing Gibbous,78
Canada,Toronto,43.65,-79.38,America/Toronto,1693333800,2023-08-30 00:00,25.6,78.1,Partly cloudy,5.5,8.9,354,N,1014.1,29.95,0.0,0.0,50,59,27.4,81.3,8.8,5.5,3.9,8.6,13.9,169.1,64.6,12.5,6.0,29.7,65.0,2,3,06:12 AM,07:45 PM,09:30 PM,08:15 AM,Waxing Gibbous,78
Germany,Berlin,52.52,13.4,Europe/Berlin,1693333800,2023-08-30 00:00,22.0,71.6,Partly cloudy,14.5,23.3,179,S,1013.5,29.93,0.0,0.0,68,44,23.5,74.3,8.4,5.2,4.5,18.2,29.3,100.0,63.7,10.0,4.2,21.3,39.3,2,3,06:12 AM,07:45 PM,09:30 PM,08:15 AM,Waxing Gibbous,78
United Arab Emirates,Dubai,25.2,55.27,Asia/Dubai,1693333800,2023-08-30 00:00,38.1,100.6,Overcast,3.5,5.6,122,ESE,1017.7,30.05,0.0,0.0,70,78,41.2,106.2,8.3,5.2,3.0,6.2,9.9,127.1,86.3,6.3,1.0,24.6,47.5,2,3,06:12 AM,07:45 PM,09:30 PM,08:15 AM,Waxing Gibbous,78
India,Mumbai,19.07,72.88,Asia/Kolkata,1693333800,2023-08-30 00:00,32.3,90.1,Overcast,9.3,14.9,335,NNW,1015.1,29.98,0.0,0.0,57,79,34.0,93.2,9.2,5.7,4.3,14.5,23.4,238.1,81.4,19.7,6.8,49.5,68.1,3,5,06:12 AM,07:45 PM,09:30 PM,08:15 AM,Waxing Gibbous,78
United States,San Francisco,37.77,-122.42,America/Los_Angeles,1693333800,2023-08-30 00:00,21.4,70.5,Partly cloudy,9.3,14.9,141,SE,1020.9,30.15,0.0,0.0,53,68,22.9,73.2,7.4,4.6,3.5,11.9,19.1,135.6,54.0,18.4,6.5,20.1,21.0,2,3,06:12 AM,07:45 PM,09:30 PM,08:15 AM,Waxing Gibbous,78
South Africa,Cape Town,-33.92,18.42,Africa/Johannesburg,1693333800,2023-08-30 00:00,5.0,41.0,Patchy rain possible,14.0,22.6,122,ESE,1008.9,29.79,1.8,0.07,81,81,7.2,45.0,5.7,3.5,3.8,24.9,40.0,121.9,32.0,10.9,3.7,21.8,38.4,2,3,06:12 AM,07:45 PM,09:30 PM,08:15 AM,Waxing Gibbous,78
South Korea,Seoul,37.56,126.98,Asia/Seoul,1693333800,2023-08-30 00:00,30.0,86.0,Partly cloudy,8.4,13.5,212,SSW,1014.3,29.95,0.0,0.0,56,49,31.7,89.1,6.5,4.0,5.6,11.7,18.9,105.7,91.1,3.1,1.0,9.2,18.6,1,1,06:12 AM,07:45 PM,09:30 PM,08:15 AM,Waxing Gibbous,78
Thailand,Bangkok,13.75,100.5,Asia/Bangkok,1693333800,2023-08-30 00:00,30.6,87.1,Patchy rain possible,12.5,20.1,173,S,998.7,29.49,2.4,0.09,80,57,33.0,91.4,7.6,4.7,4.0,15.0,24.2,199.7,86.5,22.1,6.3,44.3,78.2,3,5,06:12 AM,07:45 PM,09:30 PM,08:15 AM,Waxing Gibbous,78
Kenya,Nairobi,-1.29,36.82,Africa/Nairobi,1693333800,2023-08-30 00:00,19.2,66.6,Patchy rain possible,7.6,12.2,236,SW,1020.7,30.14,1.5,0.06,73,50,21.9,71.4,8.6,5.3,4.2,13.3,21.4,116.8,66.2,8.6,2.3,20.5,34.3,2,3,06:12 AM,07:45 PM,09:30 PM,08:15 AM,Waxing Gibbous,78
Sweden,Stockholm,59.33,18.06,Europe/Stockholm,1693333800,2023-08-30 00:00,21.0,69.8,Partly cloudy,10.4,16.7,113,ESE,1010.5,29.84,0.0,0.0,26,48,21.0,69.8,9.2,5.7,4.3,15.5,25.0,108.8,56.3,14.1,5.7,24.9,44.5,2,3,06:12 AM,07:45 PM,09:30 PM,08:15 AM,Waxing Gibbous,78
Argentina,Buenos Aires,-34.6,-58.38,America/Argentina/Buenos_Aires,1693333800,2023-08-30 00:00,13.7,56.7,Patchy rain possible,12.2,19.7,210,SSW,1016.9,30.03,2.4,0.09,87,73,16.5,61.7,7.8,4.8,3.6,19.0,30.5,100.0,43.9,5.1,1.0,4.0,18.5,1,1,06:12 AM,07:45 PM,09:30 PM,08:15 AM,Waxing Gibbous,78
United States,New York,40.71,-74.01,America/New_York,1693420200,2023-08-31 00:00,30.9,87.6,Partly cloudy,7.5,12.1,313,NW,1026.5,30.31,0.0,0.0,47,43,32.3,90.1,8.8,5.5,5.5,12.3,19.8,100.0,96.9,13.2,2.0,15.5,25.4,2,2,06:12 AM,07:45 PM,09:30 PM,08:15 AM,Waxing Gibbous,78
United Kingdom,London,51.51,-0.13,Europe/London,1693420200,2023-08-31 00:00,22.7,72.9,Partly cloudy,4.0,6.5,81,E,1025.9,30.29,0.0,0.0,72,66,25.8,78.4,8.7,5.4,4.2,5.5,8.9,100.0,65.2,5.3,1.0,7.7,8.0,1,1,06:12 AM,07:45 PM,09:30 PM,08:15 AM,Waxing Gibbous,78
Japan,Tokyo,35.68,139.69,Asia/Tokyo,1693420200,2023-08-31 00:00,33.0,91.4,Overcast,10.3,16.5,7,N,1005.4,29.69,0.0,0.0,62,82,34.8,94.6,7.6,4.7,3.8,15.8,25.4,100.0,86.9,11.5,2.7,16.3,22.3,2,2,06:12 AM,07:45 PM,09:30 PM,08:15 AM,Waxing Gibbous,78
France,Paris,48.85,2.35,Europe/Paris,1693420200,2023-08-31 00:00,25.3,77.5,Partly cloudy,6.3,10.2,214,SW,1001.0,29.56,0.0,0.0,63,45,27.6,81.7,10.0,6.2,5.1,10.3,16.5,100.0,77.1,4.5,1.0,15.8,22.6,2,2,06:12 AM,07:45 PM,09:30 PM,08:15 AM,Waxing Gibbous,78
India,New Delhi,28.61,77.21,Asia/Kolkata,1693420200,2023-08-31 00:00,32.7,90.9,Overcast,2.7,4.4,325,NW,1016.4,30.01,0.0,0.0,80,90,36.3,97.3,9.3,5.8,2.8,4.3,7.0,329.8,81.0,29.5,8.9,55.0,85.1,4,6,06:12 AM,07:45 PM,09:30 PM,08:15 AM,Waxing Gibbous,78
Australia,Sydney,-33.87,151.21,Australia/Sydney,1693420200,2023-08-31 00:00,12.9,55.2,Partly cloudy,9.3,15.0,307,NW,1022.6,30.2,0.0,0.0,98,72,16.6,61.9,7.3,4.5,4.2,15.0,24.1,120.6,55.4,9.0,1.5,17.8,46.1,2,2,06:12 AM,07:45 PM,09:30 PM,08:15 AM,Waxing Gibbous,78
Egypt,Cairo,30.04,31.24,Africa/Cairo,1693420200,2023-08-31 00:00,33.5,92.3,Partly cloudy,5.3,8.6,137,SE,1014.1,29.95,0.0,0.0,56,42,35.6,96.1,7.0,4.3,5.0,7.2,11.6,313.8,87.5,20.4,9.8,60.3,104.5,4,7,06:12 AM,07:45 PM,09:30 PM,08:15 AM,Waxing Gibbous,78
Singapore,Singapore,1.35,103.82,Asia/Singapore,1693420200,2023-08-31 00:00,28.0,82.4,Moderate rain,15.6,25.1,70,ENE,1006.2,29.71,5.5,0.22,88,73,30.4,86.7,7.7,4.8,2.8,20.8,33.4,100.0,67.8,5.3,1.0,11.4,8.0,1,2,06:12 AM,07:45 PM,09:30 PM,08:15 AM,Waxing Gibbous,78
Brazil,Rio de Janeiro,-22.91,-43.17,America/Sao_Paulo,1693420200,2023-08-31 00:00,22.3,72.1,Partly cloudy,12.0,19.3,142,SE,1009.2,29.8,0.0,0.0,79,66,24.7,76.5,7.6,4.7,3.8,20.9,33.7,100.0,71.9,2.0,1.0,8.1,26.7,1,1,06:12 AM,07:45 PM,09:30 PM,08:15 AM,Waxing Gibbous,78
Canada,Toronto,43.65,-79.38,America/Toronto,1693420200,2023-08-31 00:00,24.2,75.6,Partly cloudy,11.5,18.5,206,SSW,1010.2,29.83,0.0,0.0,73,66,26.4,79.5,7.6,4.7,4.2,17.5,28.2,100.0,71.9,3.1,5.7,6.0,14.8,1,1,06:12 AM,07:45 PM,09:30 PM,08:15 AM,Waxing Gibbous,78
Germany,Berlin,52.52,13.4,Europe/Berlin,1693420200,2023-08-31 00:00,23.6,74.5,Partly cloudy,6.0,9.6,306,NW,1005.7,29.7,0.0,0.0,53,49,25.5,77.9,8.7,5.4,5.8,9.6,15.4,100.0,86.9,5.9,1.0,11.1,11.4,1,2,06:12 AM,07:45 PM,09:30 PM,08:15 AM,Waxing Gibbous,78
United Arab Emirates,Dubai,25.2,55.27,Asia/Dubai,1693420200,2023-08-31 00:00,47.0,116.6,Sunny,7.9,12.7,230,SW,1018.3,30.07,0.0,0.0,16,13,46.8,116.2,10.0,6.2,8.1,9.6,15.4,100.0,134.7,8.6,1.0,7.2,9.2,1,1,06:12 AM,07:45 PM,09:30 PM,08:15 AM,Waxing Gibbous,78
India,Mumbai,19.07,72.88,Asia/Kolkata,1693420200,2023-08-31 00:00,30.6,87.1,Partly cloudy,13.6,21.9,104,ESE,1011.7,29.88,0.0,0.0,59,50,31.8,89.2,10.0,6.2,4.8,24.0,38.6,224.3,86.7,18.5,8.3,46.3,81.5,3,5,06:12 AM,07:45 PM,09:30 PM,08:15 AM,Waxing Gibbous,78
United States,San Francisco,37.77,-122.42,America/Los_Angeles,1693420200,2023-08-31 00:00,18.0,64.4,Partly cloudy,9.1,14.7,284,WNW,1006.7,29.73,0.0,0.0,69,72,20.3,68.5,8.5,5.3,4.0,12.1,19.4,100.0,52.6,10.2,1.0,19.8,45.8,2,2,06:12 AM,07:45 PM,09:30 PM,08:15 AM,Waxing Gibbous,78
South Africa,Cape Town,-33.92,18.42,Africa/Johannesburg,1693420200,2023-08-31 00:00,11.3,52.3,Patchy rain possible,9.9,16.0,322,NW,1006.5,29.72,1.3,0.05,81,64,14.1,57.4,7.1,4.4,3.5,13.5,21.8,100.0,33.4,2.0,1.0,4.0,8.0,1,1,06:12 AM,07:45 PM,09:30 PM,08:15 AM,Waxing Gibbous,78
South Korea,Seoul,37.56,126.98,Asia/Seoul,1693420200,2023-08-31 00:00,30.9,87.6,Sunny,11.4,18.4,167,SSE,1008.5,29.78,0.0,0.0,45,24,31.7,89.1,8.3,5.2,5.2,19.9,32.0,100.0,88.1,9.9,6.6,20.2,34.6,2,3,06:12 AM,07:45 PM,09:30 PM,08:15 AM,Waxing Gibbous,78
Thailand,Bangkok,13.75,100.5,Asia/Bangkok,1693420200,2023-08-31 00:00,31.6,88.9,Overcast,2.9,4.6,334,NNW,1012.0,29.88,0.0,0.0,73,84,34.9,94.8,8.6,5.3,2.2,4.6,7.4,327.5,77.4,29.8,9.3,65.5,109.1,4,7,06:12 AM,07:45 PM,09:30 PM,08:15 AM,Waxing Gibbous,78
Kenya,Nairobi,-1.29,36.82,Africa/Nairobi,1693420200,2023-08-31 00:00,25.1,77.2,Patchy rain possible,18.3,29.4,34,NE,1006.7,29.73,1.3,0.05,66,35,26.0,78.8,7.0,4.3,5.4,22.3,35.9,100.0,77.0,2.0,1.0,9.2,21.1,1,1,06:12 AM,07:45 PM,09:30 PM,08:15 AM,Waxing Gibbous,78
Sweden,Stockholm,59.33,18.06,Europe/Stockholm,1693420200,2023-08-31 00:00,22.6,72.7,Partly cloudy,7.6,12.2,316,NW,1012.3,29.89,0.0,0.0,54,64,24.3,75.7,9.1,5.7,4.0,9.2,14.8,124.1,70.2,10.2,1.9,25.5,42.5,2,3,06:12 AM,07:45 PM,09:30 PM,08:15 AM,Waxing Gibbous,78
Argentina,Buenos Aires,-34.6,-58.38,America/Argentina/Buenos_Aires,1693420200,2023-08-31 00:00,15.1,59.2,Moderate rain,10.1,16.2,67,ENE,1017.9,30.06,7.4,0.29,89,84,18.3,64.9,4.9,3.0,3.0,12.3,19.8,100.0,48.6,2.0,6.7,13.9,14.3,2,2,06:12 AM,07:45 PM,09:30 PM,08:15 AM,Waxing Gibbous,78
United States,New York,40.71,-74.01,America/New_York,1693506600,2023-09-01 00:00,32.6,90.7,Partly cloudy,11.9,19.2,51,NE,1012.6,29.9,0.0,0.0,42,65,33.2,91.8,9.3,5.8,4.5,14.4,23.1,100.0,92.6,8.3,4.1,19.7,31.1,2,2,06:12 AM,07:45 PM,09:30 PM,08:15 AM,Waxing Gibbous,78
United Kingdom,London,51.51,-0.13,Europe/London,1693506600,2023-09-01 00:00,21.9,71.4,Partly cloudy,14.3,23.0,347,NNW,1017.9,30.06,0.0,0.0,46,45,22.4,72.3,8.3,5.2,5.4,21.4,34.5,100.0,77.8,2.5,2.6,9.7,16.4,1,1,06:12 AM,07:45 PM,09:30 PM,08:15 AM,Waxing Gibbous,78
Japan,Tokyo,35.68,139.69,Asia/Tokyo,1693506600,2023-09-01 00:00,29.3,84.7,Partly cloudy,5.0,8.0,128,SE,1007.5,29.75,0.0,0.0,57,40,31.5,88.7,8.3,5.2,6.2,8.2,13.2,105.9,89.5,15.2,3.8,20.3,32.2,2,3,06:12 AM,07:45 PM,09:30 PM,08:15 AM,Waxing Gibbous,78
France,Paris,48.85,2.35,Europe/Paris,1693506600,2023-09-01 00:00,26.4,79.5,Partly cloudy,7.1,11.4,334,NNW,1016.8,30.03,0.0,0.0,49,50,27.9,82.2,9.2,5.7,4.9,11.4,18.3,108.1,79.1,9.7,1.0,18.8,21.6,2,2,06:12 AM,07:45 PM,09:30 PM,08:15 AM,Waxing Gibbous,78
India,New Delhi,28.61,77.21,Asia/Kolkata,1693506600,2023-09-01 00:00,35.2,95.4,Partly cloudy,20.4,32.8,229,SW,1014.1,29.95,0.0,0.0,80,71,36.6,97.9,8.3,5.2,3.7,29.6,47.6,107.7,84.4,14.5,1.0,20.1,27.9,2,3,06:12 AM,07:45 PM,09:30 PM,08:15 AM,Waxing Gibbous,78
Australia,Sydney,-33.87,151.21,Australia/Sydney,1693506600,2023-09-01 00:00,9.6,49.3,Partly cloudy,10.5,16.9,13,NNE,1007.7,29.76,0.0,0.0,82,74,12.3,54.1,6.8,4.2,3.4,13.4,21.6,100.0,33.9,2.0,1.0,4.0,13.2,1,1,06:12 AM,07:45 PM,09:30 PM,08:15 AM,Waxing Gibbous,78
Egypt,Cairo,30.04,31.24,Africa/Cairo,1693506600,2023-09-01 00:00,43.4,110.1,Sunny,16.9,27.2,278,W,1019.4,30.1,0.0,0.0,37,0,43.1,109.6,8.8,5.5,7.3,22.7,36.6,227.5,117.8,16.4,3.6,40.0,67.4,3,5,06:12 AM,07:45 PM,09:30 PM,08:15 AM,Waxing Gibbous,78
Singapore,Singapore,1.35,103.82,Asia/Singapore,1693506600,2023-09-01 00:00,31.7,89.1,Overcast,8.3,13.3,258,WSW,1009.7,29.82,0.0,0.0,70,90,34.1,93.4,9.7,6.0,3.2,10.0,16.1,173.0,80.9,13.7,4.0,27.4,41.6,2,3,06:12 AM,07:45 PM,09:30 PM,08:15 AM,Waxing Gibbous,78
Brazil,Rio de Janeiro,-22.91,-43.17,America/Sao_Paulo,1693506600,2023-09-01 00:00,20.3,68.5,Partly cloudy,4.1,6.6,333,NNW,1013.3,29.92,0.0,0.0,79,52,23.7,74.7,7.6,4.7,5.2,7.3,11.8,142.5,70.0,8.6,3.3,24.0,59.9,2,3,06:12 AM,07:45 PM,09:30 PM,08:15 AM,Waxing Gibbous,78
Canada,Toronto,43.65,-79.38,America/Toronto,1693506600,2023-09-01 00:00,28.0,82.4,Partly cloudy,6.5,10.5,186,S,1020.8,30.14,0.0,0.0,44,37,29.4,84.9,8.2,5.1,4.9,10.2,16.4,153.3,78.1,11.7,2.9,29.2,48.7,2,3,06:12 AM,07:45 PM,09:30 PM,08:15 AM,Waxing Gibbous,78
Germany,Berlin,52.52,13.4,Europe/Berlin,1693506600,2023-09-01 00:00,23.0,73.4,Partly cloudy,7.7,12.4,339,NNW,1007.4,29.75,0.0,0.0,63,46,25.2,77.4,8.6,5.3,5.5,13.9,22.3,100.0,69.5,8.1,5.2,18.2,39.4,2,2,06:12 AM,07:45 PM,09:30 PM,08:15 AM,Waxing Gibbous,78
United Arab Emirates,Dubai,25.2,55.27,Asia/Dubai,1693506600,2023-09-01 00:00,45.4,113.7,Partly cloudy,3.4,5.5,334,NNW,1019.1,30.09,0.0,0.0,42,41,47.1,116.8,10.0,6.2,5.8,4.9,7.9,100.0,124.9,4.0,1.1,14.5,11.2,2,2,06:12 AM,07:45 PM,09:30 PM,08:15 AM,Waxing Gibbous,78
India,Mumbai,19.07,72.88,Asia/Kolkata,1693506600,2023-09-01 00:00,31.7,89.1,Overcast,3.6,5.8,153,SSE,1016.9,30.03,0.0,0.0,63,83,34.4,93.9,9.9,6.2,3.6,6.0,9.6,263.5,85.5,25.5,7.6,48.7,63.4,3,5,06:12 AM,07:45 PM,09:30 PM,08:15 AM,Waxing Gibbous,78
United States,San Francisco,37.77,-122.42,America/Los_Angeles,1693506600,2023-09-01 00:00,18.9,66.0,Partly cloudy,16.2,26.1,324,NW,1020.2,30.13,0.0,0.0,52,39,19.4,66.9,8.0,5.0,5.8,21.7,35.0,100.0,71.6,6.2,1.0,8.9,14.6,1,1,06:12 AM,07:45 PM,09:30 PM,08:15 AM,Waxing Gibbous,78
South Africa,Cape Town,-33.92,18.42,Africa/Johannesburg,1693506600,2023-09-01 00:00,7.9,46.2,Overcast,3.1,5.0,320,NW,1019.8,30.11,0.0,0.0,92,100,12.1,53.8,8.0,5.0,2.2,5.0,8.0,100.0,21.0,7.2,3.8,9.2,8.0,1,1,06:12 AM,07:45 PM,09:30 PM,08:15 AM,Waxing Gibbous,78
South Korea,Seoul,37.56,126.98,Asia/Seoul,1693506600,2023-09-01 00:00,34.7,94.5,Sunny,12.6,20.2,114,ESE,1014.8,29.97,0.0,0.0,39,15,35.0,95.0,8.2,5.1,7.2,21.2,34.1,100.0,101.1,8.1,1.0,17.4,33.4,2,2,06:12 AM,07:45 PM,09:30 PM,08:15 AM,Waxing Gibbous,78
Thailand,Bangkok,13.75,100.5,Asia/Bangkok,1693506600,2023-09-01 00:00,33.0,91.4,Partly cloudy,8.6,13.9,98,E,1016.5,30.02,0.0,0.0,55,61,34.6,94.3,8.2,5.1,3.6,14.3,23.0,268.9,81.7,25.5,9.0,53.8,105.0,3,6,06:12 AM,07:45 PM,09:30 PM,08:15 AM,Waxing Gibbous,78
Kenya,Nairobi,-1.29,36.82,Africa/Nairobi,1693506600,2023-09-01 00:00,19.5,67.1,Partly cloudy,1.6,2.5,41,NE,1012.2,29.89,0.0,0.0,60,50,22.3,72.1,10.0,6.2,5.0,2.3,3.7,100.0,58.8,3.1,1.9,8.8,16.0,1,1,06:12 AM,07:45 PM,09:30 PM,08:15 AM,Waxing Gibbous,78
Sweden,Stockholm,59.33,18.06,Europe/Stockholm,1693506600,2023-09-01 00:00,22.9,73.2,Partly cloudy,13.5,21.7,324,NW,1024.4,30.25,0.0,0.0,40,51,23.2,73.8,9.4,5.8,4.1,23.8,38.3,119.9,73.5,11.6,5.1,23.0,41.8,2,3,06:12 AM,07:45 PM,09:30 PM,08:15 AM,Waxing Gibbous,78
Argentina,Buenos Aires,-34.6,-58.38,America/Argentina/Buenos_Aires,1693506600,2023-09-01 00:00,9.4,48.9,Overcast,4.0,6.5,210,SSW,1021.8,30.17,0.0,0.0,92,83,13.5,56.3,8.7,5.4,3.1,6.2,9.9,103.5,41.0,3.9,1.0,19.1,8.8,2,2,06:12 AM,07:45 PM,09:30 PM,08:15 AM,Waxing Gibbous,78
United States,New York,40.71,-74.01,America/New_York,1693593000,2023-09-02 00:00,27.5,81.5,Partly cloudy,13.5,21.8,199,SSW,1022.3,30.19,0.0,0.0,51,55,28.3,82.9,8.1,5.0,4.6,22.2,35.7,100.0,86.4,4.8,2.9,20.0,22.0,2,3,06:12 AM,07:45 PM,09:30 PM,08:15 AM,Waxing Gibbous,78
United Kingdom,London,51.51,-0.13,Europe/London,1693593000,2023-09-02 00:00,20.2,68.4,Partly cloudy,3.5,5.6,311,NW,1009.1,29.8,0.0,0.0,55,34,22.5,72.5,9.8,6.1,6.4,4.2,6.8,145.6,75.3,11.7,2.9,27.2,38.2,2,3,06:12 AM,07:45 PM,09:30 PM,08:15 AM,Waxing Gibbous,78
Japan,Tokyo,35.68,139.69,Asia/Tokyo,1693593000,2023-09-02 00:00,32.5,90.5,Sunny,1.2,2.0,340,NNW,996.0,29.41,0.0,0.0,51,29,34.9,94.8,9.2,5.7,6.2,2.2,3.5,100.0,100.2,7.1,1.0,8.3,22.5,1,1,06:12 AM,07:45 PM,09:30 PM,08:15 AM,Waxing Gibbous,78
France,Paris,48.85,2.35,Europe/Paris,1693593000,2023-09-02 00:00,27.9,82.2,Partly cloudy,7.1,11.4,341,NNW,1017.9,30.06,0.0,0.0,40,40,29.0,84.2,9.7,6.0,5.9,12.2,19.6,100.0,89.3,8.3,1.0,10.4,20.0,1,2,06:12 AM,07:45 PM,09:30 PM,08:15 AM,Waxing Gibbous,78
India,New Delhi,28.61,77.21,Asia/Kolkata,1693593000,2023-09-02 00:00,35.8,96.4,Partly cloudy,10.5,16.9,71,ENE,1020.7,30.14,0.0,0.0,59,57,37.4,99.3,9.6,6.0,4.9,18.8,30.2,260.1,91.6,20.1,9.4,47.4,74.3,3,5,06:12 AM,07:45 PM,09:30 PM,08:15 AM,Waxing Gibbous,78
Australia,Sydney,-33.87,151.21,Australia/Sydney,1693593000,2023-09-02 00:00,12.0,53.6,Moderate rain,17.3,27.9,269,W,1010.9,29.85,12.4,0.49,98,74,14.7,58.5,3.4,2.1,3.6,23.4,37.7,100.0,37.6,11.6,1.0,19.6,17.2,2,2,06:12 AM,07:45 PM,09:30 PM,08:15 AM,Waxing Gibbous,78
Egypt,Cairo,30.04,31.24,Africa/Cairo,1693593000,2023-09-02 00:00,41.9,107.4,Sunny,6.7,10.8,147,SSE,1002.2,29.59,0.0,0.0,47,30,43.4,110.1,10.0,6.2,6.3,11.6,18.7,314.6,110.9,25.4,9.9,64.5,119.5,4,7,06:12 AM,07:45 PM,09:30 PM,08:15 AM,Waxing Gibbous,78
Singapore,Singapore,1.35,103.82,Asia/Singapore,1693593000,2023-09-02 00:00,34.2,93.6,Partly cloudy,10.4,16.7,300,WNW,1020.0,30.12,0.0,0.0,36,65,34.7,94.5,9.5,5.9,3.9,12.5,20.1,136.5,88.4,10.8,6.7,30.2,41.4,2,4,06:12 AM,07:45 PM,09:30 PM,08:15 AM,Waxing Gibbous,78
Brazil,Rio de Janeiro,-22.91,-43.17,America/Sao_Paulo,1693593000,2023-09-02 00:00,14.8,58.6,Patchy rain possible,18.5,29.7,290,WNW,1015.2,29.98,2.2,0.09,84,47,16.6,61.9,7.1,4.4,4.9,22.8,36.7,100.0,49.3,2.0,1.0,4.0,8.0,1,1,06:12 AM,07:45 PM,09:30 PM,08:15 AM,Waxing Gibbous,78
Canada,Toronto,43.65,-79.38,America/Toronto,1693593000,2023-09-02 00:00,29.3,84.7,Partly cloudy,17.9,28.8,125,SE,1022.6,30.2,0.0,0.0,37,42,28.8,83.8,9.5,5.9,5.5,29.2,47.0,100.0,82.9,6.2,2.2,9.2,16.8,1,1,06:12 AM,07:45 PM,09:30 PM,08:15 AM,Waxing Gibbous,78
Germany,Berlin,52.52,13.4,Europe/Berlin,1693593000,2023-09-02 00:00,25.4,77.7,Sunny,7.4,11.9,291,WNW,1016.9,30.03,0.0,0.0,33,18,26.1,79.0,9.2,5.7,6.9,9.9,16.0,100.0,91.5,2.0,1.0,4.0,9.2,1,1,06:12 AM,07:45 PM,09:30 PM,08:15 AM,Waxing Gibbous,78
United Arab Emirates,Dubai,25.2,55.27,Asia/Dubai,1693593000,2023-09-02 00:00,41.1,106.0,Partly cloudy,3.5,5.6,214,SW,1011.8,29.88,0.0,0.0,60,46,43.7,110.7,7.7,4.8,5.0,5.4,8.7,100.0,106.7,7.8,1.3,10.7,27.6,1,2,06:12 AM,07:45 PM,09:30 PM,08:15 AM,Waxing Gibbous,78
India,Mumbai,19.07,72.88,Asia/Kolkata,1693593000,2023-09-02 00:00,35.4,95.7,Partly cloudy,7.7,12.4,277,W,1010.6,29.84,0.0,0.0,52,61,37.0,98.6,8.1,5.0,4.0,11.6,18.6,247.1,82.5,21.4,7.7,51.1,73.4,3,6,06:12 AM,07:45 PM,09:30 PM,08:15 AM,Waxing Gibbous,78
United States,San Francisco,37.77,-122.42,America/Los_Angeles,1693593000,2023-09-02 00:00,22.2,72.0,Partly cloudy,4.8,7.8,180,S,1025.4,30.28,0.0,0.0,43,32,23.7,74.7,7.9,4.9,6.6,8.1,13.1,100.0,80.2,2.0,3.0,6.4,9.9,1,1,06:12 AM,07:45 PM,09:30 PM,08:15 AM,Waxing Gibbous,78
South Africa,Cape Town,-33.92,18.42,Africa/Johannesburg,1693593000,2023-09-02 00:00,14.6,58.3,Partly cloudy,4.0,6.4,157,SSE,1022.7,30.2,0.0,0.0,73,66,17.7,63.9,9.8,6.1,3.7,5.7,9.1,100.0,53.6,6.4,1.0,10.4,8.0,1,2,06:12 AM,07:45 PM,09:30 PM,08:15 AM,Waxing Gibbous,78
South Korea,Seoul,37.56,126.98,Asia/Seoul,1693593000,2023-09-02 00:00,28.2,82.8,Sunny,16.3,26.2,69,ENE,1000.7,29.55,0.0,0.0,38,14,28.0,82.4,9.4,5.8,6.9,23.3,37.5,100.0,93.2,2.0,3.7,11.8,36.4,1,2,06:12 AM,07:45 PM,09:30 PM,08:15 AM,Waxing Gibbous,78
Thailand,Bangkok,13.75,100.5,Asia/Bangkok,1693593000,2023-09-02 00:00,31.3,88.3,Patchy rain possible,9.1,14.7,62,ENE,1013.5,29.93,1.1,0.04,71,61,33.7,92.7,8.6,5.3,4.5,13.2,21.3,282.4,84.5,23.4,9.0,56.9,92.8,4,6,06:12 AM,07:45 PM,09:30 PM,08:15 AM,Waxing Gibbous,78
Kenya,Nairobi,-1.29,36.82,Africa/Nairobi,1693593000,2023-09-02 00:00,14.6,58.3,Overcast,9.3,14.9,33,NNE,1015.6,29.99,0.0,0.0,98,100,18.3,64.9,6.8,4.2,2.1,13.9,22.3,100.0,30.8,6.9,1.2,14.4,31.2,2,2,06:12 AM,07:45 PM,09:30 PM,08:15 AM,Waxing Gibbous,78
Sweden,Stockholm,59.33,18.06,Europe/Stockholm,1693593000,2023-09-02 00:00,16.5,61.7,Partly cloudy,9.3,14.9,148,SSE,1001.6,29.58,0.0,0.0,64,40,18.5,65.3,9.2,5.7,6.9,11.6,18.7,155.5,64.5,11.6,5.6,24.4,51.0,2,3,06:12 AM,07:45 PM,09:30 PM,08:15 AM,Waxing Gibbous,78
Argentina,Buenos Aires,-34.6,-58.38,America/Argentina/Buenos_Aires,1693593000,2023-09-02 00:00,10.8,51.4,Moderate rain,14.6,23.5,73,ENE,1016.4,30.01,8.4,0.33,86,79,13.2,55.8,6.3,3.9,4.0,26.2,42.1,100.0,45.5,7.9,2.4,4.0,8.0,1,1,06:12 AM,07:45 PM,09:30 PM,08:15 AM,Waxing Gibbous,78
United States,New York,40.71,-74.01,America/New_York,1693679400,2023-09-03 00:00,29.6,85.3,Partly cloudy,3.9,6.2,153,SSE,1018.9,30.09,0.0,0.0,47,41,31.5,88.7,10.0,6.2,5.5,6.2,9.9,109.4,88.7,2.0,1.0,15.5,13.9,2,2,06:12 AM,07:45 PM,09:30 PM,08:15 AM,Waxing Gibbous,78
United Kingdom,London,51.51,-0.13,Europe/London,1693679400,2023-09-03 00:00,21.6,70.9,Partly cloudy,12.4,19.9,117,ESE,1004.3,29.66,0.0,0.0,57,52,22.9,73.2,7.5,4.7,5.4,16.7,26.8,124.2,69.0,15.6,8.2,27.9,47.5,2,3,06:12 AM,07:45 PM,09:30 PM,08:15 AM,Waxing Gibbous,78
Japan,Tokyo,35.68,139.69,Asia/Tokyo,1693679400,2023-09-03 00:00,28.9,84.0,Partly cloudy,6.2,10.0,340,NNW,1014.2,29.95,0.0,0.0,52,42,30.7,87.3,9.5,5.9,4.8,8.0,12.8,114.6,86.3,14.1,2.3,26.5,63.9,2,3,06:12 AM,07:45 PM,09:30 PM,08:15 AM,Waxing Gibbous,78
France,Paris,48.85,2.35,Europe/Paris,1693679400,2023-09-03 00:00,24.5,76.1,Partly cloudy,13.2,21.2,324,NW,1004.9,29.67,0.0,0.0,44,44,25.0,77.0,8.2,5.1,5.5,23.4,37.6,100.0,72.2,13.4,1.2,25.5,53.6,2,3,06:12 AM,07:45 PM,09:30 PM,08:15 AM,Waxing Gibbous,78
India,New Delhi,28.61,77.21,Asia/Kolkata,1693679400,2023-09-03 00:00,37.1,98.8,Partly cloudy,9.1,14.6,156,SSE,1010.0,29.83,0.0,0.0,61,52,39.0,102.2,9.4,5.8,4.4,15.9,25.6,405.7,98.8,32.3,6.8,72.6,137.7,4,8,06:12 AM,07:45 PM,09:30 PM,08:15 AM,Waxing Gibbous,78
Australia,Sydney,-33.87,151.21,Australia/Sydney,1693679400,2023-09-03 00:00,15.4,59.7,Moderate rain,19.1,30.7,275,W,1017.8,30.06,4.6,0.18,91,76,17.5,63.5,6.4,4.0,4.0,25.8,41.6,163.0,49.3,10.2,4.2,27.5,47.6,2,3,06:12 AM,07:45 PM,09:30 PM,08:15 AM,Waxing Gibbous,78
Egypt,Cairo,30.04,31.24,Africa/Cairo,1693679400,2023-09-03 00:00,38.7,101.7,Sunny,6.7,10.8,349,N,1014.4,29.96,0.0,0.0,40,30,39.8,103.6,6.8,4.2,6.4,10.9,17.5,377.4,98.5,37.1,11.8,71.5,121.3,4,8,06:12 AM,07:45 PM,09:30 PM,08:15 AM,Waxing Gibbous,78
Singapore,Singapore,1.35,103.82,Asia/Singapore,1693679400,2023-09-03 00:00,32.0,89.6,Sunny,16.1,25.9,138,SE,1012.5,29.9,0.0,0.0,72,23,33.5,92.3,10.0,6.2,6.9,22.0,35.4,120.3,104.4,7.3,5.7,23.8,43.6,2,3,06:12 AM,07:45 PM,09:30 PM,08:15 AM,Waxing Gibbous,78
Brazil,Rio de Janeiro,-22.91,-43.17,America/Sao_Paulo,1693679400,2023-09-03 00:00,20.1,68.2,Patchy rain possible,18.6,29.9,298,WNW,1001.6,29.58,1.5,0.06,76,87,21.5,70.7,8.7,5.4,3.6,22.4,36.0,100.0,60.9,2.0,1.9,4.0,8.0,1,1,06:12 AM,07:45 PM,09:30 PM,08:15 AM,Waxing Gibbous,78
Canada,Toronto,43.65,-79.38,America/Toronto,1693679400,2023-09-03 00:00,25.9,78.6,Sunny,4.3,6.9,53,NE,1011.1,29.86,0.0,0.0,38,12,27.2,81.0,9.3,5.8,7.9,5.5,8.9,100.0,94.7,2.5,4.5,15.9,8.4,2,2,06:12 AM,07:45 PM,09:30 PM,08:15 AM,Waxing Gibbous,78
Germany,Berlin,52.52,13.4,Europe/Berlin,1693679400,2023-09-03 00:00,23.6,74.5,Sunny,4.7,7.5,86,E,1016.5,30.02,0.0,0.0,38,12,24.9,76.8,10.0,6.2,7.6,5.8,9.3,100.0,77.9,2.0,1.7,17.6,25.1,2,2,06:12 AM,07:45 PM,09:30 PM,08:15 AM,Waxing Gibbous,78
United Arab Emirates,Dubai,25.2,55.27,Asia/Dubai,1693679400,2023-09-03 00:00,40.6,105.1,Moderate rain,8.3,13.4,31,NNE,1005.6,29.7,5.5,0.22,59,63,42.5,108.5,7.5,4.7,4.8,11.6,18.7,100.0,109.8,5.4,1.1,8.0,9.1,1,1,06:12 AM,07:45 PM,09:30 PM,08:15 AM,Waxing Gibbous,78
India,Mumbai,19.07,72.88,Asia/Kolkata,1693679400,2023-09-03 00:00,31.7,89.1,Partly cloudy,3.5,5.7,265,W,1016.9,30.03,0.0,0.0,69,70,34.7,94.5,8.6,5.3,4.1,6.0,9.7,325.5,91.3,31.3,12.9,66.3,121.6,4,7,06:12 AM,07:45 PM,09:30 PM,08:15 AM,Waxing Gibbous,78
United States,San Francisco,37.77,-122.42,America/Los_Angeles,1693679400,2023-09-03 00:00,19.4,66.9,Patchy rain possible,6.3,10.2,333,NNW,1015.5,29.99,2.0,0.08,77,76,22.4,72.3,8.3,5.2,3.2,10.2,16.4,100.0,54.3,9.2,4.6,19.1,11.0,2,2,06:12 AM,07:45 PM,09:30 PM,08:15 AM,Waxing Gibbous,78
South Africa,Cape Town,-33.92,18.42,Africa/Johannesburg,1693679400,2023-09-03 00:00,11.6,52.9,Patchy rain possible,12.4,19.9,13,NNE,1010.8,29.85,0.7,0.03,81,75,14.1,57.4,6.8,4.2,3.1,14.9,23.9,100.0,44.4,4.6,4.6,6.7,8.0,1,1,06:12 AM,07:45 PM,09:30 PM,08:15 AM,Waxing Gibbous,78
South Korea,Seoul,37.56,126.98,Asia/Seoul,1693679400,2023-09-03 00:00,30.1,86.2,Sunny,3.8,6.1,250,WSW,1015.7,29.99,0.0,0.0,52,14,32.2,90.0,9.3,5.8,7.8,4.8,7.7,100.0,101.6,4.2,1.0,8.6,32.5,1,1,06:12 AM,07:45 PM,09:30 PM,08:15 AM,Waxing Gibbous,78
Thailand,Bangkok,13.75,100.5,Asia/Bangkok,1693679400,2023-09-03 00:00,33.6,92.5,Overcast,9.1,14.6,71,ENE,1017.7,30.05,0.0,0.0,79,84,36.4,97.5,8.6,5.3,2.7,12.3,19.8,263.6,86.1,23.4,10.8,51.9,82.3,3,6,06:12 AM,07:45 PM,09:30 PM,08:15 AM,Waxing Gibbous,78
Kenya,Nairobi,-1.29,36.82,Africa/Nairobi,1693679400,2023-09-03 00:00,17.7,63.9,Moderate rain,12.8,20.6,345,NNW,1007.1,29.74,9.2,0.36,81,66,20.1,68.2,5.8,3.6,3.8,20.3,32.7,100.0,53.4,11.7,3.3,15.6,37.3,2,2,06:12 AM,07:45 PM,09:30 PM,08:15 AM,Waxing Gibbous,78
Sweden,Stockholm,59.33,18.06,Europe/Stockholm,1693679400,2023-09-03 00:00,18.6,65.5,Patchy rain possible,7.0,11.3,258,WSW,1013.7,29.93,0.4,0.02,68,57,21.1,70.0,7.1,4.4,3.4,9.1,14.6,100.0,58.8,2.7,5.8,15.7,8.2,2,2,06:12 AM,07:45 PM,09:30 PM,08:15 AM,Waxing Gibbous,78
Argentina,Buenos Aires,-34.6,-58.38,America/Argentina/Buenos_Aires,1693679400,2023-09-03 00:00,15.9,60.6,Partly cloudy,6.3,10.1,188,S,1002.9,29.62,0.0,0.0,70,65,18.6,65.5,9.1,5.7,4.4,9.8,15.8,100.0,44.3,8.3,1.7,11.6,18.0,1,2,06:12 AM,07:45 PM,09:30 PM,08:15 AM,Waxing Gibbous,78
United States,New York,40.71,-74.01,America/New_York,1693765800,2023-09-04 00:00,29.3,84.7,Partly cloudy,2.7,4.3,244,WSW,1013.6,29.93,0.0,0.0,41,34,31.0,87.8,9.3,5.8,6.1,3.9,6.2,100.0,86.4,4.4,2.4,20.3,35.2,2,3,06:12 AM,07:45 PM,09:30 PM,08:15 AM,Waxing Gibbous,78
United Kingdom,London,51.51,-0.13,Europe/London,1693765800,2023-09-04 00:00,25.4,77.7,Partly cloudy,4.1,6.6,25,NNE,1018.9,30.09,0.0,0.0,35,45,26.6,79.9,7.9,4.9,5.2,6.8,10.9,117.2,75.1,8.2,4.2,24.1,34.9,2,3,06:12 AM,07:45 PM,09:30 PM,08:15 AM,Waxing Gibbous,78
Japan,Tokyo,35.68,139.69,Asia/Tokyo,1693765800,2023-09-04 00:00,32.4,90.3,Sunny,9.1,14.7,41,NE,1017.8,30.06,0.0,0.0,66,30,34.5,94.1,8.3,5.2,6.2,11.6,18.6,142.6,100.2,4.4,4.1,24.4,42.8,2,3,06:12 AM,07:45 PM,09:30 PM,08:15 AM,Waxing Gibbous,78
France,Paris,48.85,2.35,Europe/Paris,1693765800,2023-09-04 00:00,29.2,84.6,Partly cloudy,9.1,14.7,72,ENE,1015.5,29.99,0.0,0.0,67,68,31.4,88.5,7.5,4.7,3.5,11.2,18.0,144.5,76.9,4.7,3.9,26.1,44.2,2,3,06:12 AM,07:45 PM,09:30 PM,08:15 AM,Waxing Gibbous,78
India,New Delhi,28.61,77.21,Asia/Kolkata,1693765800,2023-09-04 00:00,37.2,99.0,Partly cloudy,9.8,15.7,309,NW,1003.1,29.62,0.0,0.0,42,39,38.0,100.4,9.2,5.7,6.0,15.9,25.6,296.1,119.0,21.7,14.7,59.1,94.8,4,6,06:12 AM,07:45 PM,09:30 PM,08:15 AM,Waxing Gibbous,78
Australia,Sydney,-33.87,151.21,Australia/Sydney,1693765800,2023-09-04 00:00,17.1,62.8,Partly cloudy,8.0,12.9,265,W,1003.7,29.64,0.0,0.0,66,68,19.4,66.9,7.8,4.8,4.0,11.4,18.4,113.3,54.8,2.9,5.2,18.0,22.2,2,2,06:12 AM,07:45 PM,09:30 PM,08:15 AM,Waxing Gibbous,78
Egypt,Cairo,30.04,31.24,Africa/Cairo,1693765800,2023-09-04 00:00,39.9,103.8,Partly cloudy,4.8,7.7,129,SE,1005.6,29.7,0.0,0.0,47,56,41.6,106.9,10.0,6.2,4.8,6.4,10.3,267.6,107.8,22.3,7.3,52.2,89.8,3,6,06:12 AM,07:45 PM,09:30 PM,08:15 AM,Waxing Gibbous,78
Singapore,Singapore,1.35,103.82,Asia/Singapore,1693765800,2023-09-04 00:00,30.3,86.5,Sunny,4.7,7.5,30,NNE,1016.1,30.01,0.0,0.0,53,28,32.4,90.3,9.2,5.7,6.1,6.8,11.0,112.3,87.7,2.0,2.6,20.9,36.5,2,3,06:12 AM,07:45 PM,09:30 PM,08:15 AM,Waxing Gibbous,78
Brazil,Rio de Janeiro,-22.91,-43.17,America/Sao_Paulo,1693765800,2023-09-04 00:00,23.1,73.6,Partly cloudy,6.3,10.1,72,ENE,1022.5,30.19,0.0,0.0,66,42,25.6,78.1,10.0,6.2,4.8,9.8,15.8,138.4,66.7,5.7,1.9,20.4,32.3,2,3,06:12 AM,07:45 PM,09:30 PM,08:15 AM,Waxing Gibbous,78
Canada,Toronto,43.65,-79.38,America/Toronto,1693765800,2023-09-04 00:00,28.2,82.8,Partly cloudy,2.2,3.5,101,E,1009.3,29.8,0.0,0.0,39,42,29.9,85.8,8.6,5.3,5.4,2.8,4.5,122.6,83.3,12.2,4.9,30.1,48.4,2,4,06:12 AM,07:45 PM,09:30 PM,08:15 AM,Waxing Gibbous,78
Germany,Berlin,52.52,13.4,Europe/Berlin,1693765800,2023-09-04 00:00,29.7,85.5,Sunny,6.7,10.8,244,WSW,1018.7,30.08,0.0,0.0,31,19,30.4,86.7,9.7,6.0,7.2,11.5,18.5,144.5,104.2,21.2,6.5,24.4,29.2,2,3,06:12 AM,07:45 PM,09:30 PM,08:15 AM,Waxing Gibbous,78
United Arab Emirates,Dubai,25.2,55.27,Asia/Dubai,1693765800,2023-09-04 00:00,41.9,107.4,Sunny,6.0,9.6,124,SE,1002.9,29.62,0.0,0.0,48,30,43.5,110.3,9.4,5.8,6.4,8.5,13.7,100.0,124.1,2.0,1.1,4.0,8.0,1,1,06:12 AM,07:45 PM,09:30 PM,08:15 AM,Waxing Gibbous,78
India,Mumbai,19.07,72.88,Asia/Kolkata,1693765800,2023-09-04 00:00,30.9,87.6,Partly cloudy,5.0,8.0,127,SE,1018.6,30.08,0.0,0.0,53,40,32.9,91.2,9.0,5.6,5.9,8.1,13.0,228.2,89.9,18.0,7.9,52.1,75.0,3,6,06:12 AM,07:45 PM,09:30 PM,08:15 AM,Waxing Gibbous,78
United States,San Francisco,37.77,-122.42,America/Los_Angeles,1693765800,2023-09-04 00:00,19.8,67.6,Partly cloudy,8.1,13.1,4,N,1002.5,29.6,0.0,0.0,64,66,22.0,71.6,9.5,5.9,3.5,12.7,20.5,100.0,53.1,5.2,1.0,4.0,28.1,1,1,06:12 AM,07:45 PM,09:30 PM,08:15 AM,Waxing Gibbous,78
South Africa,Cape Town,-33.92,18.42,Africa/Johannesburg,1693765800,2023-09-04 00:00,12.2,54.0,Overcast,6.8,10.9,166,SSE,1018.1,30.06,0.0,0.0,85,82,15.6,60.1,8.1,5.0,3.2,8.3,13.3,100.0,36.1,2.0,1.0,6.7,8.0,1,1,06:12 AM,07:45 PM,09:30 PM,08:15 AM,Waxing Gibbous,78
South Korea,Seoul,37.56,126.98,Asia/Seoul,1693765800,2023-09-04 00:00,29.7,85.5,Partly cloudy,3.8,6.1,165,SSE,1002.0,29.59,0.0,0.0,59,57,32.2,90.0,9.0,5.6,5.8,5.8,9.4,157.8,87.0,11.9,2.6,26.3,38.8,2,3,06:12 AM,07:45 PM,09:30 PM,08:15 AM,Waxing Gibbous,78
Thailand,Bangkok,13.75,100.5,Asia/Bangkok,1693765800,2023-09-04 00:00,35.5,95.9,Partly cloudy,6.5,10.4,194,SSW,1013.1,29.92,0.0,0.0,51,41,37.2,99.0,10.0,6.2,4.9,10.3,16.5,318.5,95.4,25.4,8.8,59.0,90.1,4,6,06:12 AM,07:45 PM,09:30 PM,08:15 AM,Waxing Gibbous,78
Kenya,Nairobi,-1.29,36.82,Africa/Nairobi,1693765800,2023-09-04 00:00,18.4,65.1,Moderate rain,8.8,14.2,242,WSW,1000.4,29.54,7.7,0.3,72,100,20.9,69.6,5.1,3.2,2.2,13.4,21.6,100.0,48.4,3.0,1.0,4.4,8.0,1,1,06:12 AM,07:45 PM,09:30 PM,08:15 AM,Waxing Gibbous,78
Sweden,Stockholm,59.33,18.06,Europe/Stockholm,1693765800,2023-09-04 00:00,19.4,66.9,Partly cloudy,4.8,7.8,350,N,1007.6,29.75,0.0,0.0,35,33,20.5,68.9,9.9,6.2,5.7,6.8,11.0,100.0,68.8,2.0,1.0,4.0,8.0,1,1,06:12 AM,07:45 PM,09:30 PM,08:15 AM,Waxing Gibbous,78
Argentina,Buenos Aires,-34.6,-58.38,America/Argentina/Buenos_Aires,1693765800,2023-09-04 00:00,11.4,52.5,Moderate rain,11.7,18.9,24,NNE,1007.3,29.75,4.4,0.17,94,69,14.6,58.3,5.6,3.5,3.4,20.8,33.5,100.0,36.6,9.4,1.0,12.2,12.4,2,2,06:12 AM,07:45 PM,09:30 PM,08:15 AM,Waxing Gibbous,78
United States,New York,40.71,-74.01,America/New_York,1693852200,2023-09-05 00:00,30.7,87.3,Partly cloudy,4.3,6.9,209,SSW,1004.8,29.67,0.0,0.0,52,72,32.7,90.9,10.0,6.2,4.1,7.2,11.6,129.9,74.9,14.6,6.5,27.8,38.6,2,3,06:12 AM,07:45 PM,09:30 PM,08:15 AM,Waxing Gibbous,78
United Kingdom,London,51.51,-0.13,Europe/London,1693852200,2023-09-05 00:00,20.2,68.4,Partly cloudy,9.9,15.9,210,SSW,1009.6,29.81,0.0,0.0,54,70,21.6,70.9,8.8,5.5,3.4,16.8,27.1,100.0,56.5,3.8,1.9,10.2,16.4,1,2,06:12 AM,07:45 PM,09:30 PM,08:15 AM,Waxing Gibbous,78
Japan,Tokyo,35.68,139.69,Asia/Tokyo,1693852200,2023-09-05 00:00,38.1,100.6,Sunny,2.6,4.2,328,NNW,1024.5,30.25,0.0,0.0,31,3,39.3,102.7,10.0,6.2,8.1,4.7,7.5,100.0,118.6,3.4,1.0,11.9,10.0,1,2,06:12 AM,07:45 PM,09:30 PM,08:15 AM,Waxing Gibbous,78
France,Paris,48.85,2.35,Europe/Paris,1693852200,2023-09-05 00:00,29.4,84.9,Sunny,7.0,11.2,210,SSW,1015.9,30.0,0.0,0.0,41,9,30.6,87.1,9.3,5.8,7.6,10.3,16.6,167.3,90.9,11.9,3.9,34.9,55.1,2,4,06:12 AM,07:45 PM,09:30 PM,08:15 AM,Waxing Gibbous,78
India,New Delhi,28.61,77.21,Asia/Kolkata,1693852200,2023-09-05 00:00,35.0,95.0,Partly cloudy,9.1,14.7,313,NW,1012.9,29.91,0.0,0.0,63,67,37.0,98.6,8.5,5.3,3.6,11.4,18.3,286.8,89.4,20.1,9.9,49.4,81.2,3,5,06:12 AM,07:45 PM,09:30 PM,08:15 AM,Waxing Gibbous,78
Australia,Sydney,-33.87,151.21,Australia/Sydney,1693852200,2023-09-05 00:00,16.1,61.0,Moderate rain,8.6,13.9,1,N,1015.4,29.98,11.1,0.44,83,89,19.1,66.4,6.4,4.0,2.6,13.1,21.1,100.0,45.4,8.1,3.2,6.9,17.7,1,1,06:12 AM,07:45 PM,09:30 PM,08:15 AM,Waxing Gibbous,78
Egypt,Cairo,30.04,31.24,Africa/Cairo,1693852200,2023-09-05 00:00,38.1,100.6,Partly cloudy,11.9,19.2,137,SE,1021.1,30.15,0.0,0.0,57,42,39.4,102.9,9.3,5.8,5.9,16.3,26.2,193.4,101.5,11.2,2.5,34.4,55.1,2,4,06:12 AM,07:45 PM,09:30 PM,08:15 AM,Waxing Gibbous,78
Singapore,Singapore,1.35,103.82,Asia/Singapore,1693852200,2023-09-05 00:00,34.3,93.7,Partly cloudy,1.7,2.7,216,SW,1018.3,30.07,0.0,0.0,73,56,37.7,99.9,7.5,4.7,4.7,2.1,3.4,100.0,92.6,2.0,2.5,18.5,8.0,2,2,06:12 AM,07:45 PM,09:30 PM,08:15 AM,Waxing Gibbous,78
Brazil,Rio de Janeiro,-22.91,-43.17,America/Sao_Paulo,1693852200,2023-09-05 00:00,21.3,70.3,Patchy rain possible,13.4,21.5,236,SW,1011.0,29.85,0.3,0.01,73,48,23.2,73.8,8.1,5.0,5.3,20.7,33.3,100.0,67.2,4.4,1.0,13.2,18.9,2,2,06:12 AM,07:45 PM,09:30 PM,08:15 AM,Waxing Gibbous,78
Canada,Toronto,43.65,-79.38,America/Toronto,1693852200,2023-09-05 00:00,29.4,84.9,Partly cloudy,1.2,2.0,172,S,1022.0,30.18,0.0,0.0,37,50,31.1,88.0,8.6,5.3,5.2,1.6,2.6,100.0,81.5,4.1,1.0,6.2,10.5,1,1,06:12 AM,07:45 PM,09:30 PM,08:15 AM,Waxing Gibbous,78
Germany,Berlin,52.52,13.4,Europe/Berlin,1693852200,2023-09-05 00:00,25.4,77.7,Partly cloudy,6.5,10.5,12,NNE,1021.9,30.18,0.0,0.0,47,35,26.9,80.4,10.0,6.2,6.0,11.4,18.4,100.0,70.2,3.9,2.1,6.3,8.0,1,1,06:12 AM,07:45 PM,09:30 PM,08:15 AM,Waxing Gibbous,78
United Arab Emirates,Dubai,25.2,55.27,Asia/Dubai,1693852200,2023-09-05 00:00,40.9,105.6,Partly cloudy,14.0,22.5,102,ESE,1024.0,30.24,0.0,0.0,57,50,42.0,107.6,9.4,5.8,3.2,19.9,32.0,100.0,101.4,2.5,3.9,7.4,8.0,1,1,06:12 AM,07:45 PM,09:30 PM,08:15 AM,Waxing Gibbous,78
India,Mumbai,19.07,72.88,Asia/Kolkata,1693852200,2023-09-05 00:00,33.7,92.7,Partly cloudy,7.6,12.3,99,E,1006.5,29.72,0.0,0.0,62,75,35.8,96.4,8.5,5.3,3.6,11.9,19.1,225.8,88.3,18.3,7.4,42.6,82.6,3,5,06:12 AM,07:45 PM,09:30 PM,08:15 AM,Waxing Gibbous,78
United States,San Francisco,37.77,-122.42,America/Los_Angeles,1693852200,2023-09-05 00:00,20.2,68.4,Partly cloudy,1.6,2.6,318,NW,1018.1,30.06,0.0,0.0,46,32,22.3,72.1,8.5,5.3,5.3,2.0,3.2,141.2,67.8,17.8,8.5,28.2,49.1,2,3,06:12 AM,07:45 PM,09:30 PM,08:15 AM,Waxing Gibbous,78
South Africa,Cape Town,-33.92,18.42,Africa/Johannesburg,1693852200,2023-09-05 00:00,10.4,50.7,Overcast,3.3,5.3,236,SW,1020.6,30.14,0.0,0.0,70,78,13.5,56.3,9.3,5.8,2.7,4.1,6.6,100.0,37.3,8.3,1.7,20.7,21.4,2,3,06:12 AM,07:45 PM,09:30 PM,08:15 AM,Waxing Gibbous,78
South Korea,Seoul,37.56,126.98,Asia/Seoul,1693852200,2023-09-05 00:00,30.7,87.3,Partly cloudy,6.8,10.9,317,NW,1011.8,29.88,0.0,0.0,39,40,31.8,89.2,9.6,6.0,5.5,11.4,18.3,180.2,87.6,16.1,6.4,24.1,21.5,2,3,06:12 AM,07:45 PM,09:30 PM,08:15 AM,Waxing Gibbous,78
Thailand,Bangkok,13.75,100.5,Asia/Bangkok,1693852200,2023-09-05 00:00,35.8,96.4,Partly cloudy,3.7,6.0,54,NE,1011.7,29.88,0.0,0.0,63,36,38.5,101.3,7.5,4.7,6.2,6.3,10.2,324.2,108.1,23.8,11.4,67.3,112.1,4,7,06:12 AM,07:45 PM,09:30 PM,08:15 AM,Waxing Gibbous,78
Kenya,Nairobi,-1.29,36.82,Africa/Nairobi,1693852200,2023-09-05 00:00,16.2,61.2,Patchy rain possible,11.2,18.1,181,S,1015.7,29.99,2.1,0.08,83,75,18.9,66.0,7.2,4.5,3.6,19.4,31.3,100.0,46.1,2.0,1.0,5.3,8.7,1,1,06:12 AM,07:45 PM,09:30 PM,08:15 AM,Waxing Gibbous,78
Sweden,Stockholm,59.33,18.06,Europe/Stockholm,1693852200,2023-09-05 00:00,20.7,69.3,Partly cloudy,35.7,57.4,13,NNE,1014.3,29.95,0.0,0.0,45,56,18.4,65.1,8.4,5.2,4.7,46.5,74.9,100.0,65.0,2.0,2.8,16.8,16.8,2,2,06:12 AM,07:45 PM,09:30 PM,08:15 AM,Waxing Gibbous,78
Argentina,Buenos Aires,-34.6,-58.38,America/Argentina/Buenos_Aires,1693852200,2023-09-05 00:00,11.1,52.0,Moderate rain,9.2,14.8,23,NNE,1011.9,29.88,5.2,0.2,98,89,14.8,58.6,5.1,3.2,2.9,15.3,24.7,100.0,40.0,2.0,4.3,10.5,23.9,1,2,06:12 AM,07:45 PM,09:30 PM,08:15 AM,Waxing Gibbous,78
United States,New York,40.71,-74.01,America/New_York,1693938600,2023-09-06 00:00,26.7,80.1,Partly cloudy,6.2,9.9,272,W,1021.6,30.17,0.0,0.0,56,35,28.7,83.7,8.7,5.4,6.5,8.3,13.4,100.0,86.4,7.3,2.9,18.5,29.9,2,2,06:12 AM,07:45 PM,09:30 PM,08:15 AM,Waxing Gibbous,78
United Kingdom,London,51.51,-0.13,Europe/London,1693938600,2023-09-06 00:00,18.1,64.6,Partly cloudy,4.8,7.7,17,NNE,1014.6,29.96,0.0,0.0,74,55,21.2,70.2,7.8,4.8,4.1,6.1,9.8,100.0,59.2,2.0,1.9,12.9,8.0,2,2,06:12 AM,07:45 PM,09:30 PM,08:15 AM,Waxing Gibbous,78
Japan,Tokyo,35.68,139.69,Asia/Tokyo,1693938600,2023-09-06 00:00,28.8,83.8,Moderate rain,9.4,15.1,359,N,1014.5,29.96,10.6,0.42,77,65,31.4,88.5,5.9,3.7,3.1,11.5,18.5,100.0,71.9,2.0,2.5,8.9,11.0,1,1,06:12 AM,07:45 PM,09:30 PM,08:15 AM,Waxing Gibbous,78
France,Paris,48.85,2.35,Europe/Paris,1693938600,2023-09-06 00:00,27.0,80.6,Partly cloudy,21.9,35.2,336,NNW,1003.9,29.65,0.0,0.0,55,49,26.9,80.4,8.4,5.2,4.6,34.5,55.6,100.0,76.6,7.1,3.6,12.3,8.0,2,2,06:12 AM,07:45 PM,09:30 PM,08:15 AM,Waxing Gibbous,78
India,New Delhi,28.61,77.21,Asia/Kolkata,1693938600,2023-09-06 00:00,36.7,98.1,Partly cloudy,14.5,23.4,346,NNW,1003.9,29.65,0.0,0.0,55,40,37.6,99.7,8.7,5.4,6.0,22.4,36.0,203.8,108.9,13.5,8.5,42.5,71.4,3,5,06:12 AM,07:45 PM,09:30 PM,08:15 AM,Waxing Gibbous,78
Australia,Sydney,-33.87,151.21,Australia/Sydney,1693938600,2023-09-06 00:00,8.7,47.7,Patchy rain possible,7.8,12.6,298,WNW,1013.2,29.92,3.9,0.15,84,96,11.9,53.4,5.7,3.5,2.0,13.5,21.7,102.6,30.1,9.0,5.0,16.9,31.9,2,2,06:12 AM,07:45 PM,09:30 PM,08:15 AM,Waxing Gibbous,78
Egypt,Cairo,30.04,31.24,Africa/Cairo,1693938600,2023-09-06 00:00,37.3,99.1,Partly cloudy,2.0,3.2,141,SE,1018.1,30.06,0.0,0.0,55,52,39.8,103.6,7.1,4.4,5.3,2.8,4.5,273.2,108.8,13.7,4.9,48.9,70.6,3,5,06:12 AM,07:45 PM,09:30 PM,08:15 AM,Waxing Gibbous,78
Singapore,Singapore,1.35,103.82,Asia/Singapore,1693938600,2023-09-06 00:00,27.8,82.0,Partly cloudy,1.5,2.4,87,E,1011.6,29.87,0.0,0.0,64,65,30.8,87.4,9.9,6.2,4.5,2.2,3.5,100.0,83.4,2.0,1.0,4.0,8.0,1,1,06:12 AM,07:45 PM,09:30 PM,08:15 AM,Waxing Gibbous,78
Brazil,Rio de Janeiro,-22.91,-43.17,America/Sao_Paulo,1693938600,2023-09-06 00:00,22.5,72.5,Patchy rain possible,9.5,15.3,303,WNW,1018.2,30.07,2.6,0.1,93,96,25.9,78.6,7.1,4.4,2.5,16.5,26.5,100.0,65.0,12.0,1.0,11.2,8.0,1,2,06:12 AM,07:45 PM,09:30 PM,08:15 AM,Waxing Gibbous,78
Canada,Toronto,43.65,-79.38,America/Toronto,1693938600,2023-09-06 00:00,23.4,74.1,Sunny,12.1,19.5,250,WSW,1015.1,29.98,0.0,0.0,62,22,24.9,76.8,8.9,5.5,6.9,18.0,29.0,100.0,85.1,6.8,1.3,18.6,25.8,2,2,06:12 AM,07:45 PM,09:30 PM,08:15 AM,Waxing Gibbous,78
Germany,Berlin,52.52,13.4,Europe/Berlin,1693938600,2023-09-06 00:00,20.4,68.7,Partly cloudy,19.8,31.9,63,ENE,1006.9,29.73,0.0,0.0,63,55,21.0,69.8,10.0,6.2,5.3,28.8,46.4,118.8,64.5,12.2,1.0,21.1,27.7,2,3,06:12 AM,07:45 PM,09:30 PM,08:15 AM,Waxing Gibbous,78
United Arab Emirates,Dubai,25.2,55.27,Asia/Dubai,1693938600,2023-09-06 00:00,32.0,89.6,Overcast,3.3,5.3,160,SSE,1019.5,30.11,0.0,0.0,82,89,35.7,96.3,8.5,5.3,3.2,4.0,6.5,120.2,85.9,5.3,2.0,20.3,21.1,2,3,06:12 AM,07:45 PM,09:30 PM,08:15 AM,Waxing Gibbous,78
India,Mumbai,19.07,72.88,Asia/Kolkata,1693938600,2023-09-06 00:00,35.4,95.7,Patchy rain possible,14.2,22.9,270,W,1020.8,30.14,0.4,0.02,67,57,36.9,98.4,10.0,6.2,5.1,25.4,40.9,226.5,94.4,23.4,7.2,41.9,66.2,3,5,06:12 AM,07:45 PM,09:30 PM,08:15 AM,Waxing Gibbous,78
United States,San Francisco,37.77,-122.42,America/Los_Angeles,1693938600,2023-09-06 00:00,21.0,69.8,Partly cloudy,6.4,10.3,25,NNE,1019.7,30.11,0.0,0.0,53,36,22.8,73.0,8.8,5.5,5.1,9.4,15.1,100.0,67.1,2.0,1.1,4.8,8.0,1,1,06:12 AM,07:45 PM,09:30 PM,08:15 AM,Waxing Gibbous,78
South Africa,Cape Town,-33.92,18.42,Africa/Johannesburg,1693938600,2023-09-06 00:00,14.0,57.2,Moderate rain,9.8,15.7,163,SSE,1007.6,29.75,13.0,0.51,77,68,16.6,61.9,5.1,3.2,4.1,12.7,20.5,116.6,49.8,6.0,5.5,19.4,11.6,2,2,06:12 AM,07:45 PM,09:30 PM,08:15 AM,Waxing Gibbous,78
South Korea,Seoul,37.56,126.98,Asia/Seoul,1693938600,2023-09-06 00:00,32.5,90.5,Sunny,6.4,10.3,228,SW,1016.7,30.02,0.0,0.0,44,8,33.9,93.0,10.0,6.2,7.5,9.8,15.7,111.6,111.7,6.2,2.1,17.0,22.5,2,2,06:12 AM,07:45 PM,09:30 PM,08:15 AM,Waxing Gibbous,78
Thailand,Bangkok,13.75,100.5,Asia/Bangkok,1693938600,2023-09-06 00:00,36.1,97.0,Moderate rain,17.1,27.5,53,NE,999.8,29.52,4.1,0.16,78,58,37.8,100.0,6.8,4.2,4.6,23.7,38.1,171.2,90.8,13.4,2.5,33.7,67.7,2,4,06:12 AM,07:45 PM,09:30 PM,08:15 AM,Waxing Gibbous,78
Kenya,Nairobi,-1.29,36.82,Africa/Nairobi,1693938600,2023-09-06 00:00,12.5,54.5,Overcast,9.4,15.2,229,SW,1008.2,29.77,0.0,0.0,89,87,15.7,60.3,7.9,4.9,3.6,16.8,27.0,100.0,40.3,8.3,1.0,10.3,23.9,1,2,06:12 AM,07:45 PM,09:30 PM,08:15 AM,Waxing Gibbous,78
Sweden,Stockholm,59.33,18.06,Europe/Stockholm,1693938600,2023-09-06 00:00,18.8,65.8,Partly cloudy,10.0,16.1,218,SW,1012.5,29.9,0.0,0.0,53,33,20.2,68.4,8.1,5.0,5.5,15.2,24.4,113.9,68.3,10.7,6.7,19.7,26.0,2,2,06:12 AM,07:45 PM,09:30 PM,08:15 AM,Waxing Gibbous,78
Argentina,Buenos Aires,-34.6,-58.38,America/Argentina/Buenos_Aires,1693938600,2023-09-06 00:00,15.7,60.3,Patchy rain possible,8.4,13.5,103,ESE,1008.7,29.79,2.3,0.09,73,73,18.3,64.9,7.5,4.7,4.0,10.2,16.4,100.0,46.5,5.2,3.5,17.8,34.5,2,2,06:12 AM,07:45 PM,09:30 PM,08:15 AM,Waxing Gibbous,78
United States,New York,40.71,-74.01,America/New_York,1694025000,2023-09-07 00:00,31.4,88.5,Sunny,8.2,13.2,359,N,1018.2,30.07,0.0,0.0,41,17,32.4,90.3,8.4,5.2,6.1,11.6,18.7,100.0,97.2,8.0,1.6,21.3,23.2,2,3,06:12 AM,07:45 PM,09:30 PM,08:15 AM,Waxing Gibbous,78
United Kingdom,London,51.51,-0.13,Europe/London,1694025000,2023-09-07 00:00,19.3,66.7,Partly cloudy,6.1,9.8,170,S,1017.7,30.05,0.0,0.0,49,62,21.0,69.8,10.0,6.2,3.9,7.6,12.3,100.0,52.2,7.3,5.4,4.0,8.0,1,1,06:12 AM,07:45 PM,09:30 PM,08:15 AM,Waxing Gibbous,78
Japan,Tokyo,35.68,139.69,Asia/Tokyo,1694025000,2023-09-07 00:00,29.0,84.2,Partly cloudy,7.4,11.9,107,ESE,1009.0,29.8,0.0,0.0,57,31,30.9,87.6,8.6,5.3,6.2,10.9,17.6,100.0,85.7,8.4,4.1,13.2,10.9,2,2,06:12 AM,07:45 PM,09:30 PM,08:15 AM,Waxing Gibbous,78
France,Paris,48.85,2.35,Europe/Paris,1694025000,2023-09-07 00:00,29.3,84.7,Sunny,2.5,4.0,124,SE,1015.4,29.98,0.0,0.0,47,29,31.3,88.3,7.0,4.3,6.7,4.3,7.0,100.0,91.0,2.0,1.3,13.9,15.9,2,2,06:12 AM,07:45 PM,09:30 PM,08:15 AM,Waxing Gibbous,78
India,New Delhi,28.61,77.21,Asia/Kolkata,1694025000,2023-09-07 00:00,33.6,92.5,Partly cloudy,4.8,7.8,355,N,1022.7,30.2,0.0,0.0,52,41,35.6,96.1,8.5,5.3,5.2,6.0,9.6,229.9,89.8,22.3,2.5,44.9,70.6,3,5,06:12 AM,07:45 PM,09:30 PM,08:15 AM,Waxing Gibbous,78
Australia,Sydney,-33.87,151.21,Australia/Sydney,1694025000,2023-09-07 00:00,12.3,54.1,Patchy rain possible,12.0,19.3,80,E,997.2,29.45,2.6,0.1,87,86,15.1,59.2,7.9,4.9,2.1,18.0,29.0,100.0,31.5,5.8,2.2,11.4,22.8,1,2,06:12 AM,07:45 PM,09:30 PM,08:15 AM,Waxing Gibbous,78
Egypt,Cairo,30.04,31.24,Africa/Cairo,1694025000,2023-09-07 00:00,41.4,106.5,Partly cloudy,3.5,5.7,40,NE,1017.6,30.05,0.0,0.0,50,38,43.4,110.1,8.8,5.5,5.5,4.3,6.9,309.5,111.5,13.1,7.7,53.8,95.5,3,6,06:12 AM,07:45 PM,09:30 PM,08:15 AM,Waxing Gibbous,78
Singapore,Singapore,1.35,103.82,Asia/Singapore,1694025000,2023-09-07 00:00,30.9,87.6,Partly cloudy,2.9,4.7,328,NNW,1007.8,29.76,0.0,0.0,62,68,33.6,92.5,7.8,4.8,4.1,4.9,7.9,100.0,79.8,3.6,3.4,7.1,25.1,1,1,06:12 AM,07:45 PM,09:30 PM,08:15 AM,Waxing Gibbous,78
Brazil,Rio de Janeiro,-22.91,-43.17,America/Sao_Paulo,1694025000,2023-09-07 00:00,22.3,72.1,Partly cloudy,5.5,8.9,120,ESE,1007.8,29.76,0.0,0.0,77,67,25.4,77.7,8.8,5.5,3.1,7.7,12.4,100.0,64.7,5.7,1.0,12.6,24.4,2,2,06:12 AM,07:45 PM,09:30 PM,08:15 AM,Waxing Gibbous,78
Canada,Toronto,43.65,-79.38,America/Toronto,1694025000,2023-09-07 00:00,27.8,82.0,Sunny,2.7,4.3,89,E,1010.6,29.84,0.0,0.0,52,26,30.1,86.2,9.3,5.8,5.8,4.1,6.6,100.0,78.4,10.5,1.0,11.0,18.2,1,2,06:12 AM,07:45 PM,09:30 PM,08:15 AM,Waxing Gibbous,78
Germany,Berlin,52.52,13.4,Europe/Berlin,1694025000,2023-09-07 00:00,23.7,74.7,Partly cloudy,8.6,13.8,299,WNW,1017.2,30.04,0.0,0.0,45,32,24.8,76.6,9.4,5.8,5.8,13.4,21.5,113.4,79.2,16.0,7.4,24.7,50.1,2,3,06:12 AM,07:45 PM,09:30 PM,08:15 AM,Waxing Gibbous,78
United Arab Emirates,Dubai,25.2,55.27,Asia/Dubai,1694025000,2023-09-07 00:00,42.0,107.6,Partly cloudy,7.1,11.4,283,WNW,1015.1,29.98,0.0,0.0,52,36,43.7,110.7,8.7,5.4,6.1,8.6,13.8,100.0,115.6,6.0,1.2,4.0,8.0,1,1,06:12 AM,07:45 PM,09:30 PM,08:15 AM,Waxing Gibbous,78
India,Mumbai,19.07,72.88,Asia/Kolkata,1694025000,2023-09-07 00:00,34.1,93.4,Overcast,11.6,18.6,74,ENE,1020.3,30.13,0.0,0.0,81,94,36.7,98.1,6.1,3.8,1.7,14.4,23.1,249.9,75.5,27.2,13.1,48.0,50.9,3,5,06:12 AM,07:45 PM,09:30 PM,08:15 AM,Waxing Gibbous,78
United States,San Francisco,37.77,-122.42,America/Los_Angeles,1694025000,2023-09-07 00:00,12.9,55.2,Partly cloudy,10.5,16.9,43,NE,1020.6,30.14,0.0,0.0,63,64,14.7,58.5,7.5,4.7,4.1,16.0,25.8,100.0,45.0,4.4,1.0,15.1,34.8,2,2,06:12 AM,07:45 PM,09:30 PM,08:15 AM,Waxing Gibbous,78
South Africa,Cape Town,-33.92,18.42,Africa/Johannesburg,1694025000,2023-09-07 00:00,12.1,53.8,Partly cloudy,17.1,27.5,294,WNW,1008.1,29.77,0.0,0.0,69,38,13.4,56.1,10.0,6.2,5.9,25.4,40.8,100.0,56.4,4.0,1.7,11.6,11.9,1,2,06:12 AM,07:45 PM,09:30 PM,08:15 AM,Waxing Gibbous,78
South Korea,Seoul,37.56,126.98,Asia/Seoul,1694025000,2023-09-07 00:00,31.7,89.1,Partly cloudy,14.0,22.5,343,NNW,1012.6,29.9,0.0,0.0,57,36,32.8,91.0,8.5,5.3,6.0,22.4,36.1,100.0,95.5,3.3,1.0,4.0,8.0,1,1,06:12 AM,07:45 PM,09:30 PM,08:15 AM,Waxing Gibbous,78
Thailand,Bangkok,13.75,100.5,Asia/Bangkok,1694025000,2023-09-07 00:00,35.6,96.1,Partly cloudy,5.3,8.5,252,WSW,1014.1,29.95,0.0,0.0,50,34,37.4,99.3,7.7,4.8,6.0,7.4,11.9,246.5,97.5,24.3,6.2,54.3,69.6,3,6,06:12 AM,07:45 PM,09:30 PM,08:15 AM,Waxing Gibbous,78
Kenya,Nairobi,-1.29,36.82,Africa/Nairobi,1694025000,2023-09-07 00:00,18.3,64.9,Moderate rain,11.1,17.9,178,S,1017.7,30.05,5.5,0.22,83,56,21.0,69.8,6.6,4.1,5.4,16.8,27.0,100.0,70.2,14.6,4.3,16.3,33.6,2,2,06:12 AM,07:45 PM,09:30 PM,08:15 AM,Waxing Gibbous,78
Sweden,Stockholm,59.33,18.06,Europe/Stockholm,1694025000,2023-09-07 00:00,21.3,70.3,Sunny,9.9,15.9,308,NW,1013.8,29.94,0.0,0.0,50,23,22.5,72.5,9.5,5.9,6.3,14.3,23.0,116.3,72.8,10.6,4.9,17.3,28.0,2,2,06:12 AM,07:45 PM,09:30 PM,08:15 AM,Waxing Gibbous,78
Argentina,Buenos Aires,-34.6,-58.38,America/Argentina/Buenos_Aires,1694025000,2023-09-07 00:00,12.9,55.2,Moderate rain,11.5,18.5,110,ESE,1011.3,29.86,7.5,0.3,89,97,15.9,60.6,5.6,3.5,2.4,14.7,23.6,100.0,40.6,4.4,2.3,4.0,8.0,1,1,06:12 AM,07:45 PM,09:30 PM,08:15 AM,Waxing Gibbous,78
United States,New York,40.71,-74.01,America/New_York,1694111400,2023-09-08 00:00,30.6,87.1,Partly cloudy,5.5,8.9,254,WSW,1008.1,29.77,0.0,0.0,36,45,31.7,89.1,10.0,6.2,3.9,9.9,16.0,100.0,86.3,4.3,1.0,20.6,33.0,2,3,06:12 AM,07:45 PM,09:30 PM,08:15 AM,Waxing Gibbous,78
United Kingdom,London,51.51,-0.13,Europe/London,1694111400,2023-09-08 00:00,22.5,72.5,Partly cloudy,2.2,3.6,325,NW,1010.1,29.83,0.0,0.0,57,71,25.1,77.2,9.9,6.2,3.3,2.9,4.6,100.0,58.0,3.7,1.0,14.1,16.7,2,2,06:12 AM,07:45 PM,09:30 PM,08:15 AM,Waxing Gibbous,78
Japan,Tokyo,35.68,139.69,Asia/Tokyo,1694111400,2023-09-08 00:00,32.0,89.6,Partly cloudy,13.4,21.6,17,NNE,1017.7,30.05,0.0,0.0,52,62,32.9,91.2,10.0,6.2,4.5,18.8,30.3,100.0,82.6,2.0,1.0,4.1,18.2,1,1,06:12 AM,07:45 PM,09:30 PM,08:15 AM,Waxing Gibbous,78
France,Paris,48.85,2.35,Europe/Paris,1694111400,2023-09-08 00:00,29.1,84.4,Partly cloudy,10.0,16.1,74,ENE,1015.0,29.97,0.0,0.0,52,43,30.4,86.7,9.7,6.0,5.7,15.2,24.4,108.7,80.8,12.5,3.2,23.9,33.5,2,3,06:12 AM,07:45 PM,09:30 PM,08:15 AM,Waxing Gibbous,78
India,New Delhi,28.61,77.21,Asia/Kolkata,1694111400,2023-09-08 00:00,39.4,102.9,Sunny,6.3,10.2,299,WNW,1003.0,29.62,0.0,0.0,43,22,40.7,105.3,9.0,5.6,6.7,8.4,13.5,270.4,120.0,25.3,6.2,52.4,81.7,3,6,06:12 AM,07:45 PM,09:30 PM,08:15 AM,Waxing Gibbous,78
Australia,Sydney,-33.87,151.21,Australia/Sydney,1694111400,2023-09-08 00:00,13.6,56.5,Moderate rain,12.4,20.0,306,NW,1014.0,29.94,7.2,0.28,87,88,16.3,61.3,5.6,3.5,2.3,16.4,26.4,100.0,33.6,2.1,1.4,4.0,18.7,1,1,06:12 AM,07:45 PM,09:30 PM,08:15 AM,Waxing Gibbous,78
Egypt,Cairo,30.04,31.24,Africa/Cairo,1694111400,2023-09-08 00:00,36.0,96.8,Partly cloudy,6.7,10.8,334,NNW,1018.6,30.08,0.0,0.0,54,50,37.8,100.0,8.2,5.1,5.2,10.7,17.3,174.8,99.1,20.0,7.0,45.4,67.6,3,5,06:12 AM,07:45 PM,09:30 PM,08:15 AM,Waxing Gibbous,78
Singapore,Singapore,1.35,103.82,Asia/Singapore,1694111400,2023-09-08 00:00,30.3,86.5,Partly cloudy,6.5,10.5,270,W,1011.5,29.87,0.0,0.0,68,65,32.9,91.2,9.3,5.8,4.1,11.4,18.4,100.0,86.5,6.8,1.0,4.0,16.5,1,1,06:12 AM,07:45 PM,09:30 PM,08:15 AM,Waxing Gibbous,78
Brazil,Rio de Janeiro,-22.91,-43.17,America/Sao_Paulo,1694111400,2023-09-08 00:00,22.6,72.7,Partly cloudy,5.3,8.6,253,WSW,1013.5,29.93,0.0,0.0,85,70,26.2,79.2,8.4,5.2,3.5,9.6,15.5,100.0,59.1,2.0,1.4,5.3,8.0,1,1,06:12 AM,07:45 PM,09:30 PM,08:15 AM,Waxing Gibbous,78
Canada,Toronto,43.65,-79.38,America/Toronto,1694111400,2023-09-08 00:00,31.8,89.2,Partly cloudy,11.3,18.2,21,NNE,1012.6,29.9,0.0,0.0,34,39,32.0,89.6,10.0,6.2,5.6,15.2,24.5,100.0,98.8,9.6,2.1,10.7,8.0,1,2,06:12 AM,07:45 PM,09:30 PM,08:15 AM,Waxing Gibbous,78
Germany,Berlin,52.52,13.4,Europe/Berlin,1694111400,2023-09-08 00:00,30.1,86.2,Partly cloudy,9.1,14.6,346,NNW,1013.8,29.94,0.0,0.0,46,50,31.2,88.2,6.5,4.0,4.5,13.7,22.1,105.4,79.5,14.3,6.3,18.0,39.7,2,2,06:12 AM,07:45 PM,09:30 PM,08:15 AM,Waxing Gibbous,78
United Arab Emirates,Dubai,25.2,55.27,Asia/Dubai,1694111400,2023-09-08 00:00,43.1,109.6,Partly cloudy,10.1,16.3,127,SE,1012.4,29.9,0.0,0.0,73,52,45.4,113.7,8.2,5.1,5.4,16.6,26.7,100.0,120.1,4.0,4.3,16.1,34.6,2,2,06:12 AM,07:45 PM,09:30 PM,08:15 AM,Waxing Gibbous,78
India,Mumbai,19.07,72.88,Asia/Kolkata,1694111400,2023-09-08 00:00,32.6,90.7,Partly cloudy,10.9,17.6,107,ESE,1018.5,30.08,0.0,0.0,62,58,34.3,93.7,10.0,6.2,4.6,19.1,30.7,196.9,85.2,17.5,5.7,39.7,59.7,3,4,06:12 AM,07:45 PM,09:30 PM,08:15 AM,Waxing Gibbous,78
United States,San Francisco,37.77,-122.42,America/Los_Angeles,1694111400,2023-09-08 00:00,20.5,68.9,Partly cloudy,11.1,17.9,41,NE,1015.5,29.99,0.0,0.0,63,48,22.2,72.0,6.6,4.1,5.6,16.1,25.9,100.0,65.0,2.0,1.0,4.1,10.7,1,1,06:12 AM,07:45 PM,09:30 PM,08:15 AM,Waxing Gibbous,78
South Africa,Cape Town,-33.92,18.42,Africa/Johannesburg,1694111400,2023-09-08 00:00,10.0,50.0,Overcast,4.9,7.9,3,N,1024.9,30.27,0.0,0.0,92,76,14.0,57.2,9.6,6.0,3.2,8.5,13.7,100.0,39.1,2.0,4.5,7.9,8.0,1,1,06:12 AM,07:45 PM,09:30 PM,08:15 AM,Waxing Gibbous,78
South Korea,Seoul,37.56,126.98,Asia/Seoul,1694111400,2023-09-08 00:00,30.0,86.0,Partly cloudy,1.9,3.1,332,NNW,1013.4,29.93,0.0,0.0,60,40,32.8,91.0,8.7,5.4,5.4,3.1,5.0,100.0,91.6,14.9,1.0,14.8,22.0,2,2,06:12 AM,07:45 PM,09:30 PM,08:15 AM,Waxing Gibbous,78
Thailand,Bangkok,13.75,100.5,Asia/Bangkok,1694111400,2023-09-08 00:00,29.5,85.1,Partly cloudy,6.6,10.7,120,ESE,1020.9,30.15,0.0,0.0,78,68,32.5,90.5,7.8,4.8,4.5,11.6,18.7,198.5,83.0,14.6,7.4,39.0,85.8,3,4,06:12 AM,07:45 PM,09:30 PM,08:15 AM,Waxing Gibbous,78
Kenya,Nairobi,-1.29,36.82,Africa/Nairobi,1694111400,2023-09-08 00:00,18.8,65.8,Partly cloudy,9.6,15.5,2,N,1014.4,29.96,0.0,0.0,59,71,20.5,68.9,8.0,5.0,3.2,14.7,23.7,160.7,55.2,17.2,1.0,30.3,49.8,2,4,06:12 AM,07:45 PM,09:30 PM,08:15 AM,Waxing Gibbous,78
Sweden,Stockholm,59.33,18.06,Europe/Stockholm,1694111400,2023-09-08 00:00,18.8,65.8,Partly cloudy,4.5,7.3,228,SW,1012.1,29.89,0.0,0.0,48,43,20.6,69.1,8.5,5.3,5.0,8.0,12.8,120.8,61.4,10.4,4.3,21.2,33.0,2,3,06:12 AM,07:45 PM,09:30 PM,08:15 AM,Waxing Gibbous,78
Argentina,Buenos Aires,-34.6,-58.38,America/Argentina/Buenos_Aires,1694111400,2023-09-08 00:00,12.6,54.7,Partly cloudy,8.0,12.9,316,NW,1013.1,29.92,0.0,0.0,73,70,15.2,59.4,8.4,5.2,4.0,12.8,20.6,100.0,46.6,2.0,5.1,15.7,16.5,2,2,06:12 AM,07:45 PM,09:30 PM,08:15 AM,Waxing Gibbous,78
United States,New York,40.71,-74.01,America/New_York,1694197800,2023-09-09 00:00,27.2,81.0,Overcast,7.5,12.1,260,W,1016.6,30.02,0.0,0.0,57,100,29.1,84.4,9.6,6.0,1.8,9.5,15.3,100.0,68.6,2.0,1.1,11.4,8.0,1,2,06:12 AM,07:45 PM,09:30 PM,08:15 AM,Waxing Gibbous,78
United Kingdom,London,51.51,-0.13,Europe/London,1694197800,2023-09-09 00:00,20.1,68.2,Patchy rain possible,14.6,23.5,308,NW,1013.2,29.92,2.2,0.09,70,69,21.7,71.1,7.9,4.9,4.2,24.8,39.9,114.9,51.5,12.4,2.9,22.4,42.0,2,3,06:12 AM,07:45 PM,09:30 PM,08:15 AM,Waxing Gibbous,78
Japan,Tokyo,35.68,139.69,Asia/Tokyo,1694197800,2023-09-09 00:00,30.9,87.6,Partly cloudy,7.6,12.2,19,NNE,1008.1,29.77,0.0,0.0,64,63,33.1,91.6,6.7,4.2,4.5,9.4,15.2,120.9,87.2,10.0,2.7,26.3,50.1,2,3,06:12 AM,07:45 PM,09:30 PM,08:15 AM,Waxing Gibbous,78
France,Paris,48.85,2.35,Europe/Paris,1694197800,2023-09-09 00:00,27.9,82.2,Partly cloudy,5.2,8.4,208,SSW,1019.9,30.12,0.0,0.0,48,45,29.6,85.3,9.8,6.1,4.6,8.7,14.0,100.0,75.6,7.5,2.3,14.5,13.6,2,2,06:12 AM,07:45 PM,09:30 PM,08:15 AM,Waxing Gibbous,78
India,New Delhi,28.61,77.21,Asia/Kolkata,1694197800,2023-09-09 00:00,38.2,100.8,Partly cloudy,3.8,6.1,170,S,1012.8,29.91,0.0,0.0,55,48,40.5,104.9,10.0,6.2,5.1,5.5,8.8,302.3,109.3,28.7,14.0,62.6,106.9,4,7,06:12 AM,07:45 PM,09:30 PM,08:15 AM,Waxing Gibbous,78
Australia,Sydney,-33.87,151.21,Australia/Sydney,1694197800,2023-09-09 00:00,13.9,57.0,Moderate rain,13.0,21.0,70,ENE,1012.1,29.89,4.4,0.17,80,80,16.2,61.2,6.7,4.2,3.6,23.3,37.5,100.0,35.5,2.0,1.0,4.0,17.0,1,1,06:12 AM,07:45 PM,09:30 PM,08:15 AM,Waxing Gibbous,78
Egypt,Cairo,30.04,31.24,Africa/Cairo,1694197800,2023-09-09 00:00,40.5,104.9,Partly cloudy,5.3,8.5,123,ESE,1022.5,30.19,0.0,0.0,61,46,42.9,109.2,8.9,5.5,5.1,7.9,12.7,365.6,110.4,26.8,11.0,70.0,115.9,4,8,06:12 AM,07:45 PM,09:30 PM,08:15 AM,Waxing Gibbous,78
Singapore,Singapore,1.35,103.82,Asia/Singapore,1694197800,2023-09-09 00:00,26.2,79.2,Partly cloudy,12.4,20.0,74,ENE,1006.4,29.72,0.0,0.0,51,70,27.2,81.0,9.2,5.7,3.6,15.7,25.2,100.0,77.1,2.0,1.7,4.0,8.0,1,1,06:12 AM,07:45 PM,09:30 PM,08:15 AM,Waxing Gibbous,78
Brazil,Rio de Janeiro,-22.91,-43.17,America/Sao_Paulo,1694197800,2023-09-09 00:00,22.7,72.9,Patchy rain possible,10.9,17.6,159,SSE,1015.4,29.98,0.2,0.01,71,70,24.8,76.6,7.8,4.8,4.1,15.5,24.9,100.0,65.6,5.9,2.1,10.8,8.0,1,2,06:12 AM,07:45 PM,09:30 PM,08:15 AM,Waxing Gibbous,78
Canada,Toronto,43.65,-79.38,America/Toronto,1694197800,2023-09-09 00:00,28.5,83.3,Partly cloudy,15.9,25.6,4,N,1016.6,30.02,0.0,0.0,50,71,29.0,84.2,9.6,6.0,2.9,21.3,34.2,100.0,76.0,4.8,2.0,10.3,14.0,1,2,06:12 AM,07:45 PM,09:30 PM,08:15 AM,Waxing Gibbous,78
Germany,Berlin,52.52,13.4,Europe/Berlin,1694197800,2023-09-09 00:00,23.0,73.4,Partly cloudy,6.6,10.6,163,SSE,1017.5,30.05,0.0,0.0,53,61,24.8,76.6,7.8,4.8,4.0,10.4,16.7,100.0,74.6,2.0,1.0,4.0,30.2,1,1,06:12 AM,07:45 PM,09:30 PM,08:15 AM,Waxing Gibbous,78
United Arab Emirates,Dubai,25.2,55.27,Asia/Dubai,1694197800,2023-09-09 00:00,42.9,109.2,Moderate rain,15.5,24.9,315,NW,1020.9,30.15,4.5,0.18,68,65,44.3,111.7,7.9,4.9,4.7,22.6,36.4,100.0,107.8,2.4,1.0,6.0,8.0,1,1,06:12 AM,07:45 PM,09:30 PM,08:15 AM,Waxing Gibbous,78
India,Mumbai,19.07,72.88,Asia/Kolkata,1694197800,2023-09-09 00:00,32.7,90.9,Partly cloudy,9.9,15.9,161,SSE,1006.0,29.71,0.0,0.0,50,41,33.9,93.0,8.7,5.4,5.3,13.3,21.4,227.7,91.7,25.1,9.3,51.6,98.4,3,6,06:12 AM,07:45 PM,09:30 PM,08:15 AM,Waxing Gibbous,78
United States,San Francisco,37.77,-122.42,America/Los_Angeles,1694197800,2023-09-09 00:00,21.4,70.5,Partly cloudy,6.8,11.0,165,SSE,1007.1,29.74,0.0,0.0,76,58,24.3,75.7,10.0,6.2,4.5,10.3,16.6,100.0,65.3,7.3,5.9,12.9,24.4,2,2,06:12 AM,07:45 PM,09:30 PM,08:15 AM,Waxing Gibbous,78
South Africa,Cape Town,-33.92,18.42,Africa/Johannesburg,1694197800,2023-09-09 00:00,12.1,53.8,Partly cloudy,7.4,11.9,47,NE,1012.5,29.9,0.0,0.0,95,67,15.9,60.6,7.9,4.9,3.4,11.8,19.0,100.0,36.8,5.2,1.0,4.0,8.0,1,1,06:12 AM,07:45 PM,09:30 PM,08:15 AM,Waxing Gibbous,78
South Korea,Seoul,37.56,126.98,Asia/Seoul,1694197800,2023-09-09 00:00,26.9,80.4,Partly cloudy,10.7,17.2,277,W,1000.3,29.54,0.0,0.0,60,51,28.5,83.3,10.0,6.2,4.6,17.3,27.9,100.0,71.0,2.7,1.5,4.0,8.0,1,1,06:12 AM,07:45 PM,09:30 PM,08:15 AM,Waxing Gibbous,78
Thailand,Bangkok,13.75,100.5,Asia/Bangkok,1694197800,2023-09-09 00:00,32.6,90.7,Patchy rain possible,12.1,19.4,142,SE,1016.5,30.02,3.4,0.13,80,60,35.0,95.0,6.2,3.9,3.3,20.4,32.9,227.6,80.0,12.1,3.3,39.8,57.7,3,4,06:12 AM,07:45 PM,09:30 PM,08:15 AM,Waxing Gibbous,78
Kenya,Nairobi,-1.29,36.82,Africa/Nairobi,1694197800,2023-09-09 00:00,18.7,65.7,Moderate rain,9.6,15.5,181,S,1012.3,29.89,4.3,0.17,62,56,20.6,69.1,7.9,4.9,4.7,11.6,18.7,100.0,58.0,4.6,1.0,17.4,32.2,2,2,06:12 AM,07:45 PM,09:30 PM,08:15 AM,Waxing Gibbous,78
Sweden,Stockholm,59.33,18.06,Europe/Stockholm,1694197800,2023-09-09 00:00,18.1,64.6,Patchy rain possible,10.3,16.5,314,NW,1023.9,30.24,0.4,0.02,79,59,20.7,69.3,6.8,4.2,4.6,12.6,20.3,100.0,47.0,2.0,1.1,6.8,21.9,1,1,06:12 AM,07:45 PM,09:30 PM,08:15 AM,Waxing Gibbous,78
Argentina,Buenos Aires,-34.6,-58.38,America/Argentina/Buenos_Aires,1694197800,2023-09-09 00:00,16.1,61.0,Partly cloudy,8.5,13.7,255,WSW,1017.4,30.04,0.0,0.0,88,61,19.4,66.9,7.3,4.5,4.1,10.7,17.3,100.0,55.5,4.6,1.0,5.3,14.6,1,1,06:12 AM,07:45 PM,09:30 PM,08:15 AM,Waxing Gibbous,78
United States,New York,40.71,-74.01,America/New_York,1694284200,2023-09-10 00:00,32.1,89.8,Partly cloudy,9.6,15.5,176,S,1009.4,29.81,0.0,0.0,20,49,31.9,89.4,9.3,5.8,5.1,12.1,19.5,100.0,91.4,5.8,3.1,9.3,12.2,1,1,06:12 AM,07:45 PM,09:30 PM,08:15 AM,Waxing Gibbous,78
United Kingdom,London,51.51,-0.13,Europe/London,1694284200,2023-09-10 00:00,24.3,75.7,Partly cloudy,6.9,11.1,324,NW,1009.2,29.8,0.0,0.0,72,60,27.0,80.6,7.8,4.8,5.1,9.4,15.2,139.5,75.7,9.7,5.6,29.6,53.9,2,3,06:12 AM,07:45 PM,09:30 PM,08:15 AM,Waxing Gibbous,78
Japan,Tokyo,35.68,139.69,Asia/Tokyo,1694284200,2023-09-10 00:00,33.9,93.0,Partly cloudy,12.6,20.2,201,SSW,1015.7,29.99,0.0,0.0,47,47,34.6,94.3,9.0,5.6,5.8,17.5,28.1,100.0,95.8,2.0,1.0,11.2,38.3,1,2,06:12 AM,07:45 PM,09:30 PM,08:15 AM,Waxing Gibbous,78
France,Paris,48.85,2.35,Europe/Paris,1694284200,2023-09-10 00:00,24.8,76.6,Overcast,9.7,15.6,244,WSW,1023.4,30.22,0.0,0.0,79,78,27.5,81.5,9.6,6.0,3.0,17.3,27.9,100.0,67.0,2.0,3.2,20.3,14.8,2,3,06:12 AM,07:45 PM,09:30 PM,08:15 AM,Waxing Gibbous,78
India,New Delhi,28.61,77.21,Asia/Kolkata,1694284200,2023-09-10 00:00,38.0,100.4,Partly cloudy,11.1,17.9,294,WNW,1018.3,30.07,0.0,0.0,52,43,39.2,102.6,8.9,5.5,4.7,17.8,28.6,152.2,101.4,19.2,6.8,33.0,72.6,2,4,06:12 AM,07:45 PM,09:30 PM,08:15 AM,Waxing Gibbous,78
Australia,Sydney,-33.87,151.21,Australia/Sydney,1694284200,2023-09-10 00:00,11.4,52.5,Partly cloudy,8.8,14.1,295,WNW,1016.2,30.01,0.0,0.0,98,73,15.2,59.4,7.4,4.6,4.5,14.6,23.5,100.0,33.9,2.0,1.0,4.0,18.6,1,1,06:12 AM,07:45 PM,09:30 PM,08:15 AM,Waxing Gibbous,78
Egypt,Cairo,30.04,31.24,Africa/Cairo,1694284200,2023-09-10 00:00,39.4,102.9,Partly cloudy,11.4,18.3,309,NW,1004.3,29.66,0.0,0.0,48,49,40.3,104.5,8.1,5.0,4.7,17.6,28.3,280.3,92.7,20.9,8.7,54.0,100.8,3,6,06:12 AM,07:45 PM,09:30 PM,08:15 AM,Waxing Gibbous,78
Singapore,Singapore,1.35,103.82,Asia/Singapore,1694284200,2023-09-10 00:00,31.7,89.1,Partly cloudy,6.6,10.7,263,W,1003.6,29.64,0.0,0.0,60,68,33.8,92.8,9.3,5.8,4.2,8.1,13.0,100.0,79.4,9.0,2.6,14.8,21.3,2,2,06:12 AM,07:45 PM,09:30 PM,08:15 AM,Waxing Gibbous,78
Brazil,Rio de Janeiro,-22.91,-43.17,America/Sao_Paulo,1694284200,2023-09-10 00:00,22.5,72.5,Patchy rain possible,11.4,18.3,28,NNE,1016.7,30.02,1.3,0.05,85,68,25.3,77.5,5.5,3.4,3.2,18.8,30.2,100.0,60.7,4.4,4.1,11.6,8.0,1,2,06:12 AM,07:45 PM,09:30 PM,08:15 AM,Waxing Gibbous,78
Canada,Toronto,43.65,-79.38,America/Toronto,1694284200,2023-09-10 00:00,28.3,82.9,Partly cloudy,8.3,13.3,229,SW,1012.1,29.89,0.0,0.0,33,33,28.9,84.0,9.0,5.6,6.0,14.4,23.1,100.0,80.0,3.8,4.3,21.0,29.1,2,3,06:12 AM,07:45 PM,09:30 PM,08:15 AM,Waxing Gibbous,78
Germany,Berlin,52.52,13.4,Europe/Berlin,1694284200,2023-09-10 00:00,28.8,83.8,Partly cloudy,13.5,21.7,169,S,1011.0,29.85,0.0,0.0,59,63,30.0,86.0,8.4,5.2,3.9,18.3,29.5,133.4,77.3,4.8,4.1,15.3,29.4,2,2,06:12 AM,07:45 PM,09:30 PM,08:15 AM,Waxing Gibbous,78
United Arab Emirates,Dubai,25.2,55.27,Asia/Dubai,1694284200,2023-09-10 00:00,41.6,106.9,Partly cloudy,5.9,9.5,71,ENE,1019.4,30.1,0.0,0.0,52,38,43.4,110.1,9.5,5.9,6.2,9.8,15.8,130.6,116.5,9.6,4.5,23.6,8.0,2,3,06:12 AM,07:45 PM,09:30 PM,08:15 AM,Waxing Gibbous,78
India,Mumbai,19.07,72.88,Asia/Kolkata,1694284200,2023-09-10 00:00,32.9,91.2,Partly cloudy,1.2,2.0,209,SSW,1026.0,30.3,0.0,0.0,76,55,36.5,97.7,9.3,5.8,4.5,1.8,2.9,372.3,84.9,35.4,10.8,70.5,126.9,4,8,06:12 AM,07:45 PM,09:30 PM,08:15 AM,Waxing Gibbous,78
United States,San Francisco,37.77,-122.42,America/Los_Angeles,1694284200,2023-09-10 00:00,20.2,68.4,Moderate rain,17.7,28.5,55,NE,1005.5,29.69,5.0,0.2,57,75,20.8,69.4,7.2,4.5,2.5,24.4,39.2,100.0,47.0,7.6,1.6,20.4,22.4,2,3,06:12 AM,07:45 PM,09:30 PM,08:15 AM,Waxing Gibbous,78
South Africa,Cape Town,-33.92,18.42,Africa/Johannesburg,1694284200,2023-09-10 00:00,12.1,53.8,Overcast,5.7,9.2,94,E,1011.7,29.88,0.0,0.0,84,89,15.6,60.1,9.0,5.6,1.8,7.0,11.2,100.0,33.7,2.0,1.9,4.2,8.0,1,1,06:12 AM,07:45 PM,09:30 PM,08:15 AM,Waxing Gibbous,78
South Korea,Seoul,37.56,126.98,Asia/Seoul,1694284200,2023-09-10 00:00,33.2,91.8,Sunny,4.0,6.4,337,NNW,1008.5,29.78,0.0,0.0,38,8,34.6,94.3,10.0,6.2,7.0,6.0,9.7,100.0,102.2,3.7,1.0,13.2,12.5,2,2,06:12 AM,07:45 PM,09:30 PM,08:15 AM,Waxing Gibbous,78
Thailand,Bangkok,13.75,100.5,Asia/Bangkok,1694284200,2023-09-10 00:00,35.2,95.4,Overcast,2.8,4.5,327,NNW,1016.4,30.01,0.0,0.0,78,99,38.7,101.7,9.7,6.0,2.3,4.2,6.8,357.4,88.4,22.6,9.8,58.8,94.4,4,6,06:12 AM,07:45 PM,09:30 PM,08:15 AM,Waxing Gibbous,78
Kenya,Nairobi,-1.29,36.82,Africa/Nairobi,1694284200,2023-09-10 00:00,19.0,66.2,Partly cloudy,5.0,8.0,18,NNE,1017.4,30.04,0.0,0.0,66,63,21.7,71.1,7.6,4.7,3.8,7.8,12.5,100.0,57.6,11.1,3.3,19.9,26.7,2,2,06:12 AM,07:45 PM,09:30 PM,08:15 AM,Waxing Gibbous,78
Sweden,Stockholm,59.33,18.06,Europe/Stockholm,1694284200,2023-09-10 00:00,20.3,68.5,Partly cloudy,6.7,10.8,295,WNW,1007.5,29.75,0.0,0.0,50,58,21.9,71.4,7.4,4.6,4.8,8.9,14.3,100.0,64.4,2.0,3.9,16.3,19.8,2,2,06:12 AM,07:45 PM,09:30 PM,08:15 AM,Waxing Gibbous,78
Argentina,Buenos Aires,-34.6,-58.38,America/Argentina/Buenos_Aires,1694284200,2023-09-10 00:00,14.3,57.7,Overcast,12.9,20.7,275,W,1005.3,29.69,0.0,0.0,82,93,16.7,62.1,8.1,5.0,2.0,21.1,33.9,100.0,42.2,11.9,1.0,15.8,29.5,2,2,06:12 AM,07:45 PM,09:30 PM,08:15 AM,Waxing Gibbous,78
United States,New York,40.71,-74.01,America/New_York,1694370600,2023-09-11 00:00,26.9,80.4,Partly cloudy,2.4,3.8,308,NW,1022.6,30.2,0.0,0.0,55,70,29.3,84.7,9.6,6.0,4.0,3.9,6.2,100.0,77.7,2.0,2.7,10.8,8.0,1,2,06:12 AM,07:45 PM,09:30 PM,08:15 AM,Waxing Gibbous,78
United Kingdom,London,51.51,-0.13,Europe/London,1694370600,2023-09-11 00:00,20.4,68.7,Sunny,8.3,13.3,3,N,1019.5,30.11,0.0,0.0,46,28,21.6,70.9,8.5,5.3,6.1,11.9,19.2,107.1,68.1,9.9,2.5,19.5,26.2,2,2,06:12 AM,07:45 PM,09:30 PM,08:15 AM,Waxing Gibbous,78
Japan,Tokyo,35.68,139.69,Asia/Tokyo,1694370600,2023-09-11 00:00,33.6,92.5,Partly cloudy,6.0,9.6,230,SW,1022.5,30.19,0.0,0.0,47,33,35.2,95.4,8.5,5.3,6.0,8.1,13.0,100.0,93.5,2.0,1.0,4.6,8.0,1,1,06:12 AM,07:45 PM,09:30 PM,08:15 AM,Waxing Gibbous,78
France,Paris,48.85,2.35,Europe/Paris,1694370600,2023-09-11 00:00,23.4,74.1,Partly cloudy,4.2,6.7,159,SSE,1004.6,29.67,0.0,0.0,63,43,26.0,78.8,9.3,5.8,5.2,5.5,8.9,117.4,69.8,14.6,1.0,22.5,25.8,2,3,06:12 AM,07:45 PM,09:30 PM,08:15 AM,Waxing Gibbous,78
India,New Delhi,28.61,77.21,Asia/Kolkata,1694370600,2023-09-11 00:00,40.2,104.4,Partly cloudy,7.1,11.5,343,NNW,1020.4,30.13,0.0,0.0,56,64,42.1,107.8,8.2,5.1,4.5,11.7,18.8,317.4,107.3,22.4,8.5,55.9,80.2,4,6,06:12 AM,07:45 PM,09:30 PM,08:15 AM,Waxing Gibbous,78
Australia,Sydney,-33.87,151.21,Australia/Sydney,1694370600,2023-09-11 00:00,11.4,52.5,Overcast,9.9,15.9,357,N,1014.7,29.96,0.0,0.0,98,100,15.0,59.0,7.8,4.8,2.6,14.8,23.8,100.0,35.3,2.0,3.6,16.2,49.6,2,2,06:12 AM,07:45 PM,09:30 PM,08:15 AM,Waxing Gibbous,78
Egypt,Cairo,30.04,31.24,Africa/Cairo,1694370600,2023-09-11 00:00,39.8,103.6,Partly cloudy,5.0,8.1,297,WNW,1007.3,29.75,0.0,0.0,49,46,41.6,106.9,9.5,5.9,4.5,6.7,10.8,301.6,109.3,25.9,9.6,56.0,91.2,4,6,06:12 AM,07:45 PM,09:30 PM,08:15 AM,Waxing Gibbous,78
Singapore,Singapore,1.35,103.82,Asia/Singapore,1694370600,2023-09-11 00:00,34.9,94.8,Partly cloudy,4.3,7.0,167,SSE,1009.8,29.82,0.0,0.0,64,45,37.5,99.5,9.4,5.8,4.8,5.7,9.2,100.0,89.0,5.1,4.3,12.8,13.1,2,2,06:12 AM,07:45 PM,09:30 PM,08:15 AM,Waxing Gibbous,78
Brazil,Rio de Janeiro,-22.91,-43.17,America/Sao_Paulo,1694370600,2023-09-11 00:00,23.2,73.8,Partly cloudy,5.6,9.0,8,N,1012.2,29.89,0.0,0.0,67,71,25.8,78.4,8.2,5.1,3.2,8.1,13.0,121.3,48.9,9.0,4.5,21.5,41.2,2,3,06:12 AM,07:45 PM,09:30 PM,08:15 AM,Waxing Gibbous,78
Canada,Toronto,43.65,-79.38,America/Toronto,1694370600,2023-09-11 00:00,30.3,86.5,Partly cloudy,5.7,9.2,332,NNW,1013.6,29.93,0.0,0.0,44,45,31.8,89.2,7.0,4.3,5.3,8.9,14.4,100.0,88.2,2.9,4.3,12.9,12.4,2,2,06:12 AM,07:45 PM,09:30 PM,08:15 AM,Waxing Gibbous,78
Germany,Berlin,52.52,13.4,Europe/Berlin,1694370600,2023-09-11 00:00,31.0,87.8,Partly cloudy,3.2,5.1,228,SW,1007.6,29.75,0.0,0.0,56,54,33.4,92.1,8.6,5.3,5.1,5.5,8.9,122.0,79.0,5.2,5.9,30.1,35.8,2,4,06:12 AM,07:45 PM,09:30 PM,08:15 AM,Waxing Gibbous,78
United Arab Emirates,Dubai,25.2,55.27,Asia/Dubai,1694370600,2023-09-11 00:00,42.9,109.2,Partly cloudy,7.3,11.8,226,SW,1005.3,29.69,0.0,0.0,67,61,45.3,113.5,7.9,4.9,4.0,11.1,17.9,100.0,107.0,7.5,2.7,20.3,29.9,2,3,06:12 AM,07:45 PM,09:30 PM,08:15 AM,Waxing Gibbous,78
India,Mumbai,19.07,72.88,Asia/Kolkata,1694370600,2023-09-11 00:00,29.2,84.6,Partly cloudy,8.6,13.8,51,NE,1009.7,29.82,0.0,0.0,76,50,31.9,89.4,9.9,6.2,4.1,12.2,19.7,242.3,90.9,19.2,3.5,41.1,62.5,3,5,06:12 AM,07:45 PM,09:30 PM,08:15 AM,Waxing Gibbous,78
United States,San Francisco,37.77,-122.42,America/Los_Angeles,1694370600,2023-09-11 00:00,22.7,72.9,Sunny,7.5,12.0,186,S,1022.2,30.19,0.0,0.0,55,29,24.5,76.1,10.0,6.2,5.9,11.4,18.4,100.0,78.2,2.0,1.0,17.8,8.0,2,2,06:12 AM,07:45 PM,09:30 PM,08:15 AM,Waxing Gibbous,78
South Africa,Cape Town,-33.92,18.42,Africa/Johannesburg,1694370600,2023-09-11 00:00,9.0,48.2,Partly cloudy,8.1,13.1,73,ENE,1004.9,29.67,0.0,0.0,85,69,12.2,54.0,7.1,4.4,3.5,12.4,19.9,108.2,38.3,12.0,1.8,16.6,22.7,2,2,06:12 AM,07:45 PM,09:30 PM,08:15 AM,Waxing Gibbous,78
South Korea,Seoul,37.56,126.98,Asia/Seoul,1694370600,2023-09-11 00:00,28.5,83.3,Partly cloudy,8.3,13.3,10,N,1016.2,30.01,0.0,0.0,56,55,30.2,86.4,8.4,5.2,4.3,14.2,22.9,152.7,87.9,15.9,6.5,29.5,47.5,2,3,06:12 AM,07:45 PM,09:30 PM,08:15 AM,Waxing Gibbous,78
Thailand,Bangkok,13.75,100.5,Asia/Bangkok,1694370600,2023-09-11 00:00,33.3,91.9,Partly cloudy,5.1,8.2,286,WNW,1008.5,29.78,0.0,0.0,54,32,35.3,95.5,8.6,5.3,6.0,7.6,12.2,259.3,97.1,25.0,5.5,56.6,88.5,4,6,06:12 AM,07:45 PM,09:30 PM,08:15 AM,Waxing Gibbous,78
Kenya,Nairobi,-1.29,36.82,Africa/Nairobi,1694370600,2023-09-11 00:00,18.0,64.4,Partly cloudy,5.8,9.3,125,SE,1013.7,29.93,0.0,0.0,74,75,21.0,69.8,9.6,6.0,4.0,8.0,12.9,100.0,61.5,8.9,4.5,23.1,47.2,2,3,06:12 AM,07:45 PM,09:30 PM,08:15 AM,Waxing Gibbous,78
Sweden,Stockholm,59.33,18.06,Europe/Stockholm,1694370600,2023-09-11 00:00,16.3,61.3,Partly cloudy,9.8,15.8,63,ENE,1006.2,29.71,0.0,0.0,57,35,17.9,64.2,9.2,5.7,6.4,14.6,23.5,100.0,65.5,8.6,1.5,20.3,34.7,2,3,06:12 AM,07:45 PM,09:30 PM,08:15 AM,Waxing Gibbous,78
Argentina,Buenos Aires,-34.6,-58.38,America/Argentina/Buenos_Aires,1694370600,2023-09-11 00:00,13.4,56.1,Overcast,10.1,16.2,345,NNW,1016.1,30.01,0.0,0.0,78,77,16.0,60.8,6.7,4.2,3.0,13.6,21.9,100.0,40.6,5.2,1.0,5.3,8.0,1,1,06:12 AM,07:45 PM,09:30 PM,08:15 AM,Waxing Gibbous,78
United States,New York,40.71,-74.01,America/New_York,1694457000,2023-09-12 00:00,28.8,83.8,Partly cloudy,4.3,6.9,30,NNE,1019.2,30.1,0.0,0.0,43,65,30.4,86.7,8.1,5.0,4.8,7.0,11.3,100.0,81.0,9.0,3.8,17.2,16.6,2,2,06:12 AM,07:45 PM,09:30 PM,08:15 AM,Waxing Gibbous,78
United Kingdom,London,51.51,-0.13,Europe/London,1694457000,2023-09-12 00:00,24.8,76.6,Partly cloudy,9.4,15.2,302,WNW,1013.0,29.91,0.0,0.0,71,69,27.1,80.8,8.0,5.0,3.8,12.1,19.5,133.0,78.8,10.6,4.8,23.4,48.2,2,3,06:12 AM,07:45 PM,09:30 PM,08:15 AM,Waxing Gibbous,78
Japan,Tokyo,35.68,139.69,Asia/Tokyo,1694457000,2023-09-12 00:00,29.1,84.4,Partly cloudy,1.4,2.3,21,NNE,1015.8,30.0,0.0,0.0,59,56,31.9,89.4,7.7,4.8,5.2,2.4,3.9,113.4,91.4,12.5,3.7,22.2,34.5,2,3,06:12 AM,07:45 PM,09:30 PM,08:15 AM,Waxing Gibbous,78
France,Paris,48.85,2.35,Europe/Paris,1694457000,2023-09-12 00:00,22.8,73.0,Patchy rain possible,10.4,16.7,318,NW,1012.7,29.91,0.2,0.01,69,80,24.9,76.8,9.0,5.6,2.7,15.8,25.5,100.0,59.7,11.3,4.0,19.0,33.4,2,2,06:12 AM,07:45 PM,09:30 PM,08:15 AM,Waxing Gibbous,78
India,New Delhi,28.61,77.21,Asia/Kolkata,1694457000,2023-09-12 00:00,36.4,97.5,Partly cloudy,4.3,7.0,129,SE,1018.0,30.06,0.0,0.0,72,69,39.4,102.9,9.9,6.2,3.7,5.4,8.7,301.8,87.3,25.3,9.3,58.6,92.3,4,6,06:12 AM,07:45 PM,09:30 PM,08:15 AM,Waxing Gibbous,78
Australia,Sydney,-33.87,151.21,Australia/Sydney,1694457000,2023-09-12 00:00,15.7,60.3,Moderate rain,12.4,20.0,281,W,1018.5,30.08,6.1,0.24,77,58,18.0,64.4,5.6,3.5,4.2,18.4,29.6,100.0,49.3,2.2,1.0,10.2,20.9,1,2,06:12 AM,07:45 PM,09:30 PM,08:15 AM,Waxing Gibbous,78
Egypt,Cairo,30.04,31.24,Africa/Cairo,1694457000,2023-09-12 00:00,38.8,101.8,Partly cloudy,6.8,11.0,351,N,1017.4,30.04,0.0,0.0,46,43,40.2,104.4,9.4,5.8,4.9,11.2,18.1,228.8,94.2,21.3,5.2,44.5,73.1,3,5,06:12 AM,07:45 PM,09:30 PM,08:15 AM,Waxing Gibbous,78
Singapore,Singapore,1.35,103.82,Asia/Singapore,1694457000,2023-09-12 00:00,33.2,91.8,Partly cloudy,5.4,8.7,212,SSW,1015.4,29.98,0.0,0.0,56,42,35.3,95.5,7.0,4.3,6.2,6.8,11.0,123.3,98.5,10.4,2.9,20.4,29.6,2,3,06:12 AM,07:45 PM,09:30 PM,08:15 AM,Waxing Gibbous,78
Brazil,Rio de Janeiro,-22.91,-43.17,America/Sao_Paulo,1694457000,2023-09-12 00:00,24.0,75.2,Moderate rain,14.1,22.7,270,W,1010.8,29.85,8.1,0.32,65,68,25.4,77.7,6.4,4.0,4.4,20.5,33.0,100.0,76.5,7.3,1.0,16.2,25.9,2,2,06:12 AM,07:45 PM,09:30 PM,08:15 AM,Waxing Gibbous,78
Canada,Toronto,43.65,-79.38,America/Toronto,1694457000,2023-09-12 00:00,27.8,82.0,Partly cloudy,10.4,16.8,193,SSW,1011.7,29.88,0.0,0.0,43,47,28.6,83.5,9.4,5.8,6.2,18.0,29.0,100.0,90.9,2.0,1.0,4.0,8.0,1,1,06:12 AM,07:45 PM,09:30 PM,08:15 AM,Waxing Gibbous,78
Germany,Berlin,52.52,13.4,Europe/Berlin,1694457000,2023-09-12 00:00,15.3,59.5,Moderate rain,11.8,19.0,40,NE,1005.0,29.68,4.8,0.19,77,71,17.6,63.7,8.6,5.3,3.7,20.5,33.0,100.0,44.5,6.2,1.8,4.0,8.0,1,1,06:12 AM,07:45 PM,09:30 PM,08:15 AM,Waxing Gibbous,78
United Arab Emirates,Dubai,25.2,55.27,Asia/Dubai,1694457000,2023-09-12 00:00,41.1,106.0,Partly cloudy,6.8,11.0,103,ESE,1018.8,30.09,0.0,0.0,77,73,44.1,111.4,8.4,5.2,3.4,8.5,13.7,100.0,106.3,10.3,1.0,16.3,36.1,2,2,06:12 AM,07:45 PM,09:30 PM,08:15 AM,Waxing Gibbous,78
India,Mumbai,19.07,72.88,Asia/Kolkata,1694457000,2023-09-12 00:00,31.1,88.0,Partly cloudy,13.9,22.4,206,SSW,1003.2,29.62,0.0,0.0,70,53,32.8,91.0,8.7,5.4,5.1,20.9,33.7,184.5,87.7,8.9,2.9,30.2,47.6,2,4,06:12 AM,07:45 PM,09:30 PM,08:15 AM,Waxing Gibbous,78
United States,San Francisco,37.77,-122.42,America/Los_Angeles,1694457000,2023-09-12 00:00,19.2,66.6,Partly cloudy,4.3,6.9,109,ESE,1018.0,30.06,0.0,0.0,60,51,21.6,70.9,9.5,5.9,6.2,6.1,9.8,100.0,58.9,4.3,1.0,17.9,39.9,2,2,06:12 AM,07:45 PM,09:30 PM,08:15 AM,Waxing Gibbous,78
South Africa,Cape Town,-33.92,18.42,Africa/Johannesburg,1694457000,2023-09-12 00:00,14.5,58.1,Partly cloudy,5.1,8.2,59,ENE,1016.5,30.02,0.0,0.0,83,53,18.0,64.4,6.3,3.9,5.5,6.8,11.0,106.2,57.5,3.2,1.0,18.0,8.0,2,2,06:12 AM,07:45 PM,09:30 PM,08:15 AM,Waxing Gibbous,78
South Korea,Seoul,37.56,126.98,Asia/Seoul,1694457000,2023-09-12 00:00,31.9,89.4,Partly cloudy,2.9,4.7,250,WSW,1022.7,30.2,0.0,0.0,45,44,33.8,92.8,9.8,6.1,5.3,4.8,7.7,100.0,92.5,6.1,1.0,8.4,9.7,1,1,06:12 AM,07:45 PM,09:30 PM,08:15 AM,Waxing Gibbous,78
Thailand,Bangkok,13.75,100.5,Asia/Bangkok,1694457000,2023-09-12 00:00,33.5,92.3,Overcast,7.7,12.4,184,S,1017.0,30.03,0.0,0.0,61,84,35.6,96.1,9.6,6.0,2.3,12.9,20.8,349.2,86.3,32.1,10.5,66.2,116.3,4,7,06:12 AM,07:45 PM,09:30 PM,08:15 AM,Waxing Gibbous,78
Kenya,Nairobi,-1.29,36.82,Africa/Nairobi,1694457000,2023-09-12 00:00,18.2,64.8,Partly cloudy,4.5,7.3,265,W,1011.6,29.87,0.0,0.0,80,48,21.6,70.9,8.9,5.5,5.5,7.0,11.2,100.0,66.0,4.8,1.0,9.8,20.2,1,1,06:12 AM,07:45 PM,09:30 PM,08:15 AM,Waxing Gibbous,78
Sweden,Stockholm,59.33,18.06,Europe/Stockholm,1694457000,2023-09-12 00:00,19.3,66.7,Sunny,12.1,19.5,88,E,1023.5,30.22,0.0,0.0,61,30,20.8,69.4,7.6,4.7,6.0,19.7,31.7,100.0,61.9,2.0,1.5,14.6,24.8,2,2,06:12 AM,07:45 PM,09:30 PM,08:15 AM,Waxing Gibbous,78
Argentina,Buenos Aires,-34.6,-58.38,America/Argentina/Buenos_Aires,1694457000,2023-09-12 00:00,10.4,50.7,Overcast,6.9,11.1,151,SSE,1007.0,29.74,0.0,0.0,98,100,14.4,57.9,8.4,5.2,1.5,11.7,18.9,115.9,29.8,12.4,1.8,20.9,45.8,2,3,06:12 AM,07:45 PM,09:30 PM,08:15 AM,Waxing Gibbous,78
United States,New York,40.71,-74.01,America/New_York,1694543400,2023-09-13 00:00,28.3,82.9,Partly cloudy,2.9,4.6,195,SSW,1012.7,29.91,0.0,0.0,46,34,30.2,86.4,9.5,5.9,5.5,3.9,6.2,136.5,87.8,5.3,4.1,21.3,28.4,2,3,06:12 AM,07:45 PM,09:30 PM,08:15 AM,Waxing Gibbous,78
United Kingdom,London,51.51,-0.13,Europe/London,1694543400,2023-09-13 00:00,21.9,71.4,Sunny,6.4,10.3,149,SSE,1007.6,29.75,0.0,0.0,42,25,23.2,73.8,10.0,6.2,5.4,9.9,16.0,100.0,73.1,2.0,1.0,8.1,8.0,1,1,06:12 AM,07:45 PM,09:30 PM,08:15 AM,Waxing Gibbous,78
Japan,Tokyo,35.68,139.69,Asia/Tokyo,1694543400,2023-09-13 00:00,35.1,95.2,Partly cloudy,10.6,17.1,183,S,1009.8,29.82,0.0,0.0,41,39,35.8,96.4,8.9,5.5,5.5,18.0,29.0,100.0,101.7,2.0,1.0,7.6,16.2,1,1,06:12 AM,07:45 PM,09:30 PM,08:15 AM,Waxing Gibbous,78
France,Paris,48.85,2.35,Europe/Paris,1694543400,2023-09-13 00:00,26.1,79.0,Partly cloudy,8.8,14.2,5,N,1012.4,29.9,0.0,0.0,57,32,27.8,82.0,8.9,5.5,5.6,14.9,24.0,112.7,79.7,11.3,4.5,18.4,24.0,2,2,06:12 AM,07:45 PM,09:30 PM,08:15 AM,Waxing Gibbous,78
India,New Delhi,28.61,77.21,Asia/Kolkata,1694543400,2023-09-13 00:00,35.4,95.7,Partly cloudy,7.0,11.3,131,SE,1008.8,29.79,0.0,0.0,54,68,37.2,99.0,10.0,6.2,4.3,12.3,19.8,266.7,95.4,18.1,9.2,49.8,81.9,3,5,06:12 AM,07:45 PM,09:30 PM,08:15 AM,Waxing Gibbous,78
Australia,Sydney,-33.87,151.21,Australia/Sydney,1694543400,2023-09-13 00:00,14.7,58.5,Partly cloudy,4.3,7.0,347,NNW,1014.9,29.97,0.0,0.0,66,66,17.4,63.3,9.0,5.6,4.4,5.2,8.4,100.0,49.1,6.5,3.6,7.7,20.2,1,1,06:12 AM,07:45 PM,09:30 PM,08:15 AM,Waxing Gibbous,78
Egypt,Cairo,30.04,31.24,Africa/Cairo,1694543400,2023-09-13 00:00,40.1,104.2,Partly cloudy,7.1,11.5,100,E,1007.5,29.75,0.0,0.0,29,64,40.6,105.1,9.3,5.8,4.1,10.4,16.8,291.7,114.7,29.7,11.0,60.7,79.7,4,7,06:12 AM,07:45 PM,09:30 PM,08:15 AM,Waxing Gibbous,78
Singapore,Singapore,1.35,103.82,Asia/Singapore,1694543400,2023-09-13 00:00,30.7,87.3,Partly cloudy,4.7,7.6,136,SE,1016.3,30.01,0.0,0.0,48,53,32.5,90.5,7.7,4.8,4.9,6.6,10.6,100.0,90.2,11.3,1.8,11.8,29.5,1,2,06:12 AM,07:45 PM,09:30 PM,08:15 AM,Waxing Gibbous,78
Brazil,Rio de Janeiro,-22.91,-43.17,America/Sao_Paulo,1694543400,2023-09-13 00:00,21.6,70.9,Partly cloudy,2.7,4.3,287,WNW,1011.5,29.87,0.0,0.0,58,65,24.2,75.6,8.8,5.5,3.8,4.0,6.5,100.0,63.8,7.9,1.9,19.0,19.4,2,2,06:12 AM,07:45 PM,09:30 PM,08:15 AM,Waxing Gibbous,78
Canada,Toronto,43.65,-79.38,America/Toronto,1694543400,2023-09-13 00:00,20.2,68.4,Patchy rain possible,7.8,12.6,265,W,1006.2,29.71,2.7,0.11,67,71,22.5,72.5,7.4,4.6,3.6,13.6,21.9,100.0,53.3,2.0,1.0,8.5,11.8,1,1,06:12 AM,07:45 PM,09:30 PM,08:15 AM,Waxing Gibbous,78
Germany,Berlin,52.52,13.4,Europe/Berlin,1694543400,2023-09-13 00:00,23.0,73.4,Partly cloudy,3.9,6.3,227,SW,1006.8,29.73,0.0,0.0,63,55,25.6,78.1,7.3,4.5,4.1,6.0,9.7,100.0,67.3,9.8,1.0,15.5,31.1,2,2,06:12 AM,07:45 PM,09:30 PM,08:15 AM,Waxing Gibbous,78
United Arab Emirates,Dubai,25.2,55.27,Asia/Dubai,1694543400,2023-09-13 00:00,42.6,108.7,Partly cloudy,9.9,16.0,131,SE,1013.9,29.94,0.0,0.0,58,61,44.2,111.6,7.4,4.6,5.1,15.9,25.6,100.0,114.8,7.6,2.6,15.1,17.3,2,2,06:12 AM,07:45 PM,09:30 PM,08:15 AM,Waxing Gibbous,78
India,Mumbai,19.07,72.88,Asia/Kolkata,1694543400,2023-09-13 00:00,31.8,89.2,Overcast,8.8,14.2,159,SSE,1013.8,29.94,0.0,0.0,89,79,35.1,95.2,7.4,4.6,3.0,11.1,17.8,284.4,82.3,23.2,8.5,52.0,74.6,3,6,06:12 AM,07:45 PM,09:30 PM,08:15 AM,Waxing Gibbous,78
United States,San Francisco,37.77,-122.42,America/Los_Angeles,1694543400,2023-09-13 00:00,21.5,70.7,Partly cloudy,2.0,3.2,246,WSW,1017.2,30.04,0.0,0.0,72,75,24.8,76.6,9.6,6.0,2.6,3.0,4.9,100.0,55.6,2.0,1.0,8.7,15.1,1,1,06:12 AM,07:45 PM,09:30 PM,08:15 AM,Waxing Gibbous,78
South Africa,Cape Town,-33.92,18.42,Africa/Johannesburg,1694543400,2023-09-13 00:00,13.7,56.7,Moderate rain,14.7,23.7,135,SE,1011.9,29.88,9.0,0.35,75,75,15.6,60.1,5.0,3.1,3.3,26.5,42.6,100.0,42.7,6.6,1.0,4.0,8.0,1,1,06:12 AM,07:45 PM,09:30 PM,08:15 AM,Waxing Gibbous,78
South Korea,Seoul,37.56,126.98,Asia/Seoul,1694543400,2023-09-13 00:00,35.0,95.0,Partly cloudy,5.1,8.2,194,SSW,1015.7,29.99,0.0,0.0,53,56,37.0,98.6,8.7,5.4,4.0,9.0,14.5,100.0,83.6,4.0,1.0,4.0,9.6,1,1,06:12 AM,07:45 PM,09:30 PM,08:15 AM,Waxing Gibbous,78
Thailand,Bangkok,13.75,100.5,Asia/Bangkok,1694543400,2023-09-13 00:00,31.9,89.4,Partly cloudy,11.7,18.9,283,WNW,1014.1,29.95,0.0,0.0,54,64,33.1,91.6,8.4,5.2,3.7,20.1,32.4,268.0,83.1,26.3,8.2,53.4,92.1,3,6,06:12 AM,07:45 PM,09:30 PM,08:15 AM,Waxing Gibbous,78
Kenya,Nairobi,-1.29,36.82,Africa/Nairobi,1694543400,2023-09-13 00:00,17.9,64.2,Overcast,3.0,4.9,268,W,1022.9,30.21,0.0,0.0,71,77,21.1,70.0,10.0,6.2,3.7,3.9,6.2,159.4,56.4,15.2,2.4,28.4,38.2,2,3,06:12 AM,07:45 PM,09:30 PM,08:15 AM,Waxing Gibbous,78
Sweden,Stockholm,59.33,18.06,Europe/Stockholm,1694543400,2023-09-13 00:00,22.1,71.8,Partly cloudy,7.6,12.2,167,SSE,1007.3,29.75,0.0,0.0,55,55,23.9,75.0,9.4,5.8,4.7,12.8,20.6,100.0,63.3,5.5,1.7,8.8,13.1,1,1,06:12 AM,07:45 PM,09:30 PM,08:15 AM,Waxing Gibbous,78
Argentina,Buenos Aires,-34.6,-58.38,America/Argentina/Buenos_Aires,1694543400,2023-09-13 00:00,9.8,49.6,Moderate rain,12.1,19.4,8,N,1003.7,29.64,10.2,0.4,91,54,12.8,55.0,5.7,3.5,4.4,16.8,27.1,100.0,45.7,13.1,3.0,12.3,27.3,2,2,06:12 AM,07:45 PM,09:30 PM,08:15 AM,Waxing Gibbous,78
United States,New York,40.71,-74.01,America/New_York,1694629800,2023-09-14 00:00,30.8,87.4,Partly cloudy,4.0,6.4,109,ESE,1010.4,29.84,0.0,0.0,59,39,33.2,91.8,10.0,6.2,5.6,5.5,8.8,100.2,93.6,2.7,1.0,9.8,8.3,1,1,06:12 AM,07:45 PM,09:30 PM,08:15 AM,Waxing Gibbous,78
United Kingdom,London,51.51,-0.13,Europe/London,1694629800,2023-09-14 00:00,17.4,63.3,Partly cloudy,3.4,5.5,121,ESE,1013.2,29.92,0.0,0.0,66,47,20.3,68.5,5.7,3.5,4.7,4.8,7.8,100.0,57.2,2.0,1.0,4.0,8.0,1,1,06:12 AM,07:45 PM,09:30 PM,08:15 AM,Waxing Gibbous,78
Japan,Tokyo,35.68,139.69,Asia/Tokyo,1694629800,2023-09-14 00:00,30.2,86.4,Partly cloudy,2.8,4.5,43,NE,1010.7,29.85,0.0,0.0,63,47,33.0,91.4,8.8,5.5,5.1,4.5,7.3,113.2,89.8,10.4,1.5,18.5,23.6,2,2,06:12 AM,07:45 PM,09:30 PM,08:15 AM,Waxing Gibbous,78
France,Paris,48.85,2.35,Europe/Paris,1694629800,2023-09-14 00:00,28.0,82.4,Partly cloudy,7.0,11.2,355,N,1004.2,29.65,0.0,0.0,54,48,29.8,85.6,8.2,5.1,5.5,8.8,14.1,100.0,84.9,10.9,3.3,19.6,25.1,2,2,06:12 AM,07:45 PM,09:30 PM,08:15 AM,Waxing Gibbous,78
India,New Delhi,28.61,77.21,Asia/Kolkata,1694629800,2023-09-14 00:00,38.0,100.4,Partly cloudy,7.3,11.8,150,SSE,1008.4,29.78,0.0,0.0,50,68,39.6,103.3,8.6,5.3,3.4,10.5,16.9,223.1,97.2,14.6,9.8,46.9,86.3,3,5,06:12 AM,07:45 PM,09:30 PM,08:15 AM,Waxing Gibbous,78
Australia,Sydney,-33.87,151.21,Australia/Sydney,1694629800,2023-09-14 00:00,12.7,54.9,Overcast,11.9,19.1,50,NE,1011.1,29.86,0.0,0.0,73,77,14.8,58.6,8.4,5.2,3.5,15.8,25.5,100.0,50.5,13.8,1.0,10.4,12.7,1,2,06:12 AM,07:45 PM,09:30 PM,08:15 AM,Waxing Gibbous,78
Egypt,Cairo,30.04,31.24,Africa/Cairo,1694629800,2023-09-14 00:00,40.7,105.3,Partly cloudy,2.5,4.0,138,SE,1020.8,30.14,0.0,0.0,52,54,43.0,109.4,7.6,4.7,4.6,3.6,5.8,241.9,108.1,22.2,5.9,48.5,79.1,3,5,06:12 AM,07:45 PM,09:30 PM,08:15 AM,Waxing Gibbous,78
Singapore,Singapore,1.35,103.82,Asia/Singapore,1694629800,2023-09-14 00:00,27.2,81.0,Overcast,8.1,13.0,286,WNW,1009.4,29.81,0.0,0.0,72,76,29.8,85.6,7.6,4.7,3.8,11.2,18.1,106.5,77.9,4.1,3.1,14.8,20.1,2,2,06:12 AM,07:45 PM,09:30 PM,08:15 AM,Waxing Gibbous,78
Brazil,Rio de Janeiro,-22.91,-43.17,America/Sao_Paulo,1694629800,2023-09-14 00:00,23.9,75.0,Partly cloudy,6.4,10.3,276,W,1015.6,29.99,0.0,0.0,58,52,26.0,78.8,10.0,6.2,4.6,9.9,15.9,180.7,67.5,12.8,5.5,34.4,59.1,2,4,06:12 AM,07:45 PM,09:30 PM,08:15 AM,Waxing Gibbous,78
Canada,Toronto,43.65,-79.38,America/Toronto,1694629800,2023-09-14 00:00,26.6,79.9,Sunny,8.2,13.2,125,SE,1012.4,29.9,0.0,0.0,48,30,27.9,82.2,9.6,6.0,6.2,11.4,18.3,144.5,75.5,2.5,2.8,21.6,43.2,2,3,06:12 AM,07:45 PM,09:30 PM,08:15 AM,Waxing Gibbous,78
Germany,Berlin,52.52,13.4,Europe/Berlin,1694629800,2023-09-14 00:00,27.5,81.5,Partly cloudy,3.9,6.3,198,SSW,1009.9,29.82,0.0,0.0,57,74,29.8,85.6,7.9,4.9,3.9,6.2,10.0,136.5,76.7,10.8,5.8,32.0,31.7,2,4,06:12 AM,07:45 PM,09:30 PM,08:15 AM,Waxing Gibbous,78
United Arab Emirates,Dubai,25.2,55.27,Asia/Dubai,1694629800,2023-09-14 00:00,39.6,103.3,Patchy rain possible,11.4,18.4,282,WNW,1003.2,29.62,2.1,0.08,57,44,41.0,105.8,7.8,4.8,4.8,18.0,28.9,100.0,110.3,6.5,1.2,6.7,12.5,1,1,06:12 AM,07:45 PM,09:30 PM,08:15 AM,Waxing Gibbous,78
India,Mumbai,19.07,72.88,Asia/Kolkata,1694629800,2023-09-14 00:00,33.6,92.5,Partly cloudy,8.7,14.0,249,WSW,1001.2,29.57,0.0,0.0,64,61,35.7,96.3,9.0,5.6,4.8,10.7,17.2,287.2,93.2,25.4,10.4,51.6,54.0,3,6,06:12 AM,07:45 PM,09:30 PM,08:15 AM,Waxing Gibbous,78
United States,San Francisco,37.77,-122.42,America/Los_Angeles,1694629800,2023-09-14 00:00,18.8,65.8,Partly cloudy,15.9,25.6,201,SSW,1006.2,29.71,0.0,0.0,77,59,20.6,69.1,8.7,5.4,4.9,24.8,39.9,100.0,53.5,2.0,1.4,8.9,17.9,1,1,06:12 AM,07:45 PM,09:30 PM,08:15 AM,Waxing Gibbous,78
South Africa,Cape Town,-33.92,18.42,Africa/Johannesburg,1694629800,2023-09-14 00:00,10.3,50.5,Heavy rain,9.9,16.0,134,SE,1006.9,29.73,17.0,0.67,98,90,13.9,57.0,2.7,1.7,2.9,16.8,27.1,172.4,38.4,10.7,6.3,28.8,60.5,2,3,06:12 AM,07:45 PM,09:30 PM,08:15 AM,Waxing Gibbous,78
South Korea,Seoul,37.56,126.98,Asia/Seoul,1694629800,2023-09-14 00:00,31.6,88.9,Partly cloudy,3.1,5.0,333,NNW,1018.3,30.07,0.0,0.0,41,53,33.2,91.8,9.4,5.8,4.3,5.2,8.4,100.0,90.0,5.4,1.3,4.0,15.2,1,1,06:12 AM,07:45 PM,09:30 PM,08:15 AM,Waxing Gibbous,78
Thailand,Bangkok,13.75,100.5,Asia/Bangkok,1694629800,2023-09-14 00:00,35.1,95.2,Overcast,16.7,26.8,79,E,1008.1,29.77,0.0,0.0,70,80,36.5,97.7,7.5,4.7,2.9,26.3,42.3,202.4,80.4,14.4,4.8,37.8,58.7,3,4,06:12 AM,07:45 PM,09:30 PM,08:15 AM,Waxing Gibbous,78
Kenya,Nairobi,-1.29,36.82,Africa/Nairobi,1694629800,2023-09-14 00:00,18.0,64.4,Moderate rain,9.3,14.9,205,SSW,994.8,29.38,13.3,0.52,61,79,19.9,67.8,2.9,1.8,3.8,15.5,25.0,100.0,55.2,10.1,1.0,7.1,17.3,1,1,06:12 AM,07:45 PM,09:30 PM,08:15 AM,Waxing Gibbous,78
Sweden,Stockholm,59.33,18.06,Europe/Stockholm,1694629800,2023-09-14 00:00,18.6,65.5,Partly cloudy,10.3,16.5,1,N,1005.0,29.68,0.0,0.0,56,45,20.1,68.2,10.0,6.2,4.9,15.8,25.5,128.7,59.0,11.0,1.0,17.3,33.4,2,2,06:12 AM,07:45 PM,09:30 PM,08:15 AM,Waxing Gibbous,78
Argentina,Buenos Aires,-34.6,-58.38,America/Argentina/Buenos_Aires,1694629800,2023-09-14 00:00,12.5,54.5,Moderate rain,9.4,15.1,280,W,1006.8,29.73,8.1,0.32,89,75,15.7,60.3,5.2,3.2,3.4,15.5,25.0,100.0,41.2,2.0,3.5,4.0,8.8,1,1,06:12 AM,07:45 PM,09:30 PM,08:15 AM,Waxing Gibbous,78
United States,New York,40.71,-74.01,America/New_York,1694716200,2023-09-15 00:00,31.6,88.9,Partly cloudy,17.3,27.8,197,SSW,1009.8,29.82,0.0,0.0,60,36,32.4,90.3,9.5,5.9,5.7,25.0,40.2,100.0,91.2,2.5,1.9,8.9,10.7,1,1,06:12 AM,07:45 PM,09:30 PM,08:15 AM,Waxing Gibbous,78
United Kingdom,London,51.51,-0.13,Europe/London,1694716200,2023-09-15 00:00,23.2,73.8,Partly cloudy,4.2,6.8,94,E,1012.5,29.9,0.0,0.0,61,62,25.7,78.3,10.0,6.2,4.8,6.1,9.8,100.0,66.7,5.9,5.6,22.1,37.7,2,3,06:12 AM,07:45 PM,09:30 PM,08:15 AM,Waxing Gibbous,78
Japan,Tokyo,35.68,139.69,Asia/Tokyo,1694716200,2023-09-15 00:00,23.1,73.6,Patchy rain possible,14.0,22.6,300,WNW,1027.2,30.33,0.3,0.01,82,79,25.4,77.7,5.7,3.5,3.2,24.4,39.3,132.6,61.7,12.9,1.0,21.7,39.1,2,3,06:12 AM,07:45 PM,09:30 PM,08:15 AM,Waxing Gibbous,78
France,Paris,48.85,2.35,Europe/Paris,1694716200,2023-09-15 00:00,33.7,92.7,Sunny,7.5,12.0,260,W,1012.4,29.9,0.0,0.0,35,14,34.5,94.1,9.9,6.2,7.6,9.8,15.7,100.0,102.7,11.5,2.7,19.9,30.2,2,2,06:12 AM,07:45 PM,09:30 PM,08:15 AM,Waxing Gibbous,78
India,New Delhi,28.61,77.21,Asia/Kolkata,1694716200,2023-09-15 00:00,38.5,101.3,Partly cloudy,6.8,11.0,15,NNE,1016.4,30.01,0.0,0.0,46,32,39.9,103.8,9.5,5.9,5.6,9.2,14.8,305.3,103.2,29.0,7.6,56.8,88.3,4,6,06:12 AM,07:45 PM,09:30 PM,08:15 AM,Waxing Gibbous,78
Australia,Sydney,-33.87,151.21,Australia/Sydney,1694716200,2023-09-15 00:00,11.9,53.4,Partly cloudy,9.7,15.6,281,W,1029.4,30.4,0.0,0.0,67,72,14.0,57.2,9.2,5.7,3.9,13.3,21.4,100.0,44.8,10.8,2.2,17.7,39.9,2,2,06:12 AM,07:45 PM,09:30 PM,08:15 AM,Waxing Gibbous,78
Egypt,Cairo,30.04,31.24,Africa/Cairo,1694716200,2023-09-15 00:00,45.0,113.0,Partly cloudy,5.7,9.1,161,SSE,1005.4,29.69,0.0,0.0,31,40,45.8,114.4,9.1,5.7,5.7,7.9,12.7,236.1,128.7,26.4,9.4,50.5,74.9,3,6,06:12 AM,07:45 PM,09:30 PM,08:15 AM,Waxing Gibbous,78
Singapore,Singapore,1.35,103.82,Asia/Singapore,1694716200,2023-09-15 00:00,31.7,89.1,Partly cloudy,2.4,3.9,78,ENE,1015.7,29.99,0.0,0.0,55,53,34.1,93.4,8.7,5.4,4.3,4.3,6.9,152.2,88.5,16.8,3.1,31.1,50.1,2,4,06:12 AM,07:45 PM,09:30 PM,08:15 AM,Waxing Gibbous,78
Brazil,Rio de Janeiro,-22.91,-43.17,America/Sao_Paulo,1694716200,2023-09-15 00:00,19.1,66.4,Partly cloudy,12.3,19.8,327,NNW,1015.7,29.99,0.0,0.0,68,71,20.9,69.6,7.9,4.9,3.7,17.9,28.8,154.4,61.0,11.8,6.0,30.7,43.1,2,4,06:12 AM,07:45 PM,09:30 PM,08:15 AM,Waxing Gibbous,78
Canada,Toronto,43.65,-79.38,America/Toronto,1694716200,2023-09-15 00:00,32.1,89.8,Sunny,4.8,7.7,349,N,1022.1,30.18,0.0,0.0,39,24,33.4,92.1,8.4,5.2,6.7,7.5,12.0,100.0,94.6,2.0,1.0,4.0,36.0,1,1,06:12 AM,07:45 PM,09:30 PM,08:15 AM,Waxing Gibbous,78
Germany,Berlin,52.52,13.4,Europe/Berlin,1694716200,2023-09-15 00:00,35.9,96.6,Sunny,3.1,5.0,153,SSE,1017.2,30.04,0.0,0.0,41,25,37.6,99.7,9.6,6.0,5.7,5.3,8.5,100.0,94.3,2.0,1.0,6.9,8.7,1,1,06:12 AM,07:45 PM,09:30 PM,08:15 AM,Waxing Gibbous,78
United Arab Emirates,Dubai,25.2,55.27,Asia/Dubai,1694716200,2023-09-15 00:00,43.6,110.5,Partly cloudy,8.8,14.2,160,SSE,1015.7,29.99,0.0,0.0,67,42,45.8,114.4,6.1,3.8,5.1,12.2,19.6,100.0,119.4,5.3,1.0,4.0,8.0,1,1,06:12 AM,07:45 PM,09:30 PM,08:15 AM,Waxing Gibbous,78
India,Mumbai,19.07,72.88,Asia/Kolkata,1694716200,2023-09-15 00:00,32.5,90.5,Patchy rain possible,11.4,18.4,123,ESE,1010.5,29.84,1.7,0.07,64,60,34.2,93.6,6.3,3.9,5.4,20.4,32.8,353.0,85.8,31.3,12.2,62.3,94.2,4,7,06:12 AM,07:45 PM,09:30 PM,08:15 AM,Waxing Gibbous,78
United States,San Francisco,37.77,-122.42,America/Los_Angeles,1694716200,2023-09-15 00:00,16.7,62.1,Partly cloudy,7.2,11.6,138,SE,1004.6,29.67,0.0,0.0,72,70,19.4,66.9,6.7,4.2,5.1,9.4,15.2,100.0,60.0,10.5,5.0,8.5,8.0,1,1,06:12 AM,07:45 PM,09:30 PM,08:15 AM,Waxing Gibbous,78
South Africa,Cape Town,-33.92,18.42,Africa/Johannesburg,1694716200,2023-09-15 00:00,12.4,54.3,Patchy rain possible,8.5,13.6,330,NNW,1005.9,29.7,2.6,0.1,97,63,16.2,61.2,6.9,4.3,3.6,14.5,23.3,100.0,44.7,7.8,3.2,14.1,17.7,2,2,06:12 AM,07:45 PM,09:30 PM,08:15 AM,Waxing Gibbous,78
South Korea,Seoul,37.56,126.98,Asia/Seoul,1694716200,2023-09-15 00:00,32.5,90.5,Partly cloudy,4.5,7.2,308,NW,1029.5,30.4,0.0,0.0,40,39,33.9,93.0,10.0,6.2,5.2,5.5,8.8,116.2,93.9,10.7,4.5,25.3,33.1,2,3,06:12 AM,07:45 PM,09:30 PM,08:15 AM,Waxing Gibbous,78
Thailand,Bangkok,13.75,100.5,Asia/Bangkok,1694716200,2023-09-15 00:00,30.6,87.1,Patchy rain possible,7.0,11.3,253,WSW,1004.8,29.67,2.5,0.1,76,19,33.5,92.3,6.6,4.1,7.1,9.1,14.6,299.2,97.0,22.0,3.8,56.5,80.8,4,6,06:12 AM,07:45 PM,09:30 PM,08:15 AM,Waxing Gibbous,78
Kenya,Nairobi,-1.29,36.82,Africa/Nairobi,1694716200,2023-09-15 00:00,13.3,55.9,Overcast,5.2,8.4,298,WNW,1015.5,29.99,0.0,0.0,86,90,16.9,62.4,9.2,5.7,2.7,7.5,12.1,100.0,40.7,4.2,1.0,7.6,8.0,1,1,06:12 AM,07:45 PM,09:30 PM,08:15 AM,Waxing Gibbous,78
Sweden,Stockholm,59.33,18.06,Europe/Stockholm,1694716200,2023-09-15 00:00,18.3,64.9,Sunny,2.2,3.6,118,ESE,1012.6,29.9,0.0,0.0,48,22,20.4,68.7,7.8,4.8,6.6,3.0,4.8,100.0,64.6,11.6,4.7,18.2,26.4,2,2,06:12 AM,07:45 PM,09:30 PM,08:15 AM,Waxing Gibbous,78
Argentina,Buenos Aires,-34.6,-58.38,America/Argentina/Buenos_Aires,1694716200,2023-09-15 00:00,16.9,62.4,Patchy rain possible,17.3,27.8,221,SW,1001.1,29.56,3.4,0.13,93,92,19.3,66.7,8.2,5.1,2.9,24.1,38.8,100.0,50.0,2.9,1.0,4.0,8.0,1,1,06:12 AM,07:45 PM,09:30 PM,08:15 AM,Waxing Gibbous,78
United States,New York,40.71,-74.01,America/New_York,1694802600,2023-09-16 00:00,32.2,90.0,Partly cloudy,9.2,14.8,85,E,1015.0,29.97,0.0,0.0,43,56,33.2,91.8,9.8,6.1,5.1,15.0,24.1,100.0,83.3,8.3,3.4,13.0,15.2,2,2,06:12 AM,07:45 PM,09:30 PM,08:15 AM,Waxing Gibbous,78
United Kingdom,London,51.51,-0.13,Europe/London,1694802600,2023-09-16 00:00,22.4,72.3,Partly cloudy,10.3,16.6,118,ESE,1016.6,30.02,0.0,0.0,56,64,23.9,75.0,7.6,4.7,5.0,16.7,26.8,100.3,72.7,4.7,1.0,15.6,19.2,2,2,06:12 AM,07:45 PM,09:30 PM,08:15 AM,Waxing Gibbous,78
Japan,Tokyo,35.68,139.69,Asia/Tokyo,1694802600,2023-09-16 00:00,30.8,87.4,Overcast,2.3,3.7,8,N,1007.8,29.76,0.0,0.0,62,82,33.6,92.5,9.4,5.8,2.7,3.2,5.2,100.0,73.6,7.8,4.5,16.6,31.4,2,2,06:12 AM,07:45 PM,09:30 PM,08:15 AM,Waxing Gibbous,78
France,Paris,48.85,2.35,Europe/Paris,1694802600,2023-09-16 00:00,26.6,79.9,Sunny,7.9,12.7,85,E,1016.4,30.01,0.0,0.0,50,11,28.1,82.6,8.9,5.5,7.9,11.0,17.7,100.0,90.9,5.1,3.3,4.0,9.2,1,1,06:12 AM,07:45 PM,09:30 PM,08:15 AM,Waxing Gibbous,78
India,New Delhi,28.61,77.21,Asia/Kolkata,1694802600,2023-09-16 00:00,41.3,106.3,Partly cloudy,12.1,19.5,355,N,1012.2,29.89,0.0,0.0,32,39,41.3,106.3,8.0,5.0,5.8,16.0,25.7,211.4,112.9,16.3,4.1,38.3,34.0,3,4,06:12 AM,07:45 PM,09:30 PM,08:15 AM,Waxing Gibbous,78
Australia,Sydney,-33.87,151.21,Australia/Sydney,1694802600,2023-09-16 00:00,14.4,57.9,Overcast,15.3,24.6,56,NE,1014.5,29.96,0.0,0.0,79,77,16.4,61.5,8.0,5.0,3.7,23.4,37.7,100.0,42.9,11.5,2.1,14.5,13.8,2,2,06:12 AM,07:45 PM,09:30 PM,08:15 AM,Waxing Gibbous,78
Egypt,Cairo,30.04,31.24,Africa/Cairo,1694802600,2023-09-16 00:00,35.4,95.7,Partly cloudy,6.0,9.7,22,NNE,1001.7,29.58,0.0,0.0,56,60,37.4,99.3,9.7,6.0,4.4,10.8,17.4,339.1,95.8,35.8,6.8,61.9,103.1,4,7,06:12 AM,07:45 PM,09:30 PM,08:15 AM,Waxing Gibbous,78
Singapore,Singapore,1.35,103.82,Asia/Singapore,1694802600,2023-09-16 00:00,31.2,88.2,Partly cloudy,12.7,20.4,355,N,1013.5,29.93,0.0,0.0,71,57,33.1,91.6,7.9,4.9,3.9,21.3,34.2,140.9,73.6,13.7,2.6,25.5,38.9,2,3,06:12 AM,07:45 PM,09:30 PM,08:15 AM,Waxing Gibbous,78
Brazil,Rio de Janeiro,-22.91,-43.17,America/Sao_Paulo,1694802600,2023-09-16 00:00,20.1,68.2,Overcast,4.7,7.6,355,N,1013.5,29.93,0.0,0.0,85,77,23.7,74.7,9.4,5.8,3.3,6.0,9.6,100.0,55.9,2.4,1.6,4.2,8.0,1,1,06:12 AM,07:45 PM,09:30 PM,08:15 AM,Waxing Gibbous,78
Canada,Toronto,43.65,-79.38,America/Toronto,1694802600,2023-09-16 00:00,25.0,77.0,Partly cloudy,11.6,18.6,107,ESE,1009.4,29.81,0.0,0.0,45,40,25.8,78.4,10.0,6.2,4.9,20.4,32.8,100.0,78.9,6.6,1.0,8.0,30.0,1,1,06:12 AM,07:45 PM,09:30 PM,08:15 AM,Waxing Gibbous,78
Germany,Berlin,52.52,13.4,Europe/Berlin,1694802600,2023-09-16 00:00,28.0,82.4,Patchy rain possible,10.9,17.5,304,NW,1014.8,29.97,1.3,0.05,68,77,30.0,86.0,7.9,4.9,3.2,16.7,26.8,100.0,63.9,7.7,1.1,10.8,23.0,1,2,06:12 AM,07:45 PM,09:30 PM,08:15 AM,Waxing Gibbous,78
United Arab Emirates,Dubai,25.2,55.27,Asia/Dubai,1694802600,2023-09-16 00:00,41.4,106.5,Sunny,8.3,13.3,44,NE,1020.6,30.14,0.0,0.0,35,8,42.1,107.8,8.6,5.3,7.4,13.0,20.9,100.0,115.4,4.7,1.0,11.4,8.0,1,2,06:12 AM,07:45 PM,09:30 PM,08:15 AM,Waxing Gibbous,78
India,Mumbai,19.07,72.88,Asia/Kolkata,1694802600,2023-09-16 00:00,33.1,91.6,Partly cloudy,1.9,3.0,355,N,1006.5,29.72,0.0,0.0,63,38,36.0,96.8,8.3,5.2,5.0,2.4,3.8,276.5,98.7,25.7,9.2,55.8,100.8,4,6,06:12 AM,07:45 PM,09:30 PM,08:15 AM,Waxing Gibbous,78
United States,San Francisco,37.77,-122.42,America/Los_Angeles,1694802600,2023-09-16 00:00,21.1,70.0,Partly cloudy,5.0,8.1,114,ESE,1010.9,29.85,0.0,0.0,51,51,23.0,73.4,9.9,6.2,5.1,6.9,11.1,100.0,62.4,3.9,1.0,14.6,17.2,2,2,06:12 AM,07:45 PM,09:30 PM,08:15 AM,Waxing Gibbous,78
South Africa,Cape Town,-33.92,18.42,Africa/Johannesburg,1694802600,2023-09-16 00:00,14.3,57.7,Overcast,5.8,9.3,224,SW,1021.1,30.15,0.0,0.0,84,84,17.8,64.0,7.0,4.3,2.3,7.4,11.9,132.0,43.3,10.2,3.6,27.6,61.9,2,3,06:12 AM,07:45 PM,09:30 PM,08:15 AM,Waxing Gibbous,78
South Korea,Seoul,37.56,126.98,Asia/Seoul,1694802600,2023-09-16 00:00,29.4,84.9,Sunny,12.1,19.5,265,W,1002.5,29.6,0.0,0.0,36,22,29.6,85.3,10.0,6.2,7.3,19.3,31.1,100.0,88.3,2.0,2.8,4.2,13.1,1,1,06:12 AM,07:45 PM,09:30 PM,08:15 AM,Waxing Gibbous,78
Thailand,Bangkok,13.75,100.5,Asia/Bangkok,1694802600,2023-09-16 00:00,33.6,92.5,Moderate rain,14.2,22.9,346,NNW,1013.2,29.92,5.2,0.2,62,46,34.9,94.8,7.3,4.5,4.8,22.4,36.0,209.6,92.3,26.5,3.9,44.7,72.6,3,5,06:12 AM,07:45 PM,09:30 PM,08:15 AM,Waxing Gibbous,78
Kenya,Nairobi,-1.29,36.82,Africa/Nairobi,1694802600,2023-09-16 00:00,18.4,65.1,Patchy rain possible,20.9,33.7,233,SW,1015.8,30.0,2.1,0.08,90,91,20.2,68.4,7.2,4.5,3.6,36.7,59.1,100.0,55.9,4.1,1.0,12.4,32.3,2,2,06:12 AM,07:45 PM,09:30 PM,08:15 AM,Waxing Gibbous,78
Sweden,Stockholm,59.33,18.06,Europe/Stockholm,1694802600,2023-09-16 00:00,22.0,71.6,Partly cloudy,6.7,10.8,221,SW,1014.1,29.95,0.0,0.0,43,34,23.3,73.9,9.5,5.9,6.0,11.6,18.6,136.9,75.9,12.7,4.2,19.1,10.3,2,2,06:12 AM,07:45 PM,09:30 PM,08:15 AM,Waxing Gibbous,78
Argentina,Buenos Aires,-34.6,-58.38,America/Argentina/Buenos_Aires,1694802600,2023-09-16 00:00,13.1,55.6,Partly cloudy,7.3,11.7,197,SSW,1026.2,30.3,0.0,0.0,77,56,16.0,60.8,8.3,5.2,5.6,10.1,16.3,108.5,46.8,4.3,3.0,18.8,29.6,2,2,06:12 AM,07:45 PM,09:30 PM,08:15 AM,Waxing Gibbous,78
United States,New York,40.71,-74.01,America/New_York,1694889000,2023-09-17 00:00,29.3,84.7,Partly cloudy,12.2,19.6,22,NNE,1015.1,29.98,0.0,0.0,68,64,31.1,88.0,8.7,5.4,4.1,16.6,26.7,100.0,75.0,2.0,3.3,6.8,8.7,1,1,06:12 AM,07:45 PM,09:30 PM,08:15 AM,Waxing Gibbous,78
United Kingdom,London,51.51,-0.13,Europe/London,1694889000,2023-09-17 00:00,21.0,69.8,Partly cloudy,5.5,8.8,234,SW,1004.2,29.65,0.0,0.0,40,35,22.3,72.1,8.1,5.0,5.4,7.8,12.6,100.0,62.6,4.4,1.0,4.0,8.0,1,1,06:12 AM,07:45 PM,09:30 PM,08:15 AM,Waxing Gibbous,78
Japan,Tokyo,35.68,139.69,Asia/Tokyo,1694889000,2023-09-17 00:00,28.3,82.9,Sunny,1.7,2.8,3,N,1014.6,29.96,0.0,0.0,74,27,31.8,89.2,8.9,5.5,6.0,2.9,4.6,100.0,79.4,7.3,3.6,10.6,17.2,1,2,06:12 AM,07:45 PM,09:30 PM,08:15 AM,Waxing Gibbous,78
France,Paris,48.85,2.35,Europe/Paris,1694889000,2023-09-17 00:00,18.8,65.8,Partly cloudy,2.9,4.6,311,NW,1009.0,29.8,0.0,0.0,75,69,22.2,72.0,8.7,5.4,3.9,4.0,6.5,100.0,55.1,3.5,1.0,7.4,33.7,1,1,06:12 AM,07:45 PM,09:30 PM,08:15 AM,Waxing Gibbous,78
India,New Delhi,28.61,77.21,Asia/Kolkata,1694889000,2023-09-17 00:00,42.7,108.9,Partly cloudy,7.0,11.2,1,N,1011.6,29.87,0.0,0.0,39,35,43.8,110.8,8.7,5.4,5.3,10.0,16.1,272.6,108.4,29.7,8.1,54.8,94.0,3,6,06:12 AM,07:45 PM,09:30 PM,08:15 AM,Waxing Gibbous,78
Australia,Sydney,-33.87,151.21,Australia/Sydney,1694889000,2023-09-17 00:00,10.9,51.6,Moderate rain,9.1,14.6,98,E,992.9,29.32,14.0,0.55,72,58,13.3,55.9,4.8,3.0,5.4,14.8,23.8,147.1,42.5,9.7,3.5,16.0,18.8,2,2,06:12 AM,07:45 PM,09:30 PM,08:15 AM,Waxing Gibbous,78
Egypt,Cairo,30.04,31.24,Africa/Cairo,1694889000,2023-09-17 00:00,41.4,106.5,Partly cloudy,16.3,26.2,76,ENE,1011.6,29.87,0.0,0.0,53,37,42.0,107.6,10.0,6.2,6.4,25.1,40.4,190.1,113.3,10.9,2.8,31.6,60.9,2,4,06:12 AM,07:45 PM,09:30 PM,08:15 AM,Waxing Gibbous,78
Singapore,Singapore,1.35,103.82,Asia/Singapore,1694889000,2023-09-17 00:00,30.7,87.3,Partly cloudy,1.2,2.0,198,SSW,1013.5,29.93,0.0,0.0,50,51,33.0,91.4,7.9,4.9,5.0,1.7,2.8,100.0,85.0,2.0,1.0,6.1,9.8,1,1,06:12 AM,07:45 PM,09:30 PM,08:15 AM,Waxing Gibbous,78
Brazil,Rio de Janeiro,-22.91,-43.17,America/Sao_Paulo,1694889000,2023-09-17 00:00,18.3,64.9,Patchy rain possible,7.9,12.7,353,N,1013.4,29.93,2.0,0.08,98,91,22.2,72.0,7.7,4.8,3.0,13.5,21.7,123.7,47.9,3.4,3.4,17.1,21.2,2,2,06:12 AM,07:45 PM,09:30 PM,08:15 AM,Waxing Gibbous,78
Canada,Toronto,43.65,-79.38,America/Toronto,1694889000,2023-09-17 00:00,23.8,74.8,Partly cloudy,3.8,6.1,89,E,1013.4,29.93,0.0,0.0,59,53,26.3,79.3,9.4,5.8,3.7,5.0,8.0,105.2,61.4,11.1,4.4,22.0,35.8,2,3,06:12 AM,07:45 PM,09:30 PM,08:15 AM,Waxing Gibbous,78
Germany,Berlin,52.52,13.4,Europe/Berlin,1694889000,2023-09-17 00:00,26.1,79.0,Partly cloudy,5.9,9.5,27,NNE,1006.1,29.71,0.0,0.0,52,49,27.9,82.2,8.3,5.2,4.4,8.7,14.0,138.3,73.5,15.9,9.8,23.0,29.1,2,3,06:12 AM,07:45 PM,09:30 PM,08:15 AM,Waxing Gibbous,78
United Arab Emirates,Dubai,25.2,55.27,Asia/Dubai,1694889000,2023-09-17 00:00,42.8,109.0,Partly cloudy,8.3,13.3,133,SE,1016.1,30.01,0.0,0.0,41,45,43.8,110.8,9.7,6.0,5.9,12.4,20.0,100.0,110.3,2.0,2.7,4.3,8.0,1,1,06:12 AM,07:45 PM,09:30 PM,08:15 AM,Waxing Gibbous,78
India,Mumbai,19.07,72.88,Asia/Kolkata,1694889000,2023-09-17 00:00,35.5,95.9,Overcast,5.1,8.2,30,NNE,1004.2,29.65,0.0,0.0,66,80,38.1,100.6,9.1,5.7,2.7,8.5,13.6,281.7,85.2,24.4,14.4,54.1,83.8,3,6,06:12 AM,07:45 PM,09:30 PM,08:15 AM,Waxing Gibbous,78
United States,San Francisco,37.77,-122.42,America/Los_Angeles,1694889000,2023-09-17 00:00,19.3,66.7,Partly cloudy,3.2,5.1,166,SSE,1018.8,30.09,0.0,0.0,46,50,21.2,70.2,9.2,5.7,5.0,5.5,8.8,100.0,58.1,4.9,2.2,8.9,14.6,1,1,06:12 AM,07:45 PM,09:30 PM,08:15 AM,Waxing Gibbous,78
South Africa,Cape Town,-33.92,18.42,Africa/Johannesburg,1694889000,2023-09-17 00:00,9.9,49.8,Partly cloudy,6.9,11.1,316,NW,1020.0,30.12,0.0,0.0,90,74,13.5,56.3,8.7,5.4,4.3,9.6,15.4,100.0,39.6,7.2,1.0,11.7,41.0,1,2,06:12 AM,07:45 PM,09:30 PM,08:15 AM,Waxing Gibbous,78
South Korea,Seoul,37.56,126.98,Asia/Seoul,1694889000,2023-09-17 00:00,34.5,94.1,Partly cloudy,9.7,15.6,280,W,1009.1,29.8,0.0,0.0,64,68,36.5,97.7,9.4,5.8,3.9,12.6,20.2,100.0,89.6,2.3,3.1,4.6,14.2,1,1,06:12 AM,07:45 PM,09:30 PM,08:15 AM,Waxing Gibbous,78
Thailand,Bangkok,13.75,100.5,Asia/Bangkok,1694889000,2023-09-17 00:00,31.4,88.5,Partly cloudy,1.9,3.1,195,SSW,1019.9,30.12,0.0,0.0,78,72,35.1,95.2,8.1,5.0,2.7,3.1,5.0,307.0,69.0,32.8,9.4,60.8,100.3,4,7,06:12 AM,07:45 PM,09:30 PM,08:15 AM,Waxing Gibbous,78
Kenya,Nairobi,-1.29,36.82,Africa/Nairobi,1694889000,2023-09-17 00:00,15.9,60.6,Patchy rain possible,8.9,14.3,266,W,1006.5,29.72,0.7,0.03,82,67,18.9,66.0,7.4,4.6,4.8,10.9,17.5,100.0,58.7,2.0,2.8,8.5,8.0,1,1,06:12 AM,07:45 PM,09:30 PM,08:15 AM,Waxing Gibbous,78
Sweden,Stockholm,59.33,18.06,Europe/Stockholm,1694889000,2023-09-17 00:00,17.4,63.3,Partly cloudy,7.3,11.7,236,SW,1009.9,29.82,0.0,0.0,54,35,19.2,66.6,9.1,5.7,6.9,9.3,15.0,137.9,71.0,13.7,2.3,24.2,19.4,2,3,06:12 AM,07:45 PM,09:30 PM,08:15 AM,Waxing Gibbous,78
Argentina,Buenos Aires,-34.6,-58.38,America/Argentina/Buenos_Aires,1694889000,2023-09-17 00:00,12.4,54.3,Overcast,6.8,10.9,100,E,1002.0,29.59,0.0,0.0,80,77,15.5,59.9,8.4,5.2,4.4,10.9,17.5,100.0,45.9,3.2,2.8,17.1,31.1,2,2,06:12 AM,07:45 PM,09:30 PM,08:15 AM,Waxing Gibbous,78
United States,New York,40.71,-74.01,America/New_York,1694975400,2023-09-18 00:00,29.8,85.6,Sunny,16.0,25.7,298,WNW,1015.6,29.99,0.0,0.0,48,27,30.1,86.2,10.0,6.2,6.1,20.4,32.8,100.0,90.1,3.7,1.7,12.3,8.0,2,2,06:12 AM,07:45 PM,09:30 PM,08:15 AM,Waxing Gibbous,78
United Kingdom,London,51.51,-0.13,Europe/London,1694975400,2023-09-18 00:00,25.2,77.4,Partly cloudy,8.6,13.8,118,ESE,1009.3,29.8,0.0,0.0,51,57,26.6,79.9,8.7,5.4,5.0,13.3,21.4,113.6,69.8,15.7,3.4,27.1,70.7,2,3,06:12 AM,07:45 PM,09:30 PM,08:15 AM,Waxing Gibbous,78
Japan,Tokyo,35.68,139.69,Asia/Tokyo,1694975400,2023-09-18 00:00,31.3,88.3,Partly cloudy,9.7,15.6,107,ESE,1002.4,29.6,0.0,0.0,55,43,32.8,91.0,7.7,4.8,5.7,12.9,20.7,100.0,93.2,10.5,3.3,17.4,12.0,2,2,06:12 AM,07:45 PM,09:30 PM,08:15 AM,Waxing Gibbous,78
France,Paris,48.85,2.35,Europe/Paris,1694975400,2023-09-18 00:00,26.6,79.9,Partly cloudy,4.2,6.8,213,SSW,1017.1,30.03,0.0,0.0,48,44,28.5,83.3,8.5,5.3,5.2,5.1,8.2,100.0,83.4,2.0,1.0,9.1,31.7,1,1,06:12 AM,07:45 PM,09:30 PM,08:15 AM,Waxing Gibbous,78
India,New Delhi,28.61,77.21,Asia/Kolkata,1694975400,2023-09-18 00:00,35.8,96.4,Partly cloudy,15.3,24.7,51,NE,1006.0,29.71,0.0,0.0,45,48,36.1,97.0,7.2,4.5,5.3,24.7,39.7,236.7,101.6,22.7,5.2,46.1,85.7,3,5,06:12 AM,07:45 PM,09:30 PM,08:15 AM,Waxing Gibbous,78
Australia,Sydney,-33.87,151.21,Australia/Sydney,1694975400,2023-09-18 00:00,12.3,54.1,Moderate rain,9.6,15.4,326,NW,1019.4,30.1,7.1,0.28,91,84,15.6,60.1,5.1,3.2,2.6,16.9,27.2,111.4,39.9,16.0,5.5,20.9,50.8,2,3,06:12 AM,07:45 PM,09:30 PM,08:15 AM,Waxing Gibbous,78
Egypt,Cairo,30.04,31.24,Africa/Cairo,1694975400,2023-09-18 00:00,37.1,98.8,Partly cloudy,5.2,8.4,114,ESE,1011.8,29.88,0.0,0.0,55,43,39.2,102.6,10.0,6.2,4.7,7.5,12.0,255.4,93.4,19.2,9.0,50.5,58.5,3,6,06:12 AM,07:45 PM,09:30 PM,08:15 AM,Waxing Gibbous,78
Singapore,Singapore,1.35,103.82,Asia/Singapore,1694975400,2023-09-18 00:00,30.0,86.0,Partly cloudy,1.2,2.0,133,SE,1010.2,29.83,0.0,0.0,55,57,32.6,90.7,9.3,5.8,4.6,1.6,2.5,100.7,85.0,6.8,3.2,22.8,43.7,2,3,06:12 AM,07:45 PM,09:30 PM,08:15 AM,Waxing Gibbous,78
Brazil,Rio de Janeiro,-22.91,-43.17,America/Sao_Paulo,1694975400,2023-09-18 00:00,19.9,67.8,Patchy rain possible,9.0,14.5,78,ENE,1014.5,29.96,1.5,0.06,82,87,22.8,73.0,6.9,4.3,2.9,11.8,19.0,162.5,64.0,13.6,3.7,28.0,47.9,2,3,06:12 AM,07:45 PM,09:30 PM,08:15 AM,Waxing Gibbous,78
Canada,Toronto,43.65,-79.38,America/Toronto,1694975400,2023-09-18 00:00,25.6,78.1,Partly cloudy,5.7,9.2,269,W,1014.2,29.95,0.0,0.0,41,43,26.9,80.4,9.0,5.6,5.8,7.3,11.8,100.0,76.0,7.3,1.0,18.3,13.7,2,2,06:12 AM,07:45 PM,09:30 PM,08:15 AM,Waxing Gibbous,78
Germany,Berlin,52.52,13.4,Europe/Berlin,1694975400,2023-09-18 00:00,28.3,82.9,Partly cloudy,8.9,14.3,342,NNW,1013.2,29.92,0.0,0.0,55,63,29.9,85.8,7.3,4.5,4.1,10.7,17.3,100.0,75.7,8.9,1.5,16.1,26.9,2,2,06:12 AM,07:45 PM,09:30 PM,08:15 AM,Waxing Gibbous,78
United Arab Emirates,Dubai,25.2,55.27,Asia/Dubai,1694975400,2023-09-18 00:00,45.0,113.0,Partly cloudy,7.1,11.5,175,S,1013.3,29.92,0.0,0.0,41,35,46.1,115.0,8.2,5.1,5.9,11.9,19.2,121.1,127.1,3.9,1.0,20.7,33.1,2,3,06:12 AM,07:45 PM,09:30 PM,08:15 AM,Waxing Gibbous,78
India,Mumbai,19.07,72.88,Asia/Kolkata,1694975400,2023-09-18 00:00,32.2,90.0,Partly cloudy,11.4,18.4,207,SSW,1014.3,29.95,0.0,0.0,71,64,34.3,93.7,8.9,5.5,5.1,14.4,23.2,158.3,95.4,9.8,5.1,34.4,57.9,2,4,06:12 AM,07:45 PM,09:30 PM,08:15 AM,Waxing Gibbous,78
United States,San Francisco,37.77,-122.42,America/Los_Angeles,1694975400,2023-09-18 00:00,21.1,70.0,Patchy rain possible,15.8,25.5,318,NW,1014.2,29.95,0.5,0.02,71,85,22.6,72.7,9.7,6.0,3.1,19.8,31.9,122.7,57.7,7.4,2.5,14.2,18.9,2,2,06:12 AM,07:45 PM,09:30 PM,08:15 AM,Waxing Gibbous,78
South Africa,Cape Town,-33.92,18.42,Africa/Johannesburg,1694975400,2023-09-18 00:00,10.8,51.4,Overcast,2.6,4.2,4,N,1024.2,30.24,0.0,0.0,71,79,14.0,57.2,7.3,4.5,2.3,4.1,6.6,100.0,36.0,2.0,1.0,9.9,13.9,1,1,06:12 AM,07:45 PM,09:30 PM,08:15 AM,Waxing Gibbous,78
South Korea,Seoul,37.56,126.98,Asia/Seoul,1694975400,2023-09-18 00:00,30.3,86.5,Partly cloudy,2.5,4.1,256,WSW,1015.2,29.98,0.0,0.0,50,39,32.5,90.5,10.0,6.2,5.4,4.0,6.4,100.0,90.6,2.9,3.7,18.2,28.5,2,2,06:12 AM,07:45 PM,09:30 PM,08:15 AM,Waxing Gibbous,78
Thailand,Bangkok,13.75,100.5,Asia/Bangkok,1694975400,2023-09-18 00:00,32.9,91.2,Partly cloudy,4.1,6.6,29,NNE,1017.7,30.05,0.0,0.0,64,58,35.6,96.1,7.7,4.8,4.9,6.2,9.9,282.9,92.1,28.0,7.1,56.9,80.0,4,6,06:12 AM,07:45 PM,09:30 PM,08:15 AM,Waxing Gibbous,78
Kenya,Nairobi,-1.29,36.82,Africa/Nairobi,1694975400,2023-09-18 00:00,19.6,67.3,Partly cloudy,5.1,8.2,178,S,1017.9,30.06,0.0,0.0,61,69,22.0,71.6,8.8,5.5,3.9,6.6,10.6,106.8,55.3,5.4,2.1,15.5,34.4,2,2,06:12 AM,07:45 PM,09:30 PM,08:15 AM,Waxing Gibbous,78
Sweden,Stockholm,59.33,18.06,Europe/Stockholm,1694975400,2023-09-18 00:00,22.4,72.3,Partly cloudy,12.2,19.7,120,ESE,1015.1,29.98,0.0,0.0,42,32,22.9,73.2,8.7,5.4,6.3,17.1,27.5,100.0,78.9,7.0,1.8,21.2,16.2,2,3,06:12 AM,07:45 PM,09:30 PM,08:15 AM,Waxing Gibbous,78
Argentina,Buenos Aires,-34.6,-58.38,America/Argentina/Buenos_Aires,1694975400,2023-09-18 00:00,7.6,45.7,Moderate rain,14.4,23.1,308,NW,1014.1,29.95,7.3,0.29,75,95,9.5,49.1,6.0,3.7,2.1,19.6,31.6,100.0,18.5,9.8,1.0,11.0,8.0,1,2,06:12 AM,07:45 PM,09:30 PM,08:15 AM,Waxing Gibbous,78
United States,New York,40.71,-74.01,America/New_York,1695061800,2023-09-19 00:00,29.8,85.6,Sunny,5.8,9.4,186,S,1032.4,30.49,0.0,0.0,48,27,31.4,88.5,8.0,5.0,5.6,8.3,13.4,100.0,84.8,6.3,4.3,28.2,38.2,2,3,06:12 AM,07:45 PM,09:30 PM,08:15 AM,Waxing Gibbous,78
United Kingdom,London,51.51,-0.13,Europe/London,1695061800,2023-09-19 00:00,29.3,84.7,Sunny,3.7,6.0,16,NNE,1004.5,29.66,0.0,0.0,39,28,30.8,87.4,9.1,5.7,6.8,5.1,8.2,165.4,96.2,8.8,3.9,30.7,60.6,2,4,06:12 AM,07:45 PM,09:30 PM,08:15 AM,Waxing Gibbous,78
Japan,Tokyo,35.68,139.69,Asia/Tokyo,1695061800,2023-09-19 00:00,31.4,88.5,Partly cloudy,3.0,4.9,1,N,1021.2,30.16,0.0,0.0,51,60,33.6,92.5,9.9,6.2,3.9,4.8,7.7,214.3,96.8,16.3,3.9,36.3,62.3,3,4,06:12 AM,07:45 PM,09:30 PM,08:15 AM,Waxing Gibbous,78
France,Paris,48.85,2.35,Europe/Paris,1695061800,2023-09-19 00:00,27.4,81.3,Partly cloudy,2.7,4.3,10,N,1007.4,29.75,0.0,0.0,67,57,30.4,86.7,8.9,5.5,3.9,3.7,5.9,118.5,78.5,8.2,1.8,19.6,21.1,2,2,06:12 AM,07:45 PM,09:30 PM,08:15 AM,Waxing Gibbous,78
India,New Delhi,28.61,77.21,Asia/Kolkata,1695061800,2023-09-19 00:00,39.5,103.1,Partly cloudy,11.4,18.3,176,S,1014.2,29.95,0.0,0.0,58,56,40.9,105.6,9.0,5.6,4.6,17.4,28.0,218.5,103.8,13.2,4.1,35.5,74.7,3,4,06:12 AM,07:45 PM,09:30 PM,08:15 AM,Waxing Gibbous,78
Australia,Sydney,-33.87,151.21,Australia/Sydney,1695061800,2023-09-19 00:00,13.5,56.3,Patchy rain possible,19.4,31.2,141,SE,1000.1,29.53,2.8,0.11,98,100,15.9,60.6,6.5,4.0,1.9,24.0,38.7,100.0,29.1,2.0,1.0,4.0,11.9,1,1,06:12 AM,07:45 PM,09:30 PM,08:15 AM,Waxing Gibbous,78
Egypt,Cairo,30.04,31.24,Africa/Cairo,1695061800,2023-09-19 00:00,41.2,106.2,Sunny,3.0,4.9,161,SSE,1014.7,29.96,0.0,0.0,41,25,42.9,109.2,10.0,6.2,7.2,4.3,6.9,373.5,125.0,30.4,11.3,68.1,105.2,4,7,06:12 AM,07:45 PM,09:30 PM,08:15 AM,Waxing Gibbous,78
Singapore,Singapore,1.35,103.82,Asia/Singapore,1695061800,2023-09-19 00:00,29.8,85.6,Patchy rain possible,8.6,13.9,69,ENE,1021.6,30.17,0.2,0.01,81,100,32.7,90.9,7.8,4.8,1.9,13.6,21.9,100.0,69.0,9.3,1.0,12.8,8.9,2,2,06:12 AM,07:45 PM,09:30 PM,08:15 AM,Waxing Gibbous,78
Brazil,Rio de Janeiro,-22.91,-43.17,America/Sao_Paulo,1695061800,2023-09-19 00:00,17.0,62.6,Overcast,5.5,8.9,149,SSE,1016.9,30.03,0.0,0.0,69,78,19.7,67.5,9.2,5.7,3.1,8.8,14.1,100.0,47.2,6.1,2.4,14.5,8.0,2,2,06:12 AM,07:45 PM,09:30 PM,08:15 AM,Waxing Gibbous,78
Canada,Toronto,43.65,-79.38,America/Toronto,1695061800,2023-09-19 00:00,27.3,81.1,Partly cloudy,5.8,9.4,323,NW,1007.0,29.74,0.0,0.0,53,36,29.2,84.6,8.7,5.4,6.3,7.3,11.7,100.0,90.2,14.5,1.0,17.7,18.4,2,2,06:12 AM,07:45 PM,09:30 PM,08:15 AM,Waxing Gibbous,78
Germany,Berlin,52.52,13.4,Europe/Berlin,1695061800,2023-09-19 00:00,25.9,78.6,Partly cloudy,3.4,5.4,211,SSW,1007.2,29.74,0.0,0.0,54,58,28.2,82.8,9.3,5.8,5.9,6.0,9.6,100.0,86.1,13.3,1.0,13.0,17.3,2,2,06:12 AM,07:45 PM,09:30 PM,08:15 AM,Waxing Gibbous,78
United Arab Emirates,Dubai,25.2,55.27,Asia/Dubai,1695061800,2023-09-19 00:00,44.2,111.6,Partly cloudy,7.2,11.6,146,SE,1011.5,29.87,0.0,0.0,51,36,45.8,114.4,8.6,5.3,6.4,10.1,16.2,100.0,129.3,6.5,1.0,4.0,8.0,1,1,06:12 AM,07:45 PM,09:30 PM,08:15 AM,Waxing Gibbous,78
India,Mumbai,19.07,72.88,Asia/Kolkata,1695061800,2023-09-19 00:00,32.5,90.5,Patchy rain possible,11.9,19.2,145,SE,1023.6,30.23,0.2,0.01,93,75,35.6,96.1,6.7,4.2,4.6,20.4,32.8,268.3,87.9,26.7,4.4,48.0,83.9,3,5,06:12 AM,07:45 PM,09:30 PM,08:15 AM,Waxing Gibbous,78
United States,San Francisco,37.77,-122.42,America/Los_Angeles,1695061800,2023-09-19 00:00,18.4,65.1,Partly cloudy,5.0,8.1,289,WNW,1013.0,29.91,0.0,0.0,71,57,21.3,70.3,6.7,4.2,4.9,8.4,13.5,103.4,61.0,9.1,3.8,22.4,22.1,2,3,06:12 AM,07:45 PM,09:30 PM,08:15 AM,Waxing Gibbous,78
South Africa,Cape Town,-33.92,18.42,Africa/Johannesburg,1695061800,2023-09-19 00:00,11.5,52.7,Partly cloudy,5.0,8.0,177,S,1011.0,29.85,0.0,0.0,66,60,14.2,57.6,9.1,5.7,4.7,7.9,12.7,100.0,43.8,13.7,1.0,21.8,43.5,2,3,06:12 AM,07:45 PM,09:30 PM,08:15 AM,Waxing Gibbous,78
South Korea,Seoul,37.56,126.98,Asia/Seoul,1695061800,2023-09-19 00:00,31.1,88.0,Partly cloudy,8.3,13.3,316,NW,1015.4,29.98,0.0,0.0,54,55,32.7,90.9,7.9,4.9,3.7,14.2,22.8,153.4,76.8,10.6,7.3,26.8,28.8,2,3,06:12 AM,07:45 PM,09:30 PM,08:15 AM,Waxing Gibbous,78
Thailand,Bangkok,13.75,100.5,Asia/Bangkok,1695061800,2023-09-19 00:00,37.7,99.9,Partly cloudy,12.7,20.5,104,ESE,1017.2,30.04,0.0,0.0,55,52,38.8,101.8,8.8,5.5,5.1,22.0,35.4,198.8,98.7,15.0,4.1,37.0,71.1,3,4,06:12 AM,07:45 PM,09:30 PM,08:15 AM,Waxing Gibbous,78
Kenya,Nairobi,-1.29,36.82,Africa/Nairobi,1695061800,2023-09-19 00:00,21.5,70.7,Partly cloudy,12.2,19.6,353,N,1007.5,29.75,0.0,0.0,68,42,23.3,73.9,6.8,4.2,6.0,21.1,34.0,100.0,83.4,9.1,1.0,8.2,12.0,1,1,06:12 AM,07:45 PM,09:30 PM,08:15 AM,Waxing Gibbous,78
Sweden,Stockholm,59.33,18.06,Europe/Stockholm,1695061800,2023-09-19 00:00,22.5,72.5,Sunny,8.8,14.1,44,NE,1015.7,29.99,0.0,0.0,35,21,23.1,73.6,8.6,5.3,7.2,15.1,24.3,100.0,73.7,2.0,2.6,7.3,17.2,1,1,06:12 AM,07:45 PM,09:30 PM,08:15 AM,Waxing Gibbous,78
Argentina,Buenos Aires,-34.6,-58.38,America/Argentina/Buenos_Aires,1695061800,2023-09-19 00:00,14.0,57.2,Partly cloudy,5.1,8.2,294,WNW,1019.4,30.1,0.0,0.0,86,75,17.6,63.7,7.9,4.9,3.6,7.5,12.0,100.0,48.0,6.9,6.2,18.9,31.7,2,2,06:12 AM,07:45 PM,09:30 PM,08:15 AM,Waxing Gibbous,78
United States,New York,40.71,-74.01,America/New_York,1695148200,2023-09-20 00:00,30.7,87.3,Partly cloudy,10.6,17.0,68,ENE,1017.6,30.05,0.0,0.0,60,43,32.3,90.1,8.3,5.2,5.3,14.2,22.8,100.0,84.1,8.6,1.0,10.3,15.5,1,2,06:12 AM,07:45 PM,09:30 PM,08:15 AM,Waxing Gibbous,78
United Kingdom,London,51.51,-0.13,Europe/London,1695148200,2023-09-20 00:00,22.1,71.8,Partly cloudy,9.1,14.6,220,SW,1005.5,29.69,0.0,0.0,61,66,24.0,75.2,8.6,5.3,3.3,13.0,21.0,100.0,60.1,2.9,1.6,7.8,29.5,1,1,06:12 AM,07:45 PM,09:30 PM,08:15 AM,Waxing Gibbous,78
Japan,Tokyo,35.68,139.69,Asia/Tokyo,1695148200,2023-09-20 00:00,36.6,97.9,Sunny,3.8,6.1,50,NE,1014.2,29.95,0.0,0.0,41,21,38.2,100.8,9.8,6.1,7.2,4.8,7.7,163.1,101.6,14.5,6.0,31.3,49.0,2,4,06:12 AM,07:45 PM,09:30 PM,08:15 AM,Waxing Gibbous,78
France,Paris,48.85,2.35,Europe/Paris,1695148200,2023-09-20 00:00,26.7,80.1,Sunny,6.2,10.0,337,NNW,1010.6,29.84,0.0,0.0,53,13,28.6,83.5,9.3,5.8,7.5,8.1,13.1,105.5,80.4,6.7,4.3,17.2,8.6,2,2,06:12 AM,07:45 PM,09:30 PM,08:15 AM,Waxing Gibbous,78
India,New Delhi,28.61,77.21,Asia/Kolkata,1695148200,2023-09-20 00:00,36.0,96.8,Sunny,4.9,7.9,238,WSW,1014.0,29.94,0.0,0.0,44,30,37.6,99.7,7.7,4.8,6.7,8.1,13.0,241.4,100.9,20.8,5.8,42.6,54.6,3,5,06:12 AM,07:45 PM,09:30 PM,08:15 AM,Waxing Gibbous,78
Australia,Sydney,-33.87,151.21,Australia/Sydney,1695148200,2023-09-20 00:00,14.9,58.8,Patchy rain possible,11.9,19.1,223,SW,1009.5,29.81,3.3,0.13,75,51,17.1,62.8,6.9,4.3,4.4,14.5,23.3,100.0,53.2,8.0,6.7,18.4,27.8,2,2,06:12 AM,07:45 PM,09:30 PM,08:15 AM,Waxing Gibbous,78
Egypt,Cairo,30.04,31.24,Africa/Cairo,1695148200,2023-09-20 00:00,39.1,102.4,Partly cloudy,7.5,12.0,154,SSE,1009.5,29.81,0.0,0.0,49,39,40.6,105.1,7.5,4.7,5.2,13.4,21.6,240.5,112.0,19.4,8.2,46.4,88.9,3,5,06:12 AM,07:45 PM,09:30 PM,08:15 AM,Waxing Gibbous,78
Singapore,Singapore,1.35,103.82,Asia/Singapore,1695148200,2023-09-20 00:00,29.4,84.9,Partly cloudy,10.3,16.6,112,ESE,1017.8,30.06,0.0,0.0,61,58,31.1,88.0,8.2,5.1,5.6,17.9,28.8,100.0,92.6,2.5,1.0,7.8,16.5,1,1,06:12 AM,07:45 PM,09:30 PM,08:15 AM,Waxing Gibbous,78
Brazil,Rio de Janeiro,-22.91,-43.17,America/Sao_Paulo,1695148200,2023-09-20 00:00,22.0,71.6,Overcast,4.6,7.4,314,NW,1016.8,30.03,0.0,0.0,79,89,25.4,77.7,8.6,5.3,2.0,6.7,10.8,100.0,49.4,10.2,5.3,7.1,13.0,1,1,06:12 AM,07:45 PM,09:30 PM,08:15 AM,Waxing Gibbous,78
Canada,Toronto,43.65,-79.38,America/Toronto,1695148200,2023-09-20 00:00,29.4,84.9,Partly cloudy,1.4,2.2,192,SSW,1012.7,29.91,0.0,0.0,44,50,31.4,88.5,10.0,6.2,5.6,1.7,2.7,100.0,84.2,4.6,2.4,16.4,17.0,2,2,06:12 AM,07:45 PM,09:30 PM,08:15 AM,Waxing Gibbous,78
Germany,Berlin,52.52,13.4,Europe/Berlin,1695148200,2023-09-20 00:00,27.0,80.6,Partly cloudy,2.7,4.3,307,NW,1006.0,29.71,0.0,0.0,58,69,29.6,85.3,9.5,5.9,3.7,4.2,6.7,100.0,80.9,4.3,1.1,4.0,8.0,1,1,06:12 AM,07:45 PM,09:30 PM,08:15 AM,Waxing Gibbous,78
United Arab Emirates,Dubai,25.2,55.27,Asia/Dubai,1695148200,2023-09-20 00:00,41.0,105.8,Moderate rain,9.6,15.5,169,S,1015.6,29.99,4.4,0.17,63,90,42.9,109.2,6.8,4.2,1.8,14.6,23.5,100.0,96.7,9.7,3.1,14.1,21.2,2,2,06:12 AM,07:45 PM,09:30 PM,08:15 AM,Waxing Gibbous,78
India,Mumbai,19.07,72.88,Asia/Kolkata,1695148200,2023-09-20 00:00,31.9,89.4,Partly cloudy,1.2,2.0,212,SSW,1017.8,30.06,0.0,0.0,68,75,35.1,95.2,9.8,6.1,4.0,1.8,2.9,320.5,88.3,24.1,6.0,66.1,113.6,4,7,06:12 AM,07:45 PM,09:30 PM,08:15 AM,Waxing Gibbous,78
United States,San Francisco,37.77,-122.42,America/Los_Angeles,1695148200,2023-09-20 00:00,22.5,72.5,Overcast,5.8,9.4,285,WNW,1021.7,30.17,0.0,0.0,70,88,25.2,77.4,7.5,4.7,3.1,8.1,13.0,100.0,60.8,8.5,1.0,12.4,18.1,2,2,06:12 AM,07:45 PM,09:30 PM,08:15 AM,Waxing Gibbous,78
South Africa,Cape Town,-33.92,18.42,Africa/Johannesburg,1695148200,2023-09-20 00:00,10.7,51.3,Overcast,4.3,7.0,140,SE,1012.1,29.89,0.0,0.0,73,87,13.8,56.8,9.7,6.0,3.1,7.5,12.1,100.0,31.7,2.0,1.0,4.0,8.0,1,1,06:12 AM,07:45 PM,09:30 PM,08:15 AM,Waxing Gibbous,78
South Korea,Seoul,37.56,126.98,Asia/Seoul,1695148200,2023-09-20 00:00,29.0,84.2,Sunny,6.0,9.6,146,SE,1010.0,29.83,0.0,0.0,49,23,30.7,87.3,10.0,6.2,6.6,9.5,15.3,100.0,90.4,9.5,5.5,22.7,36.1,2,3,06:12 AM,07:45 PM,09:30 PM,08:15 AM,Waxing Gibbous,78
Thailand,Bangkok,13.75,100.5,Asia/Bangkok,1695148200,2023-09-20 00:00,35.3,95.5,Sunny,5.0,8.0,89,E,1000.1,29.53,0.0,0.0,46,18,37.0,98.6,9.3,5.8,6.4,8.0,12.8,370.5,97.8,33.0,10.6,71.5,122.8,4,8,06:12 AM,07:45 PM,09:30 PM,08:15 AM,Waxing Gibbous,78
Kenya,Nairobi,-1.29,36.82,Africa/Nairobi,1695148200,2023-09-20 00:00,16.9,62.4,Partly cloudy,13.2,21.2,339,NNW,1007.8,29.76,0.0,0.0,78,39,19.1,66.4,8.0,5.0,6.5,19.4,31.2,119.9,61.1,12.8,1.2,21.5,41.1,2,3,06:12 AM,07:45 PM,09:30 PM,08:15 AM,Waxing Gibbous,78
Sweden,Stockholm,59.33,18.06,Europe/Stockholm,1695148200,2023-09-20 00:00,17.5,63.5,Partly cloudy,8.7,14.0,330,NNW,1015.4,29.98,0.0,0.0,48,33,18.8,65.8,9.9,6.2,6.9,11.9,19.2,100.0,67.7,9.6,4.1,19.3,37.9,2,2,06:12 AM,07:45 PM,09:30 PM,08:15 AM,Waxing Gibbous,78
Argentina,Buenos Aires,-34.6,-58.38,America/Argentina/Buenos_Aires,1695148200,2023-09-20 00:00,14.5,58.1,Partly cloudy,4.1,6.6,2,N,1014.4,29.96,0.0,0.0,67,35,17.3,63.1,8.9,5.5,5.4,5.0,8.1,100.0,49.7,2.3,1.7,9.3,10.3,1,1,06:12 AM,07:45 PM,09:30 PM,08:15 AM,Waxing Gibbous,78
United States,New York,40.71,-74.01,America/New_York,1695234600,2023-09-21 00:00,29.6,85.3,Sunny,6.0,9.6,297,WNW,1012.3,29.89,0.0,0.0,64,23,32.0,89.6,8.6,5.3,5.8,10.3,16.5,100.0,91.6,4.7,1.0,6.4,11.8,1,1,06:12 AM,07:45 PM,09:30 PM,08:15 AM,Waxing Gibbous,78
United Kingdom,London,51.51,-0.13,Europe/London,1695234600,2023-09-21 00:00,22.0,71.6,Patchy rain possible,7.5,12.1,299,WNW,1016.4,30.01,0.6,0.02,75,63,24.8,76.6,7.4,4.6,3.7,13.0,20.9,152.6,62.0,13.6,3.2,31.5,60.9,2,4,06:12 AM,07:45 PM,09:30 PM,08:15 AM,Waxing Gibbous,78
Japan,Tokyo,35.68,139.69,Asia/Tokyo,1695234600,2023-09-21 00:00,34.9,94.8,Sunny,10.3,16.5,137,SE,1014.2,29.95,0.0,0.0,39,26,35.5,95.9,8.7,5.4,5.8,17.8,28.7,100.0,104.3,2.0,2.4,9.0,8.0,1,1,06:12 AM,07:45 PM,09:30 PM,08:15 AM,Waxing Gibbous,78
France,Paris,48.85,2.35,Europe/Paris,1695234600,2023-09-21 00:00,28.7,83.7,Partly cloudy,18.4,29.6,214,SW,1031.0,30.45,0.0,0.0,53,41,29.0,84.2,9.7,6.0,5.0,22.8,36.7,100.0,84.3,2.0,1.0,4.0,8.0,1,1,06:12 AM,07:45 PM,09:30 PM,08:15 AM,Waxing Gibbous,78
India,New Delhi,28.61,77.21,Asia/Kolkata,1695234600,2023-09-21 00:00,34.0,93.2,Partly cloudy,1.6,2.5,27,NNE,1017.2,30.04,0.0,0.0,57,61,36.6,97.9,7.5,4.7,3.3,2.2,3.5,322.1,83.8,32.8,9.4,60.2,77.6,4,7,06:12 AM,07:45 PM,09:30 PM,08:15 AM,Waxing Gibbous,78
Australia,Sydney,-33.87,151.21,Australia/Sydney,1695234600,2023-09-21 00:00,13.5,56.3,Patchy rain possible,19.1,30.7,92,E,1022.2,30.19,1.5,0.06,79,90,15.0,59.0,7.9,4.9,2.1,32.9,52.9,100.0,41.0,8.3,1.0,7.1,11.9,1,1,06:12 AM,07:45 PM,09:30 PM,08:15 AM,Waxing Gibbous,78
Egypt,Cairo,30.04,31.24,Africa/Cairo,1695234600,2023-09-21 00:00,42.6,108.7,Partly cloudy,7.5,12.1,75,ENE,1016.1,30.01,0.0,0.0,41,56,43.7,110.7,8.0,5.0,4.4,12.0,19.3,309.2,111.5,24.7,5.6,54.8,88.8,3,6,06:12 AM,07:45 PM,09:30 PM,08:15 AM,Waxing Gibbous,78
Singapore,Singapore,1.35,103.82,Asia/Singapore,1695234600,2023-09-21 00:00,26.6,79.9,Overcast,5.7,9.2,182,S,1020.1,30.12,0.0,0.0,88,87,30.3,86.5,7.9,4.9,2.8,8.8,14.2,100.0,65.4,2.0,1.0,10.3,30.6,1,2,06:12 AM,07:45 PM,09:30 PM,08:15 AM,Waxing Gibbous,78
Brazil,Rio de Janeiro,-22.91,-43.17,America/Sao_Paulo,1695234600,2023-09-21 00:00,20.1,68.2,Overcast,2.3,3.7,159,SSE,1014.4,29.96,0.0,0.0,66,79,23.1,73.6,7.9,4.9,3.3,2.9,4.6,125.0,52.5,12.1,5.2,23.3,38.4,2,3,06:12 AM,07:45 PM,09:30 PM,08:15 AM,Waxing Gibbous,78
Canada,Toronto,43.65,-79.38,America/Toronto,1695234600,2023-09-21 00:00,28.2,82.8,Sunny,7.6,12.2,115,ESE,1018.6,30.08,0.0,0.0,41,30,29.3,84.7,7.7,4.8,5.8,11.6,18.7,100.0,85.8,7.6,1.0,4.0,19.9,1,1,06:12 AM,07:45 PM,09:30 PM,08:15 AM,Waxing Gibbous,78
Germany,Berlin,52.52,13.4,Europe/Berlin,1695234600,2023-09-21 00:00,24.2,75.6,Sunny,5.3,8.5,337,NNW,1022.5,30.19,0.0,0.0,44,26,25.7,78.3,8.5,5.3,5.8,8.3,13.3,100.0,78.3,6.6,3.6,17.9,34.7,2,2,06:12 AM,07:45 PM,09:30 PM,08:15 AM,Waxing Gibbous,78
United Arab Emirates,Dubai,25.2,55.27,Asia/Dubai,1695234600,2023-09-21 00:00,42.5,108.5,Moderate rain,9.8,15.7,333,NNW,1018.9,30.09,4.5,0.18,78,84,45.1,113.2,7.9,4.9,2.8,12.6,20.3,100.0,103.4,6.2,2.9,8.6,8.0,1,1,06:12 AM,07:45 PM,09:30 PM,08:15 AM,Waxing Gibbous,78
India,Mumbai,19.07,72.88,Asia/Kolkata,1695234600,2023-09-21 00:00,34.0,93.2,Partly cloudy,3.8,6.1,129,SE,1017.0,30.03,0.0,0.0,47,53,35.9,96.6,7.6,4.7,5.6,5.0,8.1,308.1,96.6,30.5,8.1,58.6,101.8,4,6,06:12 AM,07:45 PM,09:30 PM,08:15 AM,Waxing Gibbous,78
United States,San Francisco,37.77,-122.42,America/Los_Angeles,1695234600,2023-09-21 00:00,20.1,68.2,Overcast,6.5,10.5,152,SSE,1009.4,29.81,0.0,0.0,67,96,22.6,72.7,8.1,5.0,2.1,11.4,18.4,127.6,39.5,9.4,5.3,25.5,38.6,2,3,06:12 AM,07:45 PM,09:30 PM,08:15 AM,Waxing Gibbous,78
South Africa,Cape Town,-33.92,18.42,Africa/Johannesburg,1695234600,2023-09-21 00:00,11.0,51.8,Partly cloudy,20.2,32.5,120,ESE,1006.9,29.73,0.0,0.0,74,58,12.1,53.8,7.7,4.8,3.5,25.6,41.2,100.0,51.5,3.0,1.0,11.9,33.6,1,2,06:12 AM,07:45 PM,09:30 PM,08:15 AM,Waxing Gibbous,78
South Korea,Seoul,37.56,126.98,Asia/Seoul,1695234600,2023-09-21 00:00,33.3,91.9,Partly cloudy,13.2,21.3,195,SSW,1017.8,30.06,0.0,0.0,45,43,33.8,92.8,9.3,5.8,5.6,17.6,28.4,103.0,104.0,11.3,4.2,19.1,13.6,2,2,06:12 AM,07:45 PM,09:30 PM,08:15 AM,Waxing Gibbous,78
Thailand,Bangkok,13.75,100.5,Asia/Bangkok,1695234600,2023-09-21 00:00,32.0,89.6,Partly cloudy,13.1,21.1,345,NNW,1024.0,30.24,0.0,0.0,51,59,32.9,91.2,10.0,6.2,5.0,16.2,26.0,267.2,86.9,27.0,2.8,47.9,89.8,3,5,06:12 AM,07:45 PM,09:30 PM,08:15 AM,Waxing Gibbous,78
Kenya,Nairobi,-1.29,36.82,Africa/Nairobi,1695234600,2023-09-21 00:00,16.4,61.5,Partly cloudy,6.8,11.0,323,NW,1014.4,29.96,0.0,0.0,87,60,19.9,67.8,7.0,4.3,4.9,10.1,16.2,113.8,59.3,2.6,3.1,19.0,30.1,2,2,06:12 AM,07:45 PM,09:30 PM,08:15 AM,Waxing Gibbous,78
Sweden,Stockholm,59.33,18.06,Europe/Stockholm,1695234600,2023-09-21 00:00,25.6,78.1,Partly cloudy,11.6,18.7,346,NNW,1010.6,29.84,0.0,0.0,34,39,25.8,78.4,9.5,5.9,5.5,18.0,29.0,100.0,85.1,5.7,3.6,13.0,42.0,2,2,06:12 AM,07:45 PM,09:30 PM,08:15 AM,Waxing Gibbous,78
Argentina,Buenos Aires,-34.6,-58.38,America/Argentina/Buenos_Aires,1695234600,2023-09-21 00:00,12.1,53.8,Overcast,3.5,5.6,206,SSW,1012.5,29.9,0.0,0.0,98,90,16.6,61.9,7.7,4.8,2.8,5.2,8.4,110.4,40.5,17.0,9.8,25.6,22.6,2,3,06:12 AM,07:45 PM,09:30 PM,08:15 AM,Waxing Gibbous,78
United States,New York,40.71,-74.01,America/New_York,1695321000,2023-09-22 00:00,30.8,87.4,Partly cloudy,1.4,2.3,0,N,1020.3,30.13,0.0,0.0,60,45,33.6,92.5,7.3,4.5,5.6,2.4,3.9,106.4,91.9,9.0,2.0,15.4,24.6,2,2,06:12 AM,07:45 PM,09:30 PM,08:15 AM,Waxing Gibbous,78
United Kingdom,London,51.51,-0.13,Europe/London,1695321000,2023-09-22 00:00,24.7,76.5,Partly cloudy,4.0,6.5,278,W,1015.0,29.97,0.0,0.0,53,48,26.8,80.2,8.5,5.3,6.1,6.1,9.8,100.0,85.1,2.0,3.0,9.8,11.6,1,1,06:12 AM,07:45 PM,09:30 PM,08:15 AM,Waxing Gibbous,78
Japan,Tokyo,35.68,139.69,Asia/Tokyo,1695321000,2023-09-22 00:00,32.7,90.9,Partly cloudy,4.0,6.5,223,SW,1025.0,30.27,0.0,0.0,40,52,34.2,93.6,10.0,6.2,4.9,5.1,8.2,126.7,93.2,7.6,2.7,24.9,51.9,2,3,06:12 AM,07:45 PM,09:30 PM,08:15 AM,Waxing Gibbous,78
France,Paris,48.85,2.35,Europe/Paris,1695321000,2023-09-22 00:00,27.0,80.6,Sunny,4.0,6.5,304,NW,1009.8,29.82,0.0,0.0,35,24,28.2,82.8,9.1,5.7,6.5,5.9,9.5,100.0,92.9,5.2,1.3,4.0,8.0,1,1,06:12 AM,07:45 PM,09:30 PM,08:15 AM,Waxing Gibbous,78
India,New Delhi,28.61,77.21,Asia/Kolkata,1695321000,2023-09-22 00:00,38.1,100.6,Partly cloudy,7.0,11.2,260,W,1010.8,29.85,0.0,0.0,52,40,39.8,103.6,8.1,5.0,5.2,11.7,18.9,289.3,107.0,28.0,10.8,51.9,61.9,3,6,06:12 AM,07:45 PM,09:30 PM,08:15 AM,Waxing Gibbous,78
Australia,Sydney,-33.87,151.21,Australia/Sydney,1695321000,2023-09-22 00:00,10.4,50.7,Patchy rain possible,7.0,11.2,304,NW,1011.8,29.88,0.3,0.01,97,76,14.4,57.9,9.8,6.1,3.3,10.6,17.0,126.2,38.1,2.9,3.3,21.0,29.8,2,3,06:12 AM,07:45 PM,09:30 PM,08:15 AM,Waxing Gibbous,78
Egypt,Cairo,30.04,31.24,Africa/Cairo,1695321000,2023-09-22 00:00,38.1,100.6,Partly cloudy,19.5,31.4,254,WSW,1004.4,29.66,0.0,0.0,69,54,39.0,102.2,9.6,6.0,4.2,24.2,39.0,195.8,92.7,14.1,3.5,34.7,72.3,2,4,06:12 AM,07:45 PM,09:30 PM,08:15 AM,Waxing Gibbous,78
Singapore,Singapore,1.35,103.82,Asia/Singapore,1695321000,2023-09-22 00:00,34.0,93.2,Partly cloudy,2.9,4.6,298,WNW,1013.2,29.92,0.0,0.0,52,52,36.2,97.2,9.9,6.2,4.7,4.0,6.4,137.0,91.4,13.1,8.2,31.2,50.6,2,4,06:12 AM,07:45 PM,09:30 PM,08:15 AM,Waxing Gibbous,78
Brazil,Rio de Janeiro,-22.91,-43.17,America/Sao_Paulo,1695321000,2023-09-22 00:00,19.5,67.1,Overcast,8.3,13.4,124,SE,1012.9,29.91,0.0,0.0,86,86,22.7,72.9,6.9,4.3,2.9,14.3,23.0,100.0,50.4,2.0,1.0,4.7,8.0,1,1,06:12 AM,07:45 PM,09:30 PM,08:15 AM,Waxing Gibbous,78
Canada,Toronto,43.65,-79.38,America/Toronto,1695321000,2023-09-22 00:00,25.2,77.4,Partly cloudy,12.1,19.4,225,SW,1005.9,29.7,0.0,0.0,46,33,25.9,78.6,10.0,6.2,5.2,15.5,24.9,100.0,74.4,7.2,3.8,13.1,23.1,2,2,06:12 AM,07:45 PM,09:30 PM,08:15 AM,Waxing Gibbous,78
Germany,Berlin,52.52,13.4,Europe/Berlin,1695321000,2023-09-22 00:00,24.6,76.3,Sunny,18.5,29.8,3,N,1011.2,29.86,0.0,0.0,50,26,24.7,76.5,7.6,4.7,5.6,27.0,43.5,100.0,81.8,7.6,2.6,19.7,21.4,2,2,06:12 AM,07:45 PM,09:30 PM,08:15 AM,Waxing Gibbous,78
United Arab Emirates,Dubai,25.2,55.27,Asia/Dubai,1695321000,2023-09-22 00:00,41.5,106.7,Moderate rain,9.1,14.6,217,SW,1010.1,29.83,6.4,0.25,62,61,43.4,110.1,6.1,3.8,4.4,13.6,21.9,127.2,109.0,7.3,3.4,19.5,23.4,2,2,06:12 AM,07:45 PM,09:30 PM,08:15 AM,Waxing Gibbous,78
India,Mumbai,19.07,72.88,Asia/Kolkata,1695321000,2023-09-22 00:00,31.2,88.2,Partly cloudy,4.2,6.8,217,SW,1014.7,29.96,0.0,0.0,65,66,33.9,93.0,10.0,6.2,3.8,7.5,12.0,363.5,82.7,24.0,8.6,64.7,130.9,4,7,06:12 AM,07:45 PM,09:30 PM,08:15 AM,Waxing Gibbous,78
United States,San Francisco,37.77,-122.42,America/Los_Angeles,1695321000,2023-09-22 00:00,21.8,71.2,Partly cloudy,8.3,13.4,88,E,1018.0,30.06,0.0,0.0,54,46,23.4,74.1,10.0,6.2,5.1,14.5,23.4,100.0,59.5,12.3,3.1,18.2,32.1,2,2,06:12 AM,07:45 PM,09:30 PM,08:15 AM,Waxing Gibbous,78
South Africa,Cape Town,-33.92,18.42,Africa/Johannesburg,1695321000,2023-09-22 00:00,2.4,36.3,Patchy rain possible,8.5,13.6,340,NNW,1004.3,29.66,1.6,0.06,87,70,5.7,42.3,8.4,5.2,3.5,13.4,21.5,108.1,19.4,5.1,1.0,19.8,23.3,2,2,06:12 AM,07:45 PM,09:30 PM,08:15 AM,Waxing Gibbous,78
South Korea,Seoul,37.56,126.98,Asia/Seoul,1695321000,2023-09-22 00:00,35.9,96.6,Sunny,7.6,12.2,104,ESE,1007.3,29.75,0.0,0.0,32,26,36.5,97.7,9.2,5.7,6.3,12.0,19.3,100.0,102.8,2.0,1.0,13.1,8.0,2,2,06:12 AM,07:45 PM,09:30 PM,08:15 AM,Waxing Gibbous,78
Thailand,Bangkok,13.75,100.5,Asia/Bangkok,1695321000,2023-09-22 00:00,30.7,87.3,Partly cloudy,5.9,9.5,23,NNE,1009.2,29.8,0.0,0.0,68,54,33.3,91.9,7.9,4.9,4.4,9.3,15.0,245.6,83.4,23.9,5.3,51.0,92.5,3,6,06:12 AM,07:45 PM,09:30 PM,08:15 AM,Waxing Gibbous,78
Kenya,Nairobi,-1.29,36.82,Africa/Nairobi,1695321000,2023-09-22 00:00,16.8,62.2,Partly cloudy,4.4,7.1,55,NE,1009.9,29.82,0.0,0.0,79,71,20.2,68.4,7.2,4.5,4.2,7.1,11.5,100.0,56.2,15.3,1.0,11.5,14.6,1,2,06:12 AM,07:45 PM,09:30 PM,08:15 AM,Waxing Gibbous,78
Sweden,Stockholm,59.33,18.06,Europe/Stockholm,1695321000,2023-09-22 00:00,20.4,68.7,Partly cloudy,2.3,3.7,67,ENE,1007.5,29.75,0.0,0.0,45,41,22.4,72.3,9.6,6.0,5.7,2.8,4.5,100.0,66.7,6.6,1.0,18.1,18.9,2,2,06:12 AM,07:45 PM,09:30 PM,08:15 AM,Waxing Gibbous,78
Argentina,Buenos Aires,-34.6,-58.38,America/Argentina/Buenos_Aires,1695321000,2023-09-22 00:00,15.1,59.2,Overcast,22.2,35.7,244,WSW,1004.5,29.66,0.0,0.0,76,99,16.0,60.8,9.0,5.6,2.0,35.9,57.8,100.0,36.8,2.5,1.0,17.7,37.5,2,2,06:12 AM,07:45 PM,09:30 PM,08:15 AM,Waxing Gibbous,78
United States,New York,40.71,-74.01,America/New_York,1695407400,2023-09-23 00:00,28.9,84.0,Partly cloudy,1.7,2.8,244,WSW,1018.2,30.07,0.0,0.0,54,33,31.4,88.5,9.1,5.7,6.6,2.9,4.7,100.0,79.9,2.1,5.2,15.7,36.5,2,2,06:12 AM,07:45 PM,09:30 PM,08:15 AM,Waxing Gibbous,78
United Kingdom,London,51.51,-0.13,Europe/London,1695407400,2023-09-23 00:00,23.5,74.3,Partly cloudy,7.9,12.7,330,NNW,1012.8,29.91,0.0,0.0,55,63,25.2,77.4,10.0,6.2,4.4,13.7,22.0,131.3,67.6,18.9,3.4,32.8,68.4,2,4,06:12 AM,07:45 PM,09:30 PM,08:15 AM,Waxing Gibbous,78
Japan,Tokyo,35.68,139.69,Asia/Tokyo,1695407400,2023-09-23 00:00,34.8,94.6,Partly cloudy,17.0,27.3,122,ESE,1011.1,29.86,0.0,0.0,35,32,34.4,93.9,7.6,4.7,6.1,21.4,34.4,100.0,100.2,11.2,1.0,10.4,8.0,1,2,06:12 AM,07:45 PM,09:30 PM,08:15 AM,Waxing Gibbous,78
France,Paris,48.85,2.35,Europe/Paris,1695407400,2023-09-23 00:00,27.4,81.3,Overcast,6.5,10.5,209,SSW,1007.9,29.76,0.0,0.0,60,80,29.6,85.3,10.0,6.2,3.8,9.1,14.7,145.9,72.4,8.6,5.1,26.2,53.4,2,3,06:12 AM,07:45 PM,09:30 PM,08:15 AM,Waxing Gibbous,78
India,New Delhi,28.61,77.21,Asia/Kolkata,1695407400,2023-09-23 00:00,36.5,97.7,Partly cloudy,1.6,2.6,281,W,1010.3,29.83,0.0,0.0,76,57,40.1,104.2,9.2,5.7,5.1,2.2,3.5,268.3,99.9,22.9,8.0,51.5,86.9,3,6,06:12 AM,07:45 PM,09:30 PM,08:15 AM,Waxing Gibbous,78
Australia,Sydney,-33.87,151.21,Australia/Sydney,1695407400,2023-09-23 00:00,8.0,46.4,Patchy rain possible,12.0,19.3,340,NNW,1007.7,29.76,3.5,0.14,86,77,10.8,51.4,8.1,5.0,3.6,17.4,28.0,100.0,29.3,3.5,2.8,6.8,13.3,1,1,06:12 AM,07:45 PM,09:30 PM,08:15 AM,Waxing Gibbous,78
Egypt,Cairo,30.04,31.24,Africa/Cairo,1695407400,2023-09-23 00:00,42.4,108.3,Sunny,4.7,7.6,35,NE,1022.4,30.19,0.0,0.0,37,26,43.6,110.5,9.5,5.9,6.1,6.2,9.9,324.1,113.6,23.6,8.3,62.1,96.0,4,7,06:12 AM,07:45 PM,09:30 PM,08:15 AM,Waxing Gibbous,78
Singapore,Singapore,1.35,103.82,Asia/Singapore,1695407400,2023-09-23 00:00,31.1,88.0,Partly cloudy,5.5,8.8,1,N,1008.6,29.78,0.0,0.0,49,62,32.8,91.0,9.2,5.7,3.8,6.7,10.8,127.8,89.8,6.4,5.1,22.7,31.8,2,3,06:12 AM,07:45 PM,09:30 PM,08:15 AM,Waxing Gibbous,78
Brazil,Rio de Janeiro,-22.91,-43.17,America/Sao_Paulo,1695407400,2023-09-23 00:00,19.3,66.7,Overcast,4.5,7.3,90,E,1011.1,29.86,0.0,0.0,98,88,23.6,74.5,9.2,5.7,2.0,5.9,9.5,100.0,54.1,2.0,1.0,18.0,29.6,2,2,06:12 AM,07:45 PM,09:30 PM,08:15 AM,Waxing Gibbous,78
Canada,Toronto,43.65,-79.38,America/Toronto,1695407400,2023-09-23 00:00,28.4,83.1,Partly cloudy,7.1,11.5,200,SSW,1020.4,30.13,0.0,0.0,59,54,30.4,86.7,8.7,5.4,4.4,11.8,19.0,100.0,81.7,2.0,1.0,4.9,13.7,1,1,06:12 AM,07:45 PM,09:30 PM,08:15 AM,Waxing Gibbous,78
Germany,Berlin,52.52,13.4,Europe/Berlin,1695407400,2023-09-23 00:00,24.1,75.4,Partly cloudy,7.2,11.6,224,SW,1012.5,29.9,0.0,0.0,54,38,25.9,78.6,10.0,6.2,5.9,10.7,17.3,100.0,82.7,2.8,1.0,7.2,8.0,1,1,06:12 AM,07:45 PM,09:30 PM,08:15 AM,Waxing Gibbous,78
United Arab Emirates,Dubai,25.2,55.27,Asia/Dubai,1695407400,2023-09-23 00:00,42.1,107.8,Partly cloudy,6.7,10.8,334,NNW,1021.1,30.15,0.0,0.0,56,52,44.0,111.2,7.5,4.7,5.0,10.8,17.4,157.3,106.1,4.2,4.5,22.6,42.5,2,3,06:12 AM,07:45 PM,09:30 PM,08:15 AM,Waxing Gibbous,78
India,Mumbai,19.07,72.88,Asia/Kolkata,1695407400,2023-09-23 00:00,32.4,90.3,Partly cloudy,10.3,16.5,114,ESE,1022.3,30.19,0.0,0.0,72,67,34.7,94.5,9.0,5.6,3.8,15.7,25.3,237.9,86.8,24.6,5.7,45.2,52.0,3,5,06:12 AM,07:45 PM,09:30 PM,08:15 AM,Waxing Gibbous,78
United States,San Francisco,37.77,-122.42,America/Los_Angeles,1695407400,2023-09-23 00:00,22.5,72.5,Heavy rain,8.0,12.8,252,WSW,1006.9,29.73,23.8,0.94,65,63,24.7,76.5,3.3,2.1,3.7,11.2,18.1,100.0,63.5,2.0,2.0,15.6,20.3,2,2,06:12 AM,07:45 PM,09:30 PM,08:15 AM,Waxing Gibbous,78
South Africa,Cape Town,-33.92,18.42,Africa/Johannesburg,1695407400,2023-09-23 00:00,11.9,53.4,Partly cloudy,5.7,9.1,168,SSE,1007.6,29.75,0.0,0.0,69,66,14.6,58.3,8.9,5.5,3.6,9.3,15.0,100.0,36.9,4.0,1.5,19.5,33.4,2,2,06:12 AM,07:45 PM,09:30 PM,08:15 AM,Waxing Gibbous,78
South Korea,Seoul,37.56,126.98,Asia/Seoul,1695407400,2023-09-23 00:00,30.8,87.4,Partly cloudy,5.8,9.4,15,NNE,998.5,29.49,0.0,0.0,38,36,31.9,89.4,8.9,5.5,4.7,8.0,12.8,116.5,84.2,7.4,1.0,17.1,13.4,2,2,06:12 AM,07:45 PM,09:30 PM,08:15 AM,Waxing Gibbous,78
Thailand,Bangkok,13.75,100.5,Asia/Bangkok,1695407400,2023-09-23 00:00,34.5,94.1,Partly cloudy,2.4,3.9,225,SW,1015.5,29.99,0.0,0.0,51,62,36.7,98.1,9.9,6.2,4.7,3.6,5.8,368.3,91.8,28.8,14.3,72.4,113.5,4,8,06:12 AM,07:45 PM,09:30 PM,08:15 AM,Waxing Gibbous,78
Kenya,Nairobi,-1.29,36.82,Africa/Nairobi,1695407400,2023-09-23 00:00,14.8,58.6,Overcast,2.1,3.4,344,NNW,1012.8,29.91,0.0,0.0,94,100,19.2,66.6,7.6,4.7,2.5,3.3,5.3,100.0,36.8,11.1,5.4,19.8,20.7,2,2,06:12 AM,07:45 PM,09:30 PM,08:15 AM,Waxing Gibbous,78
Sweden,Stockholm,59.33,18.06,Europe/Stockholm,1695407400,2023-09-23 00:00,20.3,68.5,Partly cloudy,6.7,10.8,199,SSW,1003.2,29.62,0.0,0.0,50,38,21.9,71.4,7.2,4.5,6.0,9.9,16.0,100.0,69.4,5.0,1.2,9.7,10.5,1,1,06:12 AM,07:45 PM,09:30 PM,08:15 AM,Waxing Gibbous,78
Argentina,Buenos Aires,-34.6,-58.38,America/Argentina/Buenos_Aires,1695407400,2023-09-23 00:00,13.5,56.3,Patchy rain possible,11.5,18.5,207,SSW,1012.0,29.88,1.6,0.06,71,52,15.6,60.1,7.4,4.6,4.3,16.7,26.9,100.0,47.1,8.1,2.6,10.8,27.1,1,2,06:12 AM,07:45 PM,09:30 PM,08:15 AM,Waxing Gibbous,78
United States,New York,40.71,-74.01,America/New_York,1695493800,2023-09-24 00:00,28.8,83.8,Partly cloudy,10.4,16.8,112,ESE,1017.4,30.04,0.0,0.0,59,39,30.4,86.7,7.7,4.8,6.6,18.0,29.0,124.4,90.6,6.6,3.3,25.8,44.8,2,3,06:12 AM,07:45 PM,09:30 PM,08:15 AM,Waxing Gibbous,78
United Kingdom,London,51.51,-0.13,Europe/London,1695493800,2023-09-24 00:00,23.9,75.0,Partly cloudy,1.9,3.0,149,SSE,1003.6,29.64,0.0,0.0,58,49,26.6,79.9,7.7,4.8,5.2,3.2,5.1,130.8,72.2,8.6,4.4,24.6,19.9,2,3,06:12 AM,07:45 PM,09:30 PM,08:15 AM,Waxing Gibbous,78
Japan,Tokyo,35.68,139.69,Asia/Tokyo,1695493800,2023-09-24 00:00,34.4,93.9,Partly cloudy,3.0,4.8,186,S,1006.9,29.73,0.0,0.0,44,44,36.2,97.2,7.9,4.9,4.8,5.1,8.2,100.0,100.3,3.8,1.0,4.8,16.5,1,1,06:12 AM,07:45 PM,09:30 PM,08:15 AM,Waxing Gibbous,78
France,Paris,48.85,2.35,Europe/Paris,1695493800,2023-09-24 00:00,27.9,82.2,Sunny,4.5,7.3,38,NE,1010.6,29.84,0.0,0.0,30,29,28.8,83.8,7.9,4.9,5.8,6.6,10.7,121.0,83.3,17.7,4.8,24.3,32.2,2,3,06:12 AM,07:45 PM,09:30 PM,08:15 AM,Waxing Gibbous,78
India,New Delhi,28.61,77.21,Asia/Kolkata,1695493800,2023-09-24 00:00,40.0,104.0,Partly cloudy,20.0,32.2,298,WNW,1012.6,29.9,0.0,0.0,52,46,40.0,104.0,9.0,5.6,6.3,35.2,56.7,109.7,108.7,10.9,5.0,25.5,28.6,2,3,06:12 AM,07:45 PM,09:30 PM,08:15 AM,Waxing Gibbous,78
Australia,Sydney,-33.87,151.21,Australia/Sydney,1695493800,2023-09-24 00:00,12.4,54.3,Moderate rain,9.8,15.8,7,N,1006.4,29.72,15.0,0.59,81,50,15.2,59.4,5.4,3.4,5.1,15.0,24.1,100.0,49.8,8.5,1.0,15.1,23.1,2,2,06:12 AM,07:45 PM,09:30 PM,08:15 AM,Waxing Gibbous,78
Egypt,Cairo,30.04,31.24,Africa/Cairo,1695493800,2023-09-24 00:00,43.4,110.1,Sunny,1.3,2.1,327,NNW,1022.2,30.19,0.0,0.0,45,11,45.5,113.9,9.3,5.8,6.5,1.8,2.9,329.7,117.1,25.0,8.2,61.8,107.4,4,7,06:12 AM,07:45 PM,09:30 PM,08:15 AM,Waxing Gibbous,78
Singapore,Singapore,1.35,103.82,Asia/Singapore,1695493800,2023-09-24 00:00,32.3,90.1,Partly cloudy,8.1,13.1,242,WSW,1014.2,29.95,0.0,0.0,38,37,33.2,91.8,9.3,5.8,5.7,11.3,18.2,100.0,96.7,2.0,2.9,4.3,8.0,1,1,06:12 AM,07:45 PM,09:30 PM,08:15 AM,Waxing Gibbous,78
Brazil,Rio de Janeiro,-22.91,-43.17,America/Sao_Paulo,1695493800,2023-09-24 00:00,20.9,69.6,Partly cloudy,11.8,19.0,239,WSW,1005.3,29.69,0.0,0.0,61,46,22.4,72.3,9.2,5.7,4.6,18.0,28.9,146.8,70.9,8.9,7.3,25.5,46.3,2,3,06:12 AM,07:45 PM,09:30 PM,08:15 AM,Waxing Gibbous,78
Canada,Toronto,43.65,-79.38,America/Toronto,1695493800,2023-09-24 00:00,27.9,82.2,Partly cloudy,3.9,6.3,180,S,1015.2,29.98,0.0,0.0,54,42,30.1,86.2,9.6,6.0,5.0,6.8,10.9,100.0,76.4,3.6,1.0,9.0,28.0,1,1,06:12 AM,07:45 PM,09:30 PM,08:15 AM,Waxing Gibbous,78
Germany,Berlin,52.52,13.4,Europe/Berlin,1695493800,2023-09-24 00:00,24.9,76.8,Partly cloudy,8.3,13.4,230,SW,1017.6,30.05,0.0,0.0,48,47,26.2,79.2,10.0,6.2,5.1,13.9,22.4,100.0,74.9,5.2,1.0,10.1,16.2,1,2,06:12 AM,07:45 PM,09:30 PM,08:15 AM,Waxing Gibbous,78
United Arab Emirates,Dubai,25.2,55.27,Asia/Dubai,1695493800,2023-09-24 00:00,41.8,107.2,Partly cloudy,3.4,5.4,130,SE,1017.7,30.05,0.0,0.0,37,44,43.2,109.8,9.9,6.2,5.7,5.1,8.2,127.2,115.1,14.3,7.1,24.2,44.7,2,3,06:12 AM,07:45 PM,09:30 PM,08:15 AM,Waxing Gibbous,78
India,Mumbai,19.07,72.88,Asia/Kolkata,1695493800,2023-09-24 00:00,32.5,90.5,Partly cloudy,6.4,10.3,282,WNW,1012.7,29.91,0.0,0.0,64,67,34.9,94.8,8.2,5.1,3.8,9.9,15.9,224.6,88.2,25.7,5.3,46.2,83.8,3,5,06:12 AM,07:45 PM,09:30 PM,08:15 AM,Waxing Gibbous,78
United States,San Francisco,37.77,-122.42,America/Los_Angeles,1695493800,2023-09-24 00:00,18.2,64.8,Moderate rain,7.1,11.4,224,SW,1008.8,29.79,8.2,0.32,75,62,21.0,69.8,5.9,3.7,5.1,8.9,14.3,100.0,62.4,6.4,1.0,18.9,17.7,2,2,06:12 AM,07:45 PM,09:30 PM,08:15 AM,Waxing Gibbous,78
South Africa,Cape Town,-33.92,18.42,Africa/Johannesburg,1695493800,2023-09-24 00:00,11.1,52.0,Overcast,5.5,8.9,16,NNE,1020.1,30.12,0.0,0.0,98,100,15.3,59.5,9.9,6.2,1.4,9.3,14.9,107.1,30.1,5.8,2.0,15.2,15.5,2,2,06:12 AM,07:45 PM,09:30 PM,08:15 AM,Waxing Gibbous,78
South Korea,Seoul,37.56,126.98,Asia/Seoul,1695493800,2023-09-24 00:00,30.5,86.9,Patchy rain possible,15.0,24.1,348,NNW,1008.7,29.79,1.7,0.07,59,39,31.5,88.7,8.9,5.5,6.2,20.6,33.1,100.0,97.0,12.9,2.6,19.8,23.6,2,2,06:12 AM,07:45 PM,09:30 PM,08:15 AM,Waxing Gibbous,78
Thailand,Bangkok,13.75,100.5,Asia/Bangkok,1695493800,2023-09-24 00:00,34.0,93.2,Partly cloudy,6.2,10.0,160,SSE,1012.1,29.89,0.0,0.0,52,38,35.8,96.4,10.0,6.2,6.2,10.4,16.7,243.6,101.3,32.2,7.9,49.9,87.4,3,5,06:12 AM,07:45 PM,09:30 PM,08:15 AM,Waxing Gibbous,78
Kenya,Nairobi,-1.29,36.82,Africa/Nairobi,1695493800,2023-09-24 00:00,16.3,61.3,Partly cloudy,9.1,14.6,34,NE,1018.2,30.07,0.0,0.0,68,50,18.5,65.3,8.3,5.2,4.4,16.0,25.8,100.6,62.1,6.0,1.0,21.0,31.8,2,3,06:12 AM,07:45 PM,09:30 PM,08:15 AM,Waxing Gibbous,78
Sweden,Stockholm,59.33,18.06,Europe/Stockholm,1695493800,2023-09-24 00:00,22.9,73.2,Partly cloudy,3.8,6.1,61,ENE,1013.9,29.94,0.0,0.0,27,31,23.8,74.8,7.7,4.8,5.2,5.8,9.4,100.0,69.3,4.9,2.5,19.6,18.5,2,2,06:12 AM,07:45 PM,09:30 PM,08:15 AM,Waxing Gibbous,78
Argentina,Buenos Aires,-34.6,-58.38,America/Argentina/Buenos_Aires,1695493800,2023-09-24 00:00,7.3,45.1,Patchy rain possible,9.7,15.6,36,NE,1014.0,29.94,3.1,0.12,83,62,10.2,50.4,7.0,4.3,3.3,11.9,19.1,100.0,30.5,2.0,1.0,14.9,9.4,2,2,06:12 AM,07:45 PM,09:30 PM,08:15 AM,Waxing Gibbous,78
United States,New York,40.71,-74.01,America/New_York,1695580200,2023-09-25 00:00,35.2,95.4,Sunny,3.9,6.2,283,WNW,1011.8,29.88,0.0,0.0,34,12,36.4,97.5,9.4,5.8,6.8,6.7,10.8,100.0,99.0,9.2,1.0,14.4,26.6,2,2,06:12 AM,07:45 PM,09:30 PM,08:15 AM,Waxing Gibbous,78
United Kingdom,London,51.51,-0.13,Europe/London,1695580200,2023-09-25 00:00,22.2,72.0,Partly cloudy,10.5,16.9,196,SSW,1009.3,29.8,0.0,0.0,41,41,22.9,73.2,8.1,5.0,4.8,15.8,25.5,100.0,64.9,2.0,1.0,11.6,27.3,1,2,06:12 AM,07:45 PM,09:30 PM,08:15 AM,Waxing Gibbous,78
Japan,Tokyo,35.68,139.69,Asia/Tokyo,1695580200,2023-09-25 00:00,31.9,89.4,Sunny,7.1,11.5,354,N,1012.2,29.89,0.0,0.0,36,24,32.8,91.0,9.8,6.1,7.5,12.6,20.2,100.0,106.1,2.0,1.0,4.3,12.2,1,1,06:12 AM,07:45 PM,09:30 PM,08:15 AM,Waxing Gibbous,78
France,Paris,48.85,2.35,Europe/Paris,1695580200,2023-09-25 00:00,30.3,86.5,Sunny,16.0,25.8,181,S,1009.2,29.8,0.0,0.0,46,13,30.5,86.9,8.7,5.4,7.6,24.9,40.1,100.0,96.2,2.0,1.0,4.0,9.5,1,1,06:12 AM,07:45 PM,09:30 PM,08:15 AM,Waxing Gibbous,78
India,New Delhi,28.61,77.21,Asia/Kolkata,1695580200,2023-09-25 00:00,40.3,104.5,Partly cloudy,2.2,3.6,172,S,1012.8,29.91,0.0,0.0,49,42,42.5,108.5,9.1,5.7,5.4,3.5,5.7,305.2,116.8,20.2,9.4,57.1,84.5,4,6,06:12 AM,07:45 PM,09:30 PM,08:15 AM,Waxing Gibbous,78
Australia,Sydney,-33.87,151.21,Australia/Sydney,1695580200,2023-09-25 00:00,15.9,60.6,Overcast,10.4,16.7,215,SW,1014.0,29.94,0.0,0.0,81,99,18.6,65.5,10.0,6.2,1.8,17.9,28.8,121.2,43.8,23.7,6.9,26.9,27.8,2,3,06:12 AM,07:45 PM,09:30 PM,08:15 AM,Waxing Gibbous,78
Egypt,Cairo,30.04,31.24,Africa/Cairo,1695580200,2023-09-25 00:00,40.2,104.4,Partly cloudy,4.6,7.4,90,E,1013.7,29.93,0.0,0.0,54,61,42.3,108.1,8.4,5.2,4.0,5.9,9.5,269.5,98.1,30.1,9.5,54.5,81.0,3,6,06:12 AM,07:45 PM,09:30 PM,08:15 AM,Waxing Gibbous,78
Singapore,Singapore,1.35,103.82,Asia/Singapore,1695580200,2023-09-25 00:00,33.7,92.7,Partly cloudy,12.3,19.8,27,NNE,1002.9,29.62,0.0,0.0,72,56,35.7,96.3,9.0,5.6,4.2,22.0,35.4,100.0,84.9,2.0,1.0,5.7,8.0,1,1,06:12 AM,07:45 PM,09:30 PM,08:15 AM,Waxing Gibbous,78
Brazil,Rio de Janeiro,-22.91,-43.17,America/Sao_Paulo,1695580200,2023-09-25 00:00,17.9,64.2,Overcast,2.5,4.1,316,NW,1003.7,29.64,0.0,0.0,98,100,22.5,72.5,9.5,5.9,1.7,3.9,6.3,127.7,39.5,7.5,5.4,21.5,20.1,2,3,06:12 AM,07:45 PM,09:30 PM,08:15 AM,Waxing Gibbous,78
Canada,Toronto,43.65,-79.38,America/Toronto,1695580200,2023-09-25 00:00,30.1,86.2,Partly cloudy,4.6,7.4,354,N,1010.4,29.84,0.0,0.0,42,36,31.6,88.9,8.7,5.4,6.3,6.8,11.0,100.0,86.7,4.2,2.7,8.1,12.1,1,1,06:12 AM,07:45 PM,09:30 PM,08:15 AM,Waxing Gibbous,78
Germany,Berlin,52.52,13.4,Europe/Berlin,1695580200,2023-09-25 00:00,27.7,81.9,Sunny,9.6,15.4,104,ESE,1021.9,30.18,0.0,0.0,35,21,28.2,82.8,10.0,6.2,5.2,11.9,19.2,100.0,82.7,2.0,1.2,4.0,8.0,1,1,06:12 AM,07:45 PM,09:30 PM,08:15 AM,Waxing Gibbous,78
United Arab Emirates,Dubai,25.2,55.27,Asia/Dubai,1695580200,2023-09-25 00:00,39.1,102.4,Partly cloudy,6.3,10.1,27,NNE,1009.8,29.82,0.0,0.0,61,45,41.3,106.3,9.7,6.0,5.1,10.7,17.3,100.0,108.3,6.9,1.0,12.1,30.3,2,2,06:12 AM,07:45 PM,09:30 PM,08:15 AM,Waxing Gibbous,78
India,Mumbai,19.07,72.88,Asia/Kolkata,1695580200,2023-09-25 00:00,34.9,94.8,Partly cloudy,20.4,32.9,171,S,1016.3,30.01,0.0,0.0,62,66,35.4,95.7,8.8,5.5,4.5,32.9,52.9,100.0,100.8,8.1,1.0,9.4,27.3,1,1,06:12 AM,07:45 PM,09:30 PM,08:15 AM,Waxing Gibbous,78
United States,San Francisco,37.77,-122.42,America/Los_Angeles,1695580200,2023-09-25 00:00,20.1,68.2,Partly cloudy,2.2,3.6,67,ENE,1023.4,30.22,0.0,0.0,69,75,23.3,73.9,7.4,4.6,3.3,3.8,6.1,100.0,58.7,2.0,1.0,5.1,9.7,1,1,06:12 AM,07:45 PM,09:30 PM,08:15 AM,Waxing Gibbous,78
South Africa,Cape Town,-33.92,18.42,Africa/Johannesburg,1695580200,2023-09-25 00:00,15.0,59.0,Partly cloudy,11.7,18.8,184,S,1015.1,29.98,0.0,0.0,68,70,16.9,62.4,6.4,4.0,3.1,18.7,30.1,104.6,45.8,12.7,3.2,22.5,23.6,2,3,06:12 AM,07:45 PM,09:30 PM,08:15 AM,Waxing Gibbous,78
South Korea,Seoul,37.56,126.98,Asia/Seoul,1695580200,2023-09-25 00:00,27.6,81.7,Overcast,7.3,11.8,105,ESE,1011.2,29.86,0.0,0.0,57,84,29.5,85.1,9.6,6.0,3.4,11.9,19.2,100.0,72.4,6.4,1.0,11.8,26.8,1,2,06:12 AM,07:45 PM,09:30 PM,08:15 AM,Waxing Gibbous,78
Thailand,Bangkok,13.75,100.5,Asia/Bangkok,1695580200,2023-09-25 00:00,36.8,98.2,Partly cloudy,2.0,3.2,93,E,1014.6,29.96,0.0,0.0,56,31,39.3,102.7,9.3,5.8,6.7,2.9,4.7,250.5,114.3,19.4,9.4,55.9,86.5,4,6,06:12 AM,07:45 PM,09:30 PM,08:15 AM,Waxing Gibbous,78
Kenya,Nairobi,-1.29,36.82,Africa/Nairobi,1695580200,2023-09-25 00:00,17.7,63.9,Partly cloudy,8.6,13.8,90,E,1008.5,29.78,0.0,0.0,77,61,20.4,68.7,9.7,6.0,4.8,13.4,21.5,100.0,62.7,2.1,2.8,4.0,8.0,1,1,06:12 AM,07:45 PM,09:30 PM,08:15 AM,Waxing Gibbous,78
Sweden,Stockholm,59.33,18.06,Europe/Stockholm,1695580200,2023-09-25 00:00,21.6,70.9,Partly cloudy,13.0,20.9,223,SW,1012.4,29.9,0.0,0.0,41,73,22.0,71.6,8.6,5.3,3.5,23.0,37.0,100.0,49.9,6.8,3.9,15.7,28.2,2,2,06:12 AM,07:45 PM,09:30 PM,08:15 AM,Waxing Gibbous,78
Argentina,Buenos Aires,-34.6,-58.38,America/Argentina/Buenos_Aires,1695580200,2023-09-25 00:00,15.7,60.3,Partly cloudy,4.0,6.4,279,W,1008.1,29.77,0.0,0.0,88,61,19.6,67.3,6.3,3.9,4.4,6.9,11.1,100.0,51.7,4.5,4.2,16.5,35.2,2,2,06:12 AM,07:45 PM,09:30 PM,08:15 AM,Waxing Gibbous,78
United States,New York,40.71,-74.01,America/New_York,1695666600,2023-09-26 00:00,30.6,87.1,Partly cloudy,19.0,30.5,309,NW,1009.5,29.81,0.0,0.0,41,41,30.2,86.4,9.2,5.7,5.8,26.8,43.1,100.0,88.6,2.0,1.7,9.2,20.1,1,1,06:12 AM,07:45 PM,09:30 PM,08:15 AM,Waxing Gibbous,78
United Kingdom,London,51.51,-0.13,Europe/London,1695666600,2023-09-26 00:00,23.3,73.9,Moderate rain,9.8,15.8,33,NNE,1013.7,29.93,7.8,0.31,67,76,25.4,77.7,5.9,3.7,3.8,16.0,25.7,100.0,71.1,12.3,4.8,17.4,18.5,2,2,06:12 AM,07:45 PM,09:30 PM,08:15 AM,Waxing Gibbous,78
Japan,Tokyo,35.68,139.69,Asia/Tokyo,1695666600,2023-09-26 00:00,31.0,87.8,Partly cloudy,9.8,15.8,246,WSW,1008.9,29.79,0.0,0.0,37,46,31.6,88.9,9.8,6.1,5.3,15.3,24.6,100.0,77.7,7.4,2.6,14.7,34.6,2,2,06:12 AM,07:45 PM,09:30 PM,08:15 AM,Waxing Gibbous,78
France,Paris,48.85,2.35,Europe/Paris,1695666600,2023-09-26 00:00,27.7,81.9,Partly cloudy,2.9,4.6,246,WSW,1003.0,29.62,0.0,0.0,61,41,30.4,86.7,9.8,6.1,5.7,4.2,6.8,100.0,82.5,6.6,2.7,13.6,20.4,2,2,06:12 AM,07:45 PM,09:30 PM,08:15 AM,Waxing Gibbous,78
India,New Delhi,28.61,77.21,Asia/Kolkata,1695666600,2023-09-26 00:00,42.1,107.8,Partly cloudy,5.0,8.0,110,ESE,1019.3,30.1,0.0,0.0,50,73,44.0,111.2,9.0,5.6,4.1,7.0,11.3,256.0,112.4,17.3,9.8,52.6,80.2,3,6,06:12 AM,07:45 PM,09:30 PM,08:15 AM,Waxing Gibbous,78
Australia,Sydney,-33.87,151.21,Australia/Sydney,1695666600,2023-09-26 00:00,14.1,57.4,Overcast,3.1,5.0,169,S,1013.1,29.92,0.0,0.0,74,81,17.4,63.3,8.6,5.3,3.2,4.4,7.1,144.3,46.5,10.6,1.1,28.2,54.2,2,3,06:12 AM,07:45 PM,09:30 PM,08:15 AM,Waxing Gibbous,78
Egypt,Cairo,30.04,31.24,Africa/Cairo,1695666600,2023-09-26 00:00,33.0,91.4,Overcast,5.3,8.6,154,SSE,1010.7,29.85,0.0,0.0,70,88,35.8,96.4,8.5,5.3,3.1,8.0,12.8,264.5,81.2,24.9,6.7,50.6,98.8,3,6,06:12 AM,07:45 PM,09:30 PM,08:15 AM,Waxing Gibbous,78
Singapore,Singapore,1.35,103.82,Asia/Singapore,1695666600,2023-09-26 00:00,33.7,92.7,Partly cloudy,6.0,9.7,137,SE,1016.5,30.02,0.0,0.0,56,58,35.7,96.3,8.7,5.4,5.0,8.7,14.0,100.0,102.7,2.0,1.0,11.3,20.3,1,2,06:12 AM,07:45 PM,09:30 PM,08:15 AM,Waxing Gibbous,78
Brazil,Rio de Janeiro,-22.91,-43.17,America/Sao_Paulo,1695666600,2023-09-26 00:00,20.7,69.3,Partly cloudy,8.6,13.8,259,W,1007.8,29.76,0.0,0.0,77,56,23.4,74.1,10.0,6.2,3.9,13.7,22.0,121.5,66.8,4.6,2.9,20.2,44.1,2,3,06:12 AM,07:45 PM,09:30 PM,08:15 AM,Waxing Gibbous,78
Canada,Toronto,43.65,-79.38,America/Toronto,1695666600,2023-09-26 00:00,28.3,82.9,Sunny,8.6,13.9,241,WSW,1013.3,29.92,0.0,0.0,47,16,29.5,85.1,10.0,6.2,6.1,13.2,21.2,100.0,83.2,10.2,1.5,11.9,10.7,1,2,06:12 AM,07:45 PM,09:30 PM,08:15 AM,Waxing Gibbous,78
Germany,Berlin,52.52,13.4,Europe/Berlin,1695666600,2023-09-26 00:00,25.0,77.0,Partly cloudy,8.0,12.9,161,SSE,1007.6,29.75,0.0,0.0,49,67,26.4,79.5,9.0,5.6,4.7,14.0,22.6,100.0,75.2,2.0,5.3,9.9,18.7,1,1,06:12 AM,07:45 PM,09:30 PM,08:15 AM,Waxing Gibbous,78
United Arab Emirates,Dubai,25.2,55.27,Asia/Dubai,1695666600,2023-09-26 00:00,40.2,104.4,Partly cloudy,5.1,8.2,103,ESE,1006.9,29.73,0.0,0.0,54,63,42.2,108.0,8.0,5.0,5.1,8.3,13.3,100.0,106.6,6.7,1.0,21.3,17.5,2,3,06:12 AM,07:45 PM,09:30 PM,08:15 AM,Waxing Gibbous,78
India,Mumbai,19.07,72.88,Asia/Kolkata,1695666600,2023-09-26 00:00,33.9,93.0,Overcast,15.7,25.2,173,S,1018.0,30.06,0.0,0.0,70,90,35.4,95.7,9.8,6.1,2.6,26.7,42.9,183.4,86.9,10.3,4.3,36.3,71.6,3,4,06:12 AM,07:45 PM,09:30 PM,08:15 AM,Waxing Gibbous,78
United States,San Francisco,37.77,-122.42,America/Los_Angeles,1695666600,2023-09-26 00:00,21.6,70.9,Partly cloudy,8.8,14.2,284,WNW,1013.7,29.93,0.0,0.0,58,72,23.4,74.1,6.9,4.3,3.7,14.2,22.9,100.0,60.0,3.1,2.2,4.0,8.0,1,1,06:12 AM,07:45 PM,09:30 PM,08:15 AM,Waxing Gibbous,78
South Africa,Cape Town,-33.92,18.42,Africa/Johannesburg,1695666600,2023-09-26 00:00,10.3,50.5,Patchy rain possible,17.5,28.1,86,E,1021.5,30.16,2.9,0.11,92,79,12.7,54.9,6.9,4.3,3.1,26.3,42.3,100.0,33.7,5.1,1.0,11.5,28.4,1,2,06:12 AM,07:45 PM,09:30 PM,08:15 AM,Waxing Gibbous,78
South Korea,Seoul,37.56,126.98,Asia/Seoul,1695666600,2023-09-26 00:00,28.3,82.9,Partly cloudy,7.7,12.4,272,W,1003.4,29.63,0.0,0.0,51,50,29.9,85.8,9.5,5.9,4.7,12.2,19.6,100.0,84.9,2.4,1.7,12.0,8.0,2,2,06:12 AM,07:45 PM,09:30 PM,08:15 AM,Waxing Gibbous,78
Thailand,Bangkok,13.75,100.5,Asia/Bangkok,1695666600,2023-09-26 00:00,37.2,99.0,Partly cloudy,15.2,24.4,11,N,1017.6,30.05,0.0,0.0,54,47,37.9,100.2,8.1,5.0,5.2,18.9,30.4,237.3,97.5,20.4,4.5,42.0,78.1,3,5,06:12 AM,07:45 PM,09:30 PM,08:15 AM,Waxing Gibbous,78
Kenya,Nairobi,-1.29,36.82,Africa/Nairobi,1695666600,2023-09-26 00:00,16.8,62.2,Patchy rain possible,10.7,17.2,211,SSW,1022.9,30.21,3.1,0.12,69,59,18.9,66.0,9.5,5.9,4.2,16.6,26.7,100.0,55.5,2.9,1.9,4.0,8.0,1,1,06:12 AM,07:45 PM,09:30 PM,08:15 AM,Waxing Gibbous,78
Sweden,Stockholm,59.33,18.06,Europe/Stockholm,1695666600,2023-09-26 00:00,21.5,70.7,Partly cloudy,6.7,10.8,203,SSW,1010.6,29.84,0.0,0.0,57,42,23.5,74.3,7.0,4.3,5.8,10.9,17.6,100.0,71.0,2.0,2.5,10.7,8.0,1,2,06:12 AM,07:45 PM,09:30 PM,08:15 AM,Waxing Gibbous,78
Argentina,Buenos Aires,-34.6,-58.38,America/Argentina/Buenos_Aires,1695666600,2023-09-26 00:00,16.5,61.7,Partly cloudy,5.7,9.1,48,NE,1013.8,29.94,0.0,0.0,53,71,18.4,65.1,9.1,5.7,3.6,8.8,14.1,111.3,62.9,2.5,4.0,22.7,42.0,2,3,06:12 AM,07:45 PM,09:30 PM,08:15 AM,Waxing Gibbous,78
United States,New York,40.71,-74.01,America/New_York,1695753000,2023-09-27 00:00,30.8,87.4,Sunny,3.5,5.7,346,NNW,1012.3,29.89,0.0,0.0,35,15,32.1,89.8,9.2,5.7,7.5,6.0,9.6,111.8,98.0,15.4,1.0,23.1,26.2,2,3,06:12 AM,07:45 PM,09:30 PM,08:15 AM,Waxing Gibbous,78
United Kingdom,London,51.51,-0.13,Europe/London,1695753000,2023-09-27 00:00,22.3,72.1,Sunny,1.2,2.0,150,SSE,1016.8,30.03,0.0,0.0,53,24,24.8,76.6,9.5,5.9,6.0,1.7,2.7,100.0,76.2,8.7,4.2,18.6,30.5,2,2,06:12 AM,07:45 PM,09:30 PM,08:15 AM,Waxing Gibbous,78
Japan,Tokyo,35.68,139.69,Asia/Tokyo,1695753000,2023-09-27 00:00,35.0,95.0,Sunny,3.2,5.1,32,NNE,1012.7,29.91,0.0,0.0,34,22,36.3,97.3,10.0,6.2,5.8,5.2,8.4,153.2,91.2,9.6,3.7,29.4,56.6,2,3,06:12 AM,07:45 PM,09:30 PM,08:15 AM,Waxing Gibbous,78
France,Paris,48.85,2.35,Europe/Paris,1695753000,2023-09-27 00:00,17.9,64.2,Partly cloudy,6.5,10.4,99,E,1022.8,30.2,0.0,0.0,57,52,19.9,67.8,8.2,5.1,5.2,7.8,12.6,100.0,60.9,2.0,5.7,7.1,9.3,1,1,06:12 AM,07:45 PM,09:30 PM,08:15 AM,Waxing Gibbous,78
India,New Delhi,28.61,77.21,Asia/Kolkata,1695753000,2023-09-27 00:00,38.9,102.0,Partly cloudy,6.8,10.9,71,ENE,1010.6,29.84,0.0,0.0,56,32,40.8,105.4,8.3,5.2,6.4,9.1,14.6,228.3,101.9,14.7,7.1,47.7,74.5,3,5,06:12 AM,07:45 PM,09:30 PM,08:15 AM,Waxing Gibbous,78
Australia,Sydney,-33.87,151.21,Australia/Sydney,1695753000,2023-09-27 00:00,12.4,54.3,Moderate rain,8.4,13.5,121,ESE,1017.2,30.04,5.7,0.22,89,81,15.8,60.4,6.8,4.2,3.4,14.0,22.5,100.0,43.3,2.0,1.0,4.0,19.3,1,1,06:12 AM,07:45 PM,09:30 PM,08:15 AM,Waxing Gibbous,78
Egypt,Cairo,30.04,31.24,Africa/Cairo,1695753000,2023-09-27 00:00,40.9,105.6,Partly cloudy,1.3,2.1,175,S,1025.1,30.27,0.0,0.0,52,36,43.3,109.9,8.7,5.4,5.8,2.3,3.7,334.9,107.5,29.0,8.2,63.6,108.1,4,7,06:12 AM,07:45 PM,09:30 PM,08:15 AM,Waxing Gibbous,78
Singapore,Singapore,1.35,103.82,Asia/Singapore,1695753000,2023-09-27 00:00,28.9,84.0,Partly cloudy,10.3,16.5,180,S,1014.1,29.95,0.0,0.0,74,74,31.3,88.3,9.0,5.6,4.0,12.7,20.5,201.6,75.8,12.4,6.1,31.1,33.2,2,4,06:12 AM,07:45 PM,09:30 PM,08:15 AM,Waxing Gibbous,78
Brazil,Rio de Janeiro,-22.91,-43.17,America/Sao_Paulo,1695753000,2023-09-27 00:00,20.6,69.1,Partly cloudy,19.2,30.9,178,S,1012.0,29.88,0.0,0.0,75,65,21.9,71.4,9.8,6.1,4.3,33.7,54.2,100.0,68.0,6.9,2.1,7.9,15.7,1,1,06:12 AM,07:45 PM,09:30 PM,08:15 AM,Waxing Gibbous,78
Canada,Toronto,43.65,-79.38,America/Toronto,1695753000,2023-09-27 00:00,23.6,74.5,Partly cloudy,11.0,17.7,170,S,1025.4,30.28,0.0,0.0,64,75,25.4,77.7,7.0,4.3,3.0,18.1,29.2,100.0,67.6,2.0,2.6,8.9,10.7,1,1,06:12 AM,07:45 PM,09:30 PM,08:15 AM,Waxing Gibbous,78
Germany,Berlin,52.52,13.4,Europe/Berlin,1695753000,2023-09-27 00:00,25.0,77.0,Partly cloudy,22.3,35.9,171,S,1007.9,29.76,0.0,0.0,39,41,24.1,75.4,10.0,6.2,5.5,35.2,56.6,100.0,89.3,2.4,2.2,5.3,14.3,1,1,06:12 AM,07:45 PM,09:30 PM,08:15 AM,Waxing Gibbous,78
United Arab Emirates,Dubai,25.2,55.27,Asia/Dubai,1695753000,2023-09-27 00:00,44.6,112.3,Partly cloudy,10.3,16.5,1,N,1023.8,30.23,0.0,0.0,44,46,45.5,113.9,9.9,6.2,5.5,16.2,26.1,112.3,119.9,3.3,2.2,22.0,39.3,2,3,06:12 AM,07:45 PM,09:30 PM,08:15 AM,Waxing Gibbous,78
India,Mumbai,19.07,72.88,Asia/Kolkata,1695753000,2023-09-27 00:00,30.9,87.6,Overcast,4.0,6.5,135,SE,1018.5,30.08,0.0,0.0,56,77,33.2,91.8,7.1,4.4,3.3,6.5,10.4,278.0,77.2,14.0,6.7,47.9,70.9,3,5,06:12 AM,07:45 PM,09:30 PM,08:15 AM,Waxing Gibbous,78
United States,San Francisco,37.77,-122.42,America/Los_Angeles,1695753000,2023-09-27 00:00,16.6,61.9,Moderate rain,18.7,30.1,8,N,1011.5,29.87,5.3,0.21,60,46,17.2,63.0,8.4,5.2,5.1,26.0,41.8,100.0,63.1,13.2,4.4,16.7,36.7,2,2,06:12 AM,07:45 PM,09:30 PM,08:15 AM,Waxing Gibbous,78
South Africa,Cape Town,-33.92,18.42,Africa/Johannesburg,1695753000,2023-09-27 00:00,13.0,55.4,Partly cloudy,7.1,11.4,37,NE,1004.3,29.66,0.0,0.0,85,74,16.3,61.3,8.2,5.1,3.2,10.8,17.4,100.0,45.3,13.9,1.0,15.4,8.9,2,2,06:12 AM,07:45 PM,09:30 PM,08:15 AM,Waxing Gibbous,78
South Korea,Seoul,37.56,126.98,Asia/Seoul,1695753000,2023-09-27 00:00,29.8,85.6,Partly cloudy,7.1,11.5,127,SE,1017.1,30.03,0.0,0.0,52,45,31.5,88.7,9.9,6.2,5.0,12.4,19.9,124.8,80.5,7.0,6.0,21.0,23.1,2,3,06:12 AM,07:45 PM,09:30 PM,08:15 AM,Waxing Gibbous,78
Thailand,Bangkok,13.75,100.5,Asia/Bangkok,1695753000,2023-09-27 00:00,35.3,95.5,Partly cloudy,18.5,29.7,314,NW,1013.0,29.91,0.0,0.0,69,53,36.4,97.5,9.0,5.6,4.8,30.9,49.7,181.3,93.4,21.5,6.9,38.8,75.0,3,4,06:12 AM,07:45 PM,09:30 PM,08:15 AM,Waxing Gibbous,78
Kenya,Nairobi,-1.29,36.82,Africa/Nairobi,1695753000,2023-09-27 00:00,16.0,60.8,Patchy rain possible,7.7,12.4,280,W,1014.2,29.95,2.7,0.11,80,59,19.0,66.2,5.6,3.5,3.9,11.8,19.0,100.0,50.3,2.0,1.0,10.4,18.5,1,2,06:12 AM,07:45 PM,09:30 PM,08:15 AM,Waxing Gibbous,78
Sweden,Stockholm,59.33,18.06,Europe/Stockholm,1695753000,2023-09-27 00:00,19.3,66.7,Patchy rain possible,6.5,10.4,57,ENE,1010.3,29.83,3.3,0.13,62,40,21.6,70.9,7.4,4.6,6.0,10.6,17.0,100.0,68.8,11.3,1.9,7.3,16.0,1,1,06:12 AM,07:45 PM,09:30 PM,08:15 AM,Waxing Gibbous,78
Argentina,Buenos Aires,-34.6,-58.38,America/Argentina/Buenos_Aires,1695753000,2023-09-27 00:00,20.0,68.0,Partly cloudy,9.3,14.9,154,SSE,1015.7,29.99,0.0,0.0,58,45,21.7,71.1,10.0,6.2,6.0,12.4,19.9,100.0,70.6,3.7,2.9,17.0,8.0,2,2,06:12 AM,07:45 PM,09:30 PM,08:15 AM,Waxing Gibbous,78
United States,New York,40.71,-74.01,America/New_York,1695839400,2023-09-28 00:00,28.0,82.4,Partly cloudy,14.7,23.7,243,WSW,1004.1,29.65,0.0,0.0,57,62,29.0,84.2,8.7,5.4,3.7,20.6,33.2,119.0,75.8,10.7,1.0,22.2,29.3,2,3,06:12 AM,07:45 PM,09:30 PM,08:15 AM,Waxing Gibbous,78
United Kingdom,London,51.51,-0.13,Europe/London,1695839400,2023-09-28 00:00,31.3,88.3,Sunny,10.1,16.3,288,WNW,1019.7,30.11,0.0,0.0,33,15,31.6,88.9,9.7,6.0,7.2,14.8,23.8,124.0,92.2,13.0,1.0,23.9,52.4,2,3,06:12 AM,07:45 PM,09:30 PM,08:15 AM,Waxing Gibbous,78
Japan,Tokyo,35.68,139.69,Asia/Tokyo,1695839400,2023-09-28 00:00,36.7,98.1,Sunny,5.5,8.9,31,NNE,1008.5,29.78,0.0,0.0,30,18,37.5,99.5,9.6,6.0,8.3,7.8,12.5,100.0,110.7,9.1,3.5,14.1,20.2,2,2,06:12 AM,07:45 PM,09:30 PM,08:15 AM,Waxing Gibbous,78
France,Paris,48.85,2.35,Europe/Paris,1695839400,2023-09-28 00:00,21.1,70.0,Partly cloudy,4.9,7.9,353,N,1017.7,30.05,0.0,0.0,66,67,23.8,74.8,9.0,5.6,3.9,8.5,13.7,106.8,55.9,7.4,4.2,16.4,23.6,2,2,06:12 AM,07:45 PM,09:30 PM,08:15 AM,Waxing Gibbous,78
India,New Delhi,28.61,77.21,Asia/Kolkata,1695839400,2023-09-28 00:00,39.7,103.5,Partly cloudy,4.1,6.6,162,SSE,1011.5,29.87,0.0,0.0,49,61,41.6,106.9,8.5,5.3,4.1,6.1,9.8,334.4,107.5,28.0,9.5,64.0,89.2,4,7,06:12 AM,07:45 PM,09:30 PM,08:15 AM,Waxing Gibbous,78
Australia,Sydney,-33.87,151.21,Australia/Sydney,1695839400,2023-09-28 00:00,9.9,49.8,Partly cloudy,6.1,9.8,22,NNE,1014.8,29.97,0.0,0.0,91,68,13.7,56.7,7.1,4.4,3.7,8.9,14.4,100.0,44.1,2.0,2.6,4.0,8.0,1,1,06:12 AM,07:45 PM,09:30 PM,08:15 AM,Waxing Gibbous,78
Egypt,Cairo,30.04,31.24,Africa/Cairo,1695839400,2023-09-28 00:00,39.0,102.2,Partly cloudy,1.2,2.0,107,ESE,1014.6,29.96,0.0,0.0,51,61,41.4,106.5,9.8,6.1,4.0,1.6,2.5,343.5,102.3,32.7,13.0,65.4,104.0,4,7,06:12 AM,07:45 PM,09:30 PM,08:15 AM,Waxing Gibbous,78
Singapore,Singapore,1.35,103.82,Asia/Singapore,1695839400,2023-09-28 00:00,33.0,91.4,Partly cloudy,3.4,5.4,237,WSW,1018.4,30.07,0.0,0.0,77,47,36.4,97.5,10.0,6.2,5.2,5.2,8.4,123.1,86.2,12.5,1.0,23.0,51.7,2,3,06:12 AM,07:45 PM,09:30 PM,08:15 AM,Waxing Gibbous,78
Brazil,Rio de Janeiro,-22.91,-43.17,America/Sao_Paulo,1695839400,2023-09-28 00:00,20.3,68.5,Partly cloudy,19.0,30.5,33,NNE,1010.8,29.85,0.0,0.0,77,68,21.7,71.1,8.3,5.2,3.8,31.1,50.1,100.0,58.8,3.4,1.0,4.0,8.0,1,1,06:12 AM,07:45 PM,09:30 PM,08:15 AM,Waxing Gibbous,78
Canada,Toronto,43.65,-79.38,America/Toronto,1695839400,2023-09-28 00:00,28.9,84.0,Sunny,7.1,11.5,315,NW,1009.8,29.82,0.0,0.0,29,22,29.4,84.9,9.4,5.8,6.9,8.9,14.4,100.3,80.5,4.5,2.5,23.0,32.7,2,3,06:12 AM,07:45 PM,09:30 PM,08:15 AM,Waxing Gibbous,78
Germany,Berlin,52.52,13.4,Europe/Berlin,1695839400,2023-09-28 00:00,23.1,73.6,Partly cloudy,7.2,11.6,270,W,1017.2,30.04,0.0,0.0,51,33,24.7,76.5,9.3,5.8,6.6,8.8,14.1,100.0,70.0,7.1,1.0,12.0,25.0,2,2,06:12 AM,07:45 PM,09:30 PM,08:15 AM,Waxing Gibbous,78
United Arab Emirates,Dubai,25.2,55.27,Asia/Dubai,1695839400,2023-09-28 00:00,52.9,127.2,Sunny,7.2,11.6,12,NNE,1014.8,29.97,0.0,0.0,35,8,53.7,128.7,8.4,5.2,7.3,8.8,14.2,100.0,142.0,14.6,4.8,17.1,25.9,2,2,06:12 AM,07:45 PM,09:30 PM,08:15 AM,Waxing Gibbous,78
India,Mumbai,19.07,72.88,Asia/Kolkata,1695839400,2023-09-28 00:00,36.9,98.4,Partly cloudy,6.6,10.7,270,W,1009.4,29.81,0.0,0.0,45,62,38.3,100.9,7.9,4.9,4.4,10.0,16.1,278.0,97.9,29.3,4.8,58.6,96.3,4,6,06:12 AM,07:45 PM,09:30 PM,08:15 AM,Waxing Gibbous,78
United States,San Francisco,37.77,-122.42,America/Los_Angeles,1695839400,2023-09-28 00:00,21.0,69.8,Partly cloudy,7.0,11.2,279,W,1014.9,29.97,0.0,0.0,58,66,23.0,73.4,9.0,5.6,4.7,10.6,17.0,100.0,71.7,10.3,1.0,15.5,29.3,2,2,06:12 AM,07:45 PM,09:30 PM,08:15 AM,Waxing Gibbous,78
South Africa,Cape Town,-33.92,18.42,Africa/Johannesburg,1695839400,2023-09-28 00:00,9.7,49.5,Partly cloudy,4.2,6.8,260,W,1005.0,29.68,0.0,0.0,75,58,12.9,55.2,6.7,4.2,4.5,5.7,9.1,100.0,49.0,5.3,5.0,9.9,14.9,1,1,06:12 AM,07:45 PM,09:30 PM,08:15 AM,Waxing Gibbous,78
South Korea,Seoul,37.56,126.98,Asia/Seoul,1695839400,2023-09-28 00:00,28.0,82.4,Partly cloudy,8.6,13.8,0,N,1013.0,29.91,0.0,0.0,80,65,30.9,87.6,8.1,5.0,3.9,13.7,22.0,100.0,81.0,2.0,1.0,5.1,8.0,1,1,06:12 AM,07:45 PM,09:30 PM,08:15 AM,Waxing Gibbous,78
Thailand,Bangkok,13.75,100.5,Asia/Bangkok,1695839400,2023-09-28 00:00,34.2,93.6,Partly cloudy,7.1,11.4,62,ENE,1012.9,29.91,0.0,0.0,54,38,36.0,96.8,8.9,5.5,5.2,11.4,18.3,275.8,99.4,21.8,7.1,53.1,101.4,3,6,06:12 AM,07:45 PM,09:30 PM,08:15 AM,Waxing Gibbous,78
Kenya,Nairobi,-1.29,36.82,Africa/Nairobi,1695839400,2023-09-28 00:00,19.0,66.2,Overcast,6.3,10.1,20,NNE,1009.2,29.8,0.0,0.0,73,77,21.8,71.2,9.1,5.7,3.5,9.4,15.1,100.0,55.8,2.0,1.1,10.3,13.9,1,2,06:12 AM,07:45 PM,09:30 PM,08:15 AM,Waxing Gibbous,78
Sweden,Stockholm,59.33,18.06,Europe/Stockholm,1695839400,2023-09-28 00:00,24.2,75.6,Partly cloudy,8.7,14.0,214,SW,1009.9,29.82,0.0,0.0,33,69,24.7,76.5,9.8,6.1,3.8,11.2,18.0,100.0,68.0,8.9,2.9,14.3,8.0,2,2,06:12 AM,07:45 PM,09:30 PM,08:15 AM,Waxing Gibbous,78
Argentina,Buenos Aires,-34.6,-58.38,America/Argentina/Buenos_Aires,1695839400,2023-09-28 00:00,13.0,55.4,Partly cloudy,5.0,8.1,214,SW,1013.2,29.92,0.0,0.0,64,52,15.6,60.1,8.3,5.2,5.5,9.0,14.5,137.3,50.0,15.5,5.4,24.7,47.9,2,3,06:12 AM,07:45 PM,09:30 PM,08:15 AM,Waxing Gibbous,78
United States,New York,40.71,-74.01,America/New_York,1695925800,2023-09-29 00:00,29.5,85.1,Sunny,4.2,6.8,48,NE,1012.6,29.9,0.0,0.0,32,30,30.6,87.1,8.6,5.3,6.1,5.4,8.7,100.0,85.6,3.6,1.6,12.1,8.0,2,2,06:12 AM,07:45 PM,09:30 PM,08:15 AM,Waxing Gibbous,78
United Kingdom,London,51.51,-0.13,Europe/London,1695925800,2023-09-29 00:00,16.6,61.9,Partly cloudy,11.7,18.8,250,WSW,1008.4,29.78,0.0,0.0,55,52,17.8,64.0,9.5,5.9,4.9,15.1,24.3,100.0,57.3,10.8,3.5,13.1,27.9,2,2,06:12 AM,07:45 PM,09:30 PM,08:15 AM,Waxing Gibbous,78
Japan,Tokyo,35.68,139.69,Asia/Tokyo,1695925800,2023-09-29 00:00,32.8,91.0,Overcast,5.3,8.5,13,NNE,1015.4,29.98,0.0,0.0,66,77,35.4,95.7,8.6,5.3,3.7,8.8,14.1,113.8,91.7,2.0,3.3,14.9,23.1,2,2,06:12 AM,07:45 PM,09:30 PM,08:15 AM,Waxing Gibbous,78
France,Paris,48.85,2.35,Europe/Paris,1695925800,2023-09-29 00:00,26.4,79.5,Partly cloudy,3.3,5.3,139,SE,1022.2,30.19,0.0,0.0,50,65,28.5,83.3,8.5,5.3,3.3,4.3,6.9,100.0,70.8,2.0,2.5,12.4,39.2,2,2,06:12 AM,07:45 PM,09:30 PM,08:15 AM,Waxing Gibbous,78
India,New Delhi,28.61,77.21,Asia/Kolkata,1695925800,2023-09-29 00:00,38.7,101.7,Partly cloudy,17.0,27.3,57,ENE,1010.1,29.83,0.0,0.0,50,45,39.0,102.2,7.4,4.6,5.7,21.7,35.0,187.0,107.5,15.1,2.9,36.4,60.0,3,4,06:12 AM,07:45 PM,09:30 PM,08:15 AM,Waxing Gibbous,78
Australia,Sydney,-33.87,151.21,Australia/Sydney,1695925800,2023-09-29 00:00,16.4,61.5,Patchy rain possible,19.9,32.1,164,SSE,1000.5,29.54,3.2,0.13,71,67,17.4,63.3,6.3,3.9,3.9,32.6,52.4,129.4,53.6,2.0,1.1,18.0,32.9,2,2,06:12 AM,07:45 PM,09:30 PM,08:15 AM,Waxing Gibbous,78
Egypt,Cairo,30.04,31.24,Africa/Cairo,1695925800,2023-09-29 00:00,39.6,103.3,Sunny,17.8,28.6,77,ENE,1008.4,29.78,0.0,0.0,45,27,39.6,103.3,10.0,6.2,6.1,25.7,41.4,267.2,109.5,19.1,4.7,38.5,67.1,3,4,06:12 AM,07:45 PM,09:30 PM,08:15 AM,Waxing Gibbous,78
Singapore,Singapore,1.35,103.82,Asia/Singapore,1695925800,2023-09-29 00:00,28.2,82.8,Partly cloudy,8.5,13.6,247,WSW,1013.7,29.93,0.0,0.0,72,71,30.7,87.3,7.4,4.6,3.5,14.4,23.1,148.0,74.0,16.1,4.6,25.9,29.4,2,3,06:12 AM,07:45 PM,09:30 PM,08:15 AM,Waxing Gibbous,78
Brazil,Rio de Janeiro,-22.91,-43.17,America/Sao_Paulo,1695925800,2023-09-29 00:00,23.4,74.1,Moderate rain,21.9,35.3,268,W,1003.6,29.64,11.8,0.46,74,67,24.3,75.7,3.9,2.4,4.7,32.8,52.8,100.0,73.7,2.0,1.0,4.4,8.0,1,1,06:12 AM,07:45 PM,09:30 PM,08:15 AM,Waxing Gibbous,78
Canada,Toronto,43.65,-79.38,America/Toronto,1695925800,2023-09-29 00:00,25.5,77.9,Partly cloudy,6.4,10.3,167,SSE,1026.6,30.32,0.0,0.0,49,31,27.1,80.8,9.7,6.0,6.1,11.0,17.7,114.6,78.2,10.0,5.4,25.1,31.4,2,3,06:12 AM,07:45 PM,09:30 PM,08:15 AM,Waxing Gibbous,78
Germany,Berlin,52.52,13.4,Europe/Berlin,1695925800,2023-09-29 00:00,25.8,78.4,Partly cloudy,4.2,6.7,83,E,1015.7,29.99,0.0,0.0,48,66,27.7,81.9,10.0,6.2,3.8,6.6,10.6,142.1,79.7,15.4,7.7,21.6,26.5,2,3,06:12 AM,07:45 PM,09:30 PM,08:15 AM,Waxing Gibbous,78
United Arab Emirates,Dubai,25.2,55.27,Asia/Dubai,1695925800,2023-09-29 00:00,43.3,109.9,Partly cloudy,5.4,8.7,33,NNE,1000.9,29.56,0.0,0.0,43,57,44.8,112.6,7.1,4.4,4.5,8.1,13.0,100.0,101.1,2.0,1.0,6.8,24.1,1,1,06:12 AM,07:45 PM,09:30 PM,08:15 AM,Waxing Gibbous,78
India,Mumbai,19.07,72.88,Asia/Kolkata,1695925800,2023-09-29 00:00,32.2,90.0,Partly cloudy,3.0,4.8,169,S,1006.0,29.71,0.0,0.0,55,43,34.6,94.3,8.1,5.0,5.6,4.5,7.2,268.2,91.8,28.1,9.5,58.6,112.2,4,6,06:12 AM,07:45 PM,09:30 PM,08:15 AM,Waxing Gibbous,78
United States,San Francisco,37.77,-122.42,America/Los_Angeles,1695925800,2023-09-29 00:00,18.3,64.9,Partly cloudy,8.1,13.1,179,S,997.1,29.44,0.0,0.0,67,49,20.6,69.1,9.0,5.6,5.3,9.9,16.0,100.0,54.5,12.3,1.0,14.3,18.8,2,2,06:12 AM,07:45 PM,09:30 PM,08:15 AM,Waxing Gibbous,78
South Africa,Cape Town,-33.92,18.42,Africa/Johannesburg,1695925800,2023-09-29 00:00,9.0,48.2,Partly cloudy,24.1,38.8,195,SSW,1020.5,30.14,0.0,0.0,83,69,10.0,50.0,10.0,6.2,3.7,38.5,61.9,100.0,31.3,2.0,1.3,10.8,13.5,1,2,06:12 AM,07:45 PM,09:30 PM,08:15 AM,Waxing Gibbous,78
South Korea,Seoul,37.56,126.98,Asia/Seoul,1695925800,2023-09-29 00:00,33.9,93.0,Partly cloudy,5.9,9.5,120,ESE,1011.4,29.87,0.0,0.0,29,41,34.6,94.3,8.3,5.2,5.8,8.1,13.0,100.0,105.7,5.5,1.0,19.3,31.7,2,2,06:12 AM,07:45 PM,09:30 PM,08:15 AM,Waxing Gibbous,78
Thailand,Bangkok,13.75,100.5,Asia/Bangkok,1695925800,2023-09-29 00:00,35.9,96.6,Moderate rain,11.9,19.2,20,NNE,999.4,29.51,12.2,0.48,64,56,37.6,99.7,7.3,4.5,4.5,21.2,34.1,194.9,94.6,20.5,8.4,40.8,60.6,3,5,06:12 AM,07:45 PM,09:30 PM,08:15 AM,Waxing Gibbous,78
Kenya,Nairobi,-1.29,36.82,Africa/Nairobi,1695925800,2023-09-29 00:00,14.0,57.2,Patchy rain possible,11.9,19.1,241,WSW,1006.9,29.73,0.3,0.01,80,86,16.5,61.7,7.6,4.7,3.1,17.0,27.4,100.0,43.9,3.2,1.0,14.8,25.7,2,2,06:12 AM,07:45 PM,09:30 PM,08:15 AM,Waxing Gibbous,78
Sweden,Stockholm,59.33,18.06,Europe/Stockholm,1695925800,2023-09-29 00:00,22.0,71.6,Partly cloudy,10.7,17.3,229,SW,1023.6,30.23,0.0,0.0,48,56,23.0,73.4,8.1,5.0,4.7,19.0,30.5,135.8,73.3,14.6,5.8,17.6,25.5,2,2,06:12 AM,07:45 PM,09:30 PM,08:15 AM,Waxing Gibbous,78
Argentina,Buenos Aires,-34.6,-58.38,America/Argentina/Buenos_Aires,1695925800,2023-09-29 00:00,8.6,47.5,Patchy rain possible,9.2,14.8,293,WNW,1011.4,29.87,3.6,0.14,91,94,12.0,53.6,7.0,4.3,1.9,14.4,23.2,100.0,32.1,13.1,4.6,14.5,25.4,2,2,06:12 AM,07:45 PM,09:30 PM,08:15 AM,Waxing Gibbous,78
United States,New York,40.71,-74.01,America/New_York,1696012200,2023-09-30 00:00,27.9,82.2,Partly cloudy,10.3,16.6,34,NE,1002.4,29.6,0.0,0.0,48,41,29.0,84.2,9.5,5.9,5.2,17.4,28.0,100.0,81.5,5.7,1.0,5.2,10.0,1,1,06:12 AM,07:45 PM,09:30 PM,08:15 AM,Waxing Gibbous,78
United Kingdom,London,51.51,-0.13,Europe/London,1696012200,2023-09-30 00:00,27.9,82.2,Partly cloudy,15.9,25.6,90,E,1008.7,29.79,0.0,0.0,45,49,28.1,82.6,7.4,4.6,5.5,27.0,43.5,100.0,77.3,2.0,1.0,4.0,8.0,1,1,06:12 AM,07:45 PM,09:30 PM,08:15 AM,Waxing Gibbous,78
Japan,Tokyo,35.68,139.69,Asia/Tokyo,1696012200,2023-09-30 00:00,35.9,96.6,Sunny,4.2,6.8,18,NNE,1010.5,29.84,0.0,0.0,19,9,36.3,97.3,9.5,5.9,7.2,7.5,12.0,129.7,108.8,12.2,4.1,23.2,34.0,2,3,06:12 AM,07:45 PM,09:30 PM,08:15 AM,Waxing Gibbous,78
France,Paris,48.85,2.35,Europe/Paris,1696012200,2023-09-30 00:00,29.3,84.7,Partly cloudy,5.2,8.3,39,NE,1012.9,29.91,0.0,0.0,63,58,31.8,89.2,7.5,4.7,4.6,7.6,12.2,107.3,85.7,8.4,1.0,17.3,33.6,2,2,06:12 AM,07:45 PM,09:30 PM,08:15 AM,Waxing Gibbous,78
India,New Delhi,28.61,77.21,Asia/Kolkata,1696012200,2023-09-30 00:00,35.8,96.4,Partly cloudy,3.7,5.9,15,NNE,1002.1,29.59,0.0,0.0,57,43,38.2,100.8,7.7,4.8,4.9,6.2,9.9,248.6,91.8,26.8,9.7,50.6,72.7,3,6,06:12 AM,07:45 PM,09:30 PM,08:15 AM,Waxing Gibbous,78
Australia,Sydney,-33.87,151.21,Australia/Sydney,1696012200,2023-09-30 00:00,11.3,52.3,Patchy rain possible,9.1,14.7,51,NE,1012.6,29.9,1.5,0.06,90,68,14.6,58.3,7.7,4.8,3.8,15.5,25.0,100.0,43.6,12.4,1.9,17.1,27.3,2,2,06:12 AM,07:45 PM,09:30 PM,08:15 AM,Waxing Gibbous,78
Egypt,Cairo,30.04,31.24,Africa/Cairo,1696012200,2023-09-30 00:00,41.4,106.5,Partly cloudy,8.7,14.0,357,N,1007.9,29.76,0.0,0.0,40,35,42.3,108.1,8.2,5.1,5.6,15.2,24.4,257.2,107.1,18.5,8.5,51.7,86.3,3,6,06:12 AM,07:45 PM,09:30 PM,08:15 AM,Waxing Gibbous,78
Singapore,Singapore,1.35,103.82,Asia/Singapore,1696012200,2023-09-30 00:00,28.9,84.0,Partly cloudy,14.2,22.8,317,NW,1000.8,29.55,0.0,0.0,68,66,30.5,86.9,7.0,4.3,4.0,24.1,38.8,154.7,81.7,9.0,1.5,23.5,30.2,2,3,06:12 AM,07:45 PM,09:30 PM,08:15 AM,Waxing Gibbous,78
Brazil,Rio de Janeiro,-22.91,-43.17,America/Sao_Paulo,1696012200,2023-09-30 00:00,21.4,70.5,Overcast,14.0,22.6,178,S,1015.7,29.99,0.0,0.0,72,78,23.2,73.8,10.0,6.2,2.9,16.9,27.2,100.0,53.9,3.4,3.9,17.0,19.9,2,2,06:12 AM,07:45 PM,09:30 PM,08:15 AM,Waxing Gibbous,78
Canada,Toronto,43.65,-79.38,America/Toronto,1696012200,2023-09-30 00:00,31.0,87.8,Partly cloudy,10.4,16.7,284,WNW,1006.5,29.72,0.0,0.0,55,60,32.4,90.3,9.2,5.7,4.8,12.7,20.4,100.0,90.0,2.0,2.7,7.7,17.2,1,1,06:12 AM,07:45 PM,09:30 PM,08:15 AM,Waxing Gibbous,78
Germany,Berlin,52.52,13.4,Europe/Berlin,1696012200,2023-09-30 00:00,29.6,85.3,Sunny,7.5,12.1,261,W,1013.0,29.91,0.0,0.0,40,29,30.6,87.1,8.8,5.5,6.3,11.3,18.2,100.0,80.2,11.8,1.0,15.9,19.3,2,2,06:12 AM,07:45 PM,09:30 PM,08:15 AM,Waxing Gibbous,78
United Arab Emirates,Dubai,25.2,55.27,Asia/Dubai,1696012200,2023-09-30 00:00,42.3,108.1,Partly cloudy,4.5,7.2,169,S,1012.6,29.9,0.0,0.0,73,62,45.4,113.7,8.5,5.3,4.1,7.5,12.0,100.0,105.0,2.0,3.0,11.6,13.4,1,2,06:12 AM,07:45 PM,09:30 PM,08:15 AM,Waxing Gibbous,78
India,Mumbai,19.07,72.88,Asia/Kolkata,1696012200,2023-09-30 00:00,33.9,93.0,Partly cloudy,12.2,19.7,99,E,1010.8,29.85,0.0,0.0,45,41,34.6,94.3,8.0,5.0,5.0,16.0,25.8,138.7,93.5,3.8,7.4,29.8,31.0,2,3,06:12 AM,07:45 PM,09:30 PM,08:15 AM,Waxing Gibbous,78
United States,San Francisco,37.77,-122.42,America/Los_Angeles,1696012200,2023-09-30 00:00,24.9,76.8,Partly cloudy,7.0,11.2,84,E,1014.3,29.95,0.0,0.0,47,45,26.4,79.5,9.3,5.8,6.4,11.2,18.1,195.6,84.1,14.1,8.1,38.2,46.4,3,4,06:12 AM,07:45 PM,09:30 PM,08:15 AM,Waxing Gibbous,78
South Africa,Cape Town,-33.92,18.42,Africa/Johannesburg,1696012200,2023-09-30 00:00,12.2,54.0,Overcast,5.7,9.2,126,SE,1003.5,29.63,0.0,0.0,77,79,15.3,59.5,10.0,6.2,3.1,8.1,13.1,100.0,45.0,2.0,1.0,4.0,8.0,1,1,06:12 AM,07:45 PM,09:30 PM,08:15 AM,Waxing Gibbous,78
South Korea,Seoul,37.56,126.98,Asia/Seoul,1696012200,2023-09-30 00:00,31.3,88.3,Sunny,15.1,24.3,165,SSE,1006.1,29.71,0.0,0.0,46,18,31.7,89.1,10.0,6.2,6.3,25.4,40.9,103.7,94.0,7.0,3.9,14.5,25.4,2,2,06:12 AM,07:45 PM,09:30 PM,08:15 AM,Waxing Gibbous,78
Thailand,Bangkok,13.75,100.5,Asia/Bangkok,1696012200,2023-09-30 00:00,33.3,91.9,Overcast,12.2,19.7,115,ESE,1011.5,29.87,0.0,0.0,75,80,35.5,95.9,9.4,5.8,3.1,18.9,30.4,189.6,91.6,13.9,5.4,28.3,42.9,2,3,06:12 AM,07:45 PM,09:30 PM,08:15 AM,Waxing Gibbous,78
Kenya,Nairobi,-1.29,36.82,Africa/Nairobi,1696012200,2023-09-30 00:00,18.1,64.6,Patchy rain possible,8.2,13.2,357,N,1007.4,29.75,1.3,0.05,83,69,21.2,70.2,7.6,4.7,3.9,10.7,17.3,100.0,46.9,2.0,1.0,4.0,8.0,1,1,06:12 AM,07:45 PM,09:30 PM,08:15 AM,Waxing Gibbous,78
Sweden,Stockholm,59.33,18.06,Europe/Stockholm,1696012200,2023-09-30 00:00,22.2,72.0,Partly cloudy,5.5,8.8,321,NW,1022.6,30.2,0.0,0.0,60,63,24.5,76.1,9.0,5.6,4.7,7.0,11.2,169.9,67.5,6.7,5.8,25.3,34.8,2,3,06:12 AM,07:45 PM,09:30 PM,08:15 AM,Waxing Gibbous,78
Argentina,Buenos Aires,-34.6,-58.38,America/Argentina/Buenos_Aires,1696012200,2023-09-30 00:00,16.5,61.7,Partly cloudy,4.2,6.8,273,W,1014.9,29.97,0.0,0.0,63,63,19.1,66.4,8.7,5.4,4.5,5.1,8.2,118.9,48.3,17.9,1.0,20.6,26.5,2,3,06:12 AM,07:45 PM,09:30 PM,08:15 AM,Waxing Gibbous,78
